-- phpMyAdmin SQL Dump
-- version 5.0.2
-- https://www.phpmyadmin.net/
--
-- Host: 127.0.0.1
-- Tempo de geração: 23-Out-2020 às 14:14
-- Versão do servidor: 10.4.13-MariaDB
-- versão do PHP: 7.4.8

SET SQL_MODE = "NO_AUTO_VALUE_ON_ZERO";
START TRANSACTION;
SET time_zone = "+00:00";


/*!40101 SET @OLD_CHARACTER_SET_CLIENT=@@CHARACTER_SET_CLIENT */;
/*!40101 SET @OLD_CHARACTER_SET_RESULTS=@@CHARACTER_SET_RESULTS */;
/*!40101 SET @OLD_COLLATION_CONNECTION=@@COLLATION_CONNECTION */;
/*!40101 SET NAMES utf8mb4 */;

--
-- Banco de dados: `monogerador`
--

-- --------------------------------------------------------

--
-- Estrutura da tabela `gerador`
--

CREATE TABLE `gerador` (
  `id` int(10) NOT NULL,
  `descricao` text NOT NULL,
  `fabricante` text NOT NULL,
  `modelo` text NOT NULL,
  `potencia` text NOT NULL,
  `hora_trabalho` text NOT NULL,
  `foto` longtext CHARACTER SET utf8mb4 COLLATE utf8mb4_bin DEFAULT NULL CHECK (json_valid(`foto`)),
  `ip` text DEFAULT NULL,
  `telefone` varchar(20) DEFAULT NULL,
  `data_manutencao` date DEFAULT NULL,
  `id_grupo` int(10) DEFAULT NULL,
  `create_ut` datetime DEFAULT NULL,
  `update_ut` timestamp NULL DEFAULT current_timestamp() ON UPDATE current_timestamp(),
  `delete_ut` datetime DEFAULT NULL,
  `estado` tinyint(1) NOT NULL
) ENGINE=InnoDB DEFAULT CHARSET=utf8;

--
-- Extraindo dados da tabela `gerador`
--

INSERT INTO `gerador` (`id`, `descricao`, `fabricante`, `modelo`, `potencia`, `hora_trabalho`, `foto`, `ip`, `telefone`, `data_manutencao`, `id_grupo`, `create_ut`, `update_ut`, `delete_ut`, `estado`) VALUES
(1, 'Gerador Ag Fazenda', 'Volvo', 'VP450', '450', '345', NULL, '172.17.65.50', NULL, '2020-04-20', 3, '2020-10-03 23:46:29', '2020-10-06 02:17:20', '2006-10-20 01:17:20', 0),
(2, 'funcional', 'penta', 'BW500', '500', '254', NULL, '172.44.34.12', NULL, '2020-09-15', 4, NULL, '2020-10-15 13:34:39', '2015-10-20 12:34:39', 0),
(8, 'Teste de Gerador', 'sdaerwsad', 'VP450', '543', '222', NULL, '172.17.65.55', NULL, '2020-10-05', 4, '2005-10-20 11:56:19', '2020-10-06 00:56:19', NULL, 1),
(9, 'administrador', 'Volvo', 'VP450', '543', '234', NULL, '172.17.65.50', NULL, '2020-10-07', 3, '2005-10-20 11:58:56', '2020-10-06 00:58:56', NULL, 1),
(10, 'Gerador BSK', 'penta', 'BW5001', '500', '254', NULL, '172.44.34.12', NULL, '2020-09-15', 4, '2006-10-20 12:02:46', '2020-10-06 01:18:40', NULL, 1),
(11, 'Teste de Gerador', 'qual', 'VP450', '543', '222', NULL, '172.17.65.55', NULL, '2020-10-05', 4, '2006-10-20 12:03:05', '2020-10-06 01:03:05', NULL, 1),
(12, 'Teste de Gerador', 'quale', 'VP450', '543', '222', NULL, '172.17.65.55', NULL, '2020-10-05', 4, '2006-10-20 12:07:26', '2020-10-06 02:16:19', '2006-10-20 01:16:19', 0);

-- --------------------------------------------------------

--
-- Estrutura da tabela `grupo`
--

CREATE TABLE `grupo` (
  `id` int(10) NOT NULL,
  `nome` varchar(30) NOT NULL,
  `local` varchar(30) NOT NULL,
  `descricao` text NOT NULL,
  `create_ut` datetime DEFAULT current_timestamp() ON UPDATE current_timestamp(),
  `update_ut` timestamp NULL DEFAULT current_timestamp() ON UPDATE current_timestamp(),
  `delete_ut` datetime DEFAULT current_timestamp() ON UPDATE current_timestamp(),
  `estado` tinyint(1) NOT NULL
) ENGINE=InnoDB DEFAULT CHARSET=utf8;

--
-- Extraindo dados da tabela `grupo`
--

INSERT INTO `grupo` (`id`, `nome`, `local`, `descricao`, `create_ut`, `update_ut`, `delete_ut`, `estado`) VALUES
(3, 'Sede', '', 'dgfgshbrrvaesatv', '2020-10-03 23:01:08', '2020-10-04 00:01:08', '2020-10-03 23:01:08', 1),
(4, 'Fazenda', 'Fazenda', 'Admin Fazenda', '2020-10-03 00:06:12', '2020-10-03 01:06:12', '2020-10-03 00:06:12', 1),
(5, 'Sede1', '', 'sss1', '2020-10-03 23:01:15', '2020-10-04 00:01:15', '2020-10-03 23:01:15', 1),
(6, 'tuca', 'tuca', 'Tuca', '2020-10-03 00:17:02', '2020-10-03 01:17:02', '2003-10-20 12:17:02', 0),
(7, 'sdfdfsdf', '', 'sfdfgreefcr', '2020-10-03 00:02:54', '2020-10-03 01:02:54', '2020-10-03 00:02:54', 1);

-- --------------------------------------------------------

--
-- Estrutura da tabela `grupo_acesso`
--

CREATE TABLE `grupo_acesso` (
  `id` int(10) NOT NULL,
  `id_utilizador` int(10) NOT NULL,
  `id_grupo` int(10) NOT NULL
) ENGINE=InnoDB DEFAULT CHARSET=utf8;

--
-- Extraindo dados da tabela `grupo_acesso`
--

INSERT INTO `grupo_acesso` (`id`, `id_utilizador`, `id_grupo`) VALUES
(3, 1, 7),
(4, 26, 7),
(5, 1, 4),
(6, 26, 4),
(7, 27, 4);

-- --------------------------------------------------------

--
-- Estrutura da tabela `historico_gerador`
--

CREATE TABLE `historico_gerador` (
  `id` int(10) NOT NULL,
  `id_gerador` int(10) DEFAULT NULL,
  `estado` tinyint(1) DEFAULT NULL,
  `avariado` tinyint(1) DEFAULT NULL,
  `data` date DEFAULT current_timestamp()
) ENGINE=InnoDB DEFAULT CHARSET=utf8;

-- --------------------------------------------------------

--
-- Estrutura da tabela `justificativa`
--

CREATE TABLE `justificativa` (
  `id` int(10) NOT NULL,
  `id_temp_vida` int(10) NOT NULL,
  `estado` text NOT NULL,
  `evento` text NOT NULL,
  `causa` text NOT NULL,
  `solucao` text NOT NULL,
  `data_update` timestamp NOT NULL DEFAULT current_timestamp() ON UPDATE current_timestamp(),
  `id_utilizador` int(10) NOT NULL
) ENGINE=InnoDB DEFAULT CHARSET=utf8;

-- --------------------------------------------------------

--
-- Estrutura da tabela `perfilutilizador`
--

CREATE TABLE `perfilutilizador` (
  `id` int(10) NOT NULL,
  `nome` varchar(30) DEFAULT NULL,
  `descricao` text DEFAULT NULL,
  `create_ut` datetime DEFAULT NULL,
  `update_ut` timestamp NULL DEFAULT current_timestamp() ON UPDATE current_timestamp(),
  `delete_ut` datetime DEFAULT NULL,
  `estado` smallint(5) DEFAULT 1
) ENGINE=InnoDB DEFAULT CHARSET=utf8;

--
-- Extraindo dados da tabela `perfilutilizador`
--

INSERT INTO `perfilutilizador` (`id`, `nome`, `descricao`, `create_ut`, `update_ut`, `delete_ut`, `estado`) VALUES
(10, 'Administrador', 'Adminsitrador com todas as permissões do sistema', '2020-08-28 19:48:47', '2020-10-19 23:03:44', '2020-08-28 19:48:47', 1),
(12, 'normal', 'normal', '2020-08-27 14:19:25', '2020-10-19 23:03:53', '2020-08-27 14:19:25', 1),
(14, 'Anilton Fortes', 'Administrador pode adicionar novos geradores', '2020-08-28 19:45:18', '2020-10-19 23:04:00', '2020-08-28 19:45:18', 1),
(18, 'teste 1', 'teste 1', '2020-08-28 22:24:41', '2020-08-29 01:16:15', '2029-08-20 12:16:15', 0),
(20, 'osvaldo', 'balão', '2020-08-28 22:27:05', '2020-08-29 01:16:19', '2029-08-20 12:16:19', 0),
(21, 'joão', 'belo', NULL, '2020-08-29 01:16:22', '2029-08-20 12:16:22', 0),
(22, 'Administrador', 'Admin', NULL, '2020-09-29 00:04:00', '2028-09-20 11:04:00', 0),
(23, 'Normal', 'Normal', '2020-08-28 19:45:18', '2020-10-03 22:54:44', '2003-10-20 09:54:44', 0),
(24, 'teste', 'aaaa', '2020-08-28 19:45:18', '2020-08-29 01:31:02', '2029-08-20 12:31:02', 0),
(25, 'eew', 'ewewe', '2020-08-28 19:45:18', '2020-08-29 01:31:05', '2029-08-20 12:31:05', 0),
(26, 'dd', 'dd', '0000-00-00 00:00:00', '2020-08-29 01:33:32', '2029-08-20 12:33:32', 0),
(27, 'f', 'f', '0000-00-00 00:00:00', '2020-08-29 01:33:38', '2029-08-20 12:33:38', 0),
(28, 'fff', 'ffff', '2029-08-20 02:35:56', '2020-08-29 01:33:41', '2029-08-20 12:33:41', 0),
(29, 'r', 'r', '2029-08-20 02:38:26', '2020-08-29 01:33:44', '2029-08-20 12:33:44', 0),
(30, 'falou', 'td', '2029-08-20 02:44:31', '2020-08-29 01:33:47', '2029-08-20 12:33:47', 0),
(31, 'ff', 'ff', '2029-08-20 02:49:48', '2020-08-29 01:33:50', '2029-08-20 12:33:50', 0),
(32, 'xxx', NULL, '0000-00-00 00:00:00', '2020-08-29 01:33:53', '2029-08-20 12:33:53', 0),
(33, 'xx', 'xxxx', '2020-08-28 23:53:49', '2020-08-29 01:30:19', '2029-08-20 12:30:19', 0),
(34, 'fuuuta', 'paooo', '2029-08-20 03:03:59', '2020-08-29 01:16:32', '2029-08-20 12:16:32', 0),
(35, 'lopes', 'lopes', '2029-08-20 03:08:06', '2020-08-29 01:16:30', '2029-08-20 12:16:30', 0),
(37, 'admin', 'admin local', '2002-10-20 09:55:44', '2020-10-19 23:03:35', '2003-10-20 10:37:16', 1);

-- --------------------------------------------------------

--
-- Estrutura da tabela `perfil_permissao`
--

CREATE TABLE `perfil_permissao` (
  `id` int(10) NOT NULL,
  `id_perf_util` int(10) NOT NULL,
  `id_per` int(10) NOT NULL,
  `create_ut` datetime DEFAULT current_timestamp() ON UPDATE current_timestamp(),
  `update_ut` timestamp NULL DEFAULT current_timestamp() ON UPDATE current_timestamp(),
  `delete_ut` datetime DEFAULT current_timestamp() ON UPDATE current_timestamp()
) ENGINE=InnoDB DEFAULT CHARSET=utf8;

--
-- Extraindo dados da tabela `perfil_permissao`
--

INSERT INTO `perfil_permissao` (`id`, `id_perf_util`, `id_per`, `create_ut`, `update_ut`, `delete_ut`) VALUES
(48, 23, 4, '2020-10-01 09:57:29', '2020-10-01 10:57:29', '2020-10-01 09:57:29'),
(49, 23, 6, '2020-10-01 09:57:29', '2020-10-01 10:57:29', '2020-10-01 09:57:29'),
(50, 37, 4, '2020-10-19 22:04:53', '2020-10-19 23:04:53', '2020-10-19 22:04:53');

-- --------------------------------------------------------

--
-- Estrutura da tabela `permissoes`
--

CREATE TABLE `permissoes` (
  `id` int(10) NOT NULL,
  `nome` varchar(30) DEFAULT NULL,
  `descrisao` text NOT NULL,
  `create_ut` datetime DEFAULT current_timestamp() ON UPDATE current_timestamp(),
  `update_ut` timestamp NULL DEFAULT current_timestamp() ON UPDATE current_timestamp(),
  `delete_ut` datetime DEFAULT current_timestamp() ON UPDATE current_timestamp()
) ENGINE=InnoDB DEFAULT CHARSET=utf8;

--
-- Extraindo dados da tabela `permissoes`
--

INSERT INTO `permissoes` (`id`, `nome`, `descrisao`, `create_ut`, `update_ut`, `delete_ut`) VALUES
(4, 'utilizadores', 'Modulo Utilizadores', '2020-09-03 16:30:49', '2020-09-03 17:30:49', '2020-09-03 16:30:49'),
(5, 'utilizadores_perfil', 'Acesso a perfil de utilizador', '2020-09-03 16:32:10', '2020-09-03 17:32:10', '2020-09-03 16:32:10'),
(6, 'utilizadores_perfil_registar', 'Registar perfil de utilizador', '2020-09-03 16:32:39', '2020-09-03 17:32:39', '2020-09-03 16:32:39'),
(7, 'utilizadores_perfil_editar', 'Editar perfil de utilizador', '2020-09-03 16:32:55', '2020-09-03 17:32:55', '2020-09-03 16:32:55'),
(8, 'utilizadores_perfil_eliminar', 'Eliminar perfil de utilizador', '2020-09-03 16:33:16', '2020-09-03 17:33:16', '2020-09-03 16:33:16'),
(9, 'utilizadores_perfil_permissoes', 'Adicionar permissões a perfil de utilizador', '2020-09-03 16:33:58', '2020-09-03 17:33:58', '2020-09-03 16:33:58');

-- --------------------------------------------------------

--
-- Estrutura da tabela `tempo_vida`
--

CREATE TABLE `tempo_vida` (
  `id` int(10) NOT NULL,
  `id_gerador` int(10) NOT NULL,
  `datatempo_inicial` datetime DEFAULT current_timestamp() ON UPDATE current_timestamp(),
  `datatempo_final` datetime DEFAULT current_timestamp() ON UPDATE current_timestamp(),
  `tempo_vida` float DEFAULT NULL,
  `tipo` tinyint(1) DEFAULT NULL,
  `descrever` tinyint(1) DEFAULT NULL
) ENGINE=InnoDB DEFAULT CHARSET=utf8;

-- --------------------------------------------------------

--
-- Estrutura da tabela `utilizador`
--

CREATE TABLE `utilizador` (
  `departamento` char(30) NOT NULL,
  `id` int(15) NOT NULL,
  `username` varchar(30) NOT NULL,
  `password` varchar(256) NOT NULL,
  `nome` varchar(50) NOT NULL,
  `foto` longtext DEFAULT NULL,
  `telefone` int(20) NOT NULL,
  `email` varchar(40) NOT NULL,
  `create_ut` datetime NOT NULL DEFAULT current_timestamp(),
  `updade_ut` timestamp NOT NULL DEFAULT current_timestamp() ON UPDATE current_timestamp(),
  `delete_ut` datetime NOT NULL DEFAULT current_timestamp() ON UPDATE current_timestamp(),
  `id_perfil_permission` int(10) NOT NULL,
  `funcao` char(30) NOT NULL,
  `numero_funcionario` int(10) NOT NULL,
  `estado` tinyint(1) NOT NULL
) ENGINE=InnoDB DEFAULT CHARSET=utf8;

--
-- Extraindo dados da tabela `utilizador`
--

INSERT INTO `utilizador` (`departamento`, `id`, `username`, `password`, `nome`, `foto`, `telefone`, `email`, `create_ut`, `updade_ut`, `delete_ut`, `id_perfil_permission`, `funcao`, `numero_funcionario`, `estado`) VALUES
('IT', 1, 'pedro', '12345', 'Pedro Mendes', 'iVBORw0KGgoAAAANSUhEUgAAAgAAAAIACAYAAAD0eNT6AAAAGXRFWHRTb2Z0d2FyZQBBZG9iZSBJbWFnZVJlYWR5ccllPAAAE3BJREFUeNrs3e11FEcWBuAebQArInATgaUIPERgHIGHCCwiACIARcAQAXIEjCNAGwGzESAn0LNdqAcwC/rsj+q6z3POnPHZH3vWV71z375VXV1VAAAAAAAAAAAAAAAAAAAAAAAAAAAAAAAAAAAAAAAAAAAAAAAAAAAAAAAAAAAAAAAAAAAAAAAAAAAAAAAAAAAAAAAAAAAAAAAAAAAAAAAAAAAAAAAAAAAAAAAAAAAAAAAAAAAAAAAAAAAAAAAAAAAAAAAAAAAAAAAAAAAAAAAAAAAAd7RQAijPwcHiqP06vO9/T9PsNqoJAgAwbVNPDX3f2I+6//iX7rvuPkO6aD/n3T+n77/bz3b/acPC1l8JBADg/o1+2X5+6hr7cib/88+7QPCf7p/PBQMQAIDvN/x9s/+5+64L+1dMk4NNFwo2lhVAAICoDX9/R/9r930YsAwpBPzZBYJzVwUIAFBy03/cfn6vvqzfc2nbfs7azxthAAQA0PRjh4FTewdAAIC5Nf5l+/VH1/y5u/MuCKyVAgQAyLnxr9qvZ1V5m/imljYRnrafV20YuFAOEAAgh6afNvCddHf8hyoyuDQNeGF5AAQAmLL5n3R3/Br/+F6YCIAAAGM3/rS2/7Iy6p/ap6WBNgQ8VwoQAGDIxp8a/utqPqfyRbFtP08cMAS3/E1TArhR80/j/veaf5ZSMHvX/o1ednsyABMAcNdvGgCYAMDtmv9jd/2znQY8VwowAYC7NP+0ye9EJWYtTQF+86QACABwk8af1pDfuusvxrYLAd4xAN/+3ikBfG7+6bz+d5p/UerqcknA3xRMAODK5m8XebmeeK8ACACg+QsBIACA5q/5CwEgAIDmjxAAAgAU2fxT0/+g+Yf2yIFBhP4dVAKCNn93/rztpkBgAgBBAkB6zv+xSlBdnhNw7LAgTACg/Ob/XPPnK3V1efAThPMvJSBQ819Wly/2gX+EgEVrt/t0dDCEYQmAKM3fpj+uY1MgsX4XlYAgXmv+XHeNdEERBAAo5O4/rflb9+c6dft5pgxEYQmA0pu/0T+3ZSkAEwAowEvNnztcMyAAwIzv/tMhLyuV4JaO2mvnRBkonSUASg4A6bS/pUpwB+lgoIcOCMIEAObX/JeaP/eQlo1MATABgBkGgLTxr1YJTAHABIA4zX+l+WMKACYAxAsA1v4xBQATAII1/6XmjykAmAAQLwB41S+9TwGaZvdAGTABgHybf635M8QUoNtXAgIAZOoPJWAgvysBpbEEQEkTgI+VY38ZTtoMuFUGTAAgr+b/WPNnYCZMCACQoV+VgIHZX0JRLAFQwt1/uvP/qBKM4LhpdufKgAkAuDMjFpsBEQAgI78oAcIm3I4lAOafYu3+Z1yWATABgAya/1LzxxQABADisfufsVlyogiWAJj7BOB9+3WkEozsgTcEYgIA0zX/Q82fiSyVAAEA/AgTj+CJAAB+hAnIPgBmzx4A5pteDxbvTAGYStPs/H5iAgAmAAQMoK4/BACY4Me3rjz/jwAKAgB+fGFkPysBAgAIALgGQQCAEdiFjQAAAgABWf9n8muwO4wKBABw94XrEAQAGOaivXwCAHLgWkQAAD+6uBZBAIAhGbuSC48CIgDAiGy8wrUIAgAB/aQEZKJWAgQA8KOLaxEEAAAgX15nyfxS68Fipwpk5LhpdufKgAkAQCw2AiIAAAACAPR/wToFEBMAEAAISQAgNw6mQgAAAAQAAEAAAAAEAABAAAAABAD4kaUSkBmvBEYAAAjIOQAIAACAAAAACAAAgAAAAAgAcEMXSkBmtkqAAADDO1cCMvNfJUAAAAAEAABAAAAABAAAQAAAAAQA+IGtEpAZT6YgAMDQmmYnAJAbZ1MgAAAAAgAAIABAb6y54noEAYCArLmSjabZuR4RAAAAAQCGslUCMmH8jwAAI/L2NXJh/I8AAAAIADCkjRKQib+UAAEAABAAYEA2XuFaBAGAaDx3TUZciwgAMLKtEuA6BAEAP7wwOm+nRAAAAQDXIAgAMAKHASEAgABAQHZf4xoEAYCA7L5man8rAXO2UAJmm14PFjtVYEKPmma3UQZMAMAUANcfCAAwAmuwTKa9+3f9IQCAAIBrDwQAGItHAZnKVgkQAMBdGPH8RwkQAEAAwLUHAgCMpXsroJ3YTGGrBAgA4E6MeOHTdYcAABP7SwkY2UYJEABgelslwDUHAgDxGMUyNk8AIADA1KzFInTC3XgZEPNPsQeLd+3XUiUYKXT63cQEANyR4VoDAQCmYk0WAQAEAALaKAEj8dgpAgDkoml228qJgJgAgACAKQAM4MJTJwgAkB/7AHD3DwIAJgDQO+v/FMXzrJSTZg8WO1VgQI+aZidoIgBAhgHAgUAMxgFAFPebqQQUxIiWobjzRwAAP9IIlzB/RlqUlWjtA2AY1v8RACDzAGAfAL2z/k+Rv5dKQGGMaumbO38EAJiBMyWgZ38qASUy1qK8VHuw+Nh+HaoEPTl2BDAmADAPGyWgJ87/RwCAGTGypS+WlBAAwASAgGwqpVj2AFBmsj1YvG+/jlSCe3rQNLsLZcAEAEwBiONc80cAgPl5owTck70kFM0SAOWmW48Dcj8e/8MEAGbKDm7uaqv5IwDAfBnhIjzCD1gCoOyE6+2A3I23/2ECAO7kCOZC80cAgPmzDIDQCAIAfsxBaITEHgDKT7kHi7ft12OV4AbS+P+BMmACAO7oiMXECAEA/KgjLIIAALPVnee+VgmukQ7/ERYRAMCdHcFo/oRiEyBx0q53A3A1Z/9jAgDu8AjG2f8IAFCwUyXAtQGXLAEQK/EeLD60X7VK8I2HTbPbKgMmAOBOjzjONH8EACjfWgn4hidECMkSAPFSr6OB+cLRv5gAQCBvlIDOWgkwAYBYUwCbAUls/sMEAEwBCGaj+SMAQDyvlEAIVAIEAAjGC4LCSyf/+fsjAIA7QPztIRabAImdgA8W79uvI5UI50E3BQITAAjKyYDxrDV/MAEAjwTG47W/YAIAn1gPjmOj+YMJAOwnAIftV5oCHKpG8R61AWCjDGACAB4JjGOr+YMAAN+yGbB8L5QAvrAEAPs0fLB43X6tVKLYu/+HygACAHwvANTV5V4AyvPEyX8gAIApgLt/EACUAEwB3P2DAABCgCmAu38QAMAUAHf/IACAKQDu/kEAAFMA3P2DAACmALj7BwEAZh8AvCNgvn5rA8CZMsAVv3FKAN/XvSPAEcHzs9H8wQQA+pgCvG8/tWrMhjf+gQkA9DIF8BKZ+Vhr/mACAH1OAtIU4EglspbC2nEbALZKASYA0JenSpC9U80fTABgiCmAxwLz5bE/EABgsADgscB82fgHt/1NUwK4GRsCs3Wm+YMJAIwxCXjXfi1VIgs2/oEJAIzGhsB8vND8QQCAUbQN57yyFJCDdOLfK2WAu7EEAHdNz84GmJLRP5gAwGSeKMFkjP5BAIBpWAqYjNE/9MASANw3RVsKGJPRP5gAQDZ+6xoTw3uq+YMJAOQ0BVi1X69VYlDnbfM/VgYwAYBstI1p3X6tVWJQpiwgAECW0gFB58oACAAQawqQ7lA9GjicWgmgP/YAQN+p+mCxU4XBQpbfLDABgCybv7tUQACAgASAYQPWUhVAAIAcHSoBIABAPE4EHJYJAAgAkKWflWBQPykBCACQo1oJ1BfmwCM10Gei9gjg4DwKCCYAkFvzX6qCOoMAAPFoTOOw0RIEAMjKL0qgzjAX1tKgjyR9sEjP/39UiXHYBwAmAJCLx0owauBSbxAAIAu/KoF6w5wYo8H970br9uuDSowqvXr5YfcKZsAEACaxUoLRpT0XlgHABAAmnQB8rLwEaArbptk9VAYwAYApmv+J5j+Zuq3/ShnABADGbv6p8X8QAEwBwAQAYnmt+WcxBXiuDGACAGPd/a+6AEAejptmd64MIADAkM0/nUX/zt1/VrZdCPBYINz0t0wJQPMvQJ3+Lt2+DEAAgF6b/0rzz9pRFwK8LRAEAOil8aeNZm8rm/7mFAJOlAKuZg8A/Ljxp2afGskfGv8sbdrPi6bZbZQCBADQ+OM5az9P2yCwVQoQAEDjj2fdTQQEARAA4PPb/FLTX2n8YYLAG0sDCAAQt/Gnt8n9XnmrXFQpAJy2QeBMKRAAIMbd/qpr/LWKUF0eIvSm/bxykBACAJTV9Pfvjk9Nf6kiXGHdfv40FUAAgHk3fiN+7jsVWNs0iAAA82n6v3ZN34Y++pBeMnTafs4sESAAgKZPTGlp4E9hAAEANH2EAWEAAQA0fYQBYQABADR9hAEQAEDTRxgAAQA0fYQBEADQ9FUEYQAEADR9iGJdOX0QAQBNH8K62E8GhAEEADR9EAaEAQQAsm/6R9Xl2fsrTR96DQPr9vOmDQPnyoEAQG5NP93p1yoCg9p2k4FTLylCAGCKpl9XX16ve6QiMIk0DUhvLDwTBhAAGLLpH37V9JcqAlnZ7xdYKwUCAH01/v1mvpVqQPb2mwfTfoGNciAAcNumX7dff1TW9WHOtu3ntLJEgADANU1/P+JPjd+6PpRlPxXwSCECAJ8b/9FXd/se3YOy7R8p9BQBAoC7fXf7ENSmmwqslUIAoPzGX7dfz9ztA19Jk4D0OOHaVEAAoLzGv6o8vgdcb3/I0EYpBADm2/TTHf5J1/hrFQFuORV4YXlAAGBejT81e2N+oA9p02B6lNDygABAxo1/WX3ZzQ/Qt3U3FRAEBAAyafz73fxL1QBGsOmCwEYpBACmafyr6nLUX6sGIAggAGj8AGNKbyU8tWFQAEDjB2LaVp4cEADQ+IHQQeCp9w4IANy98S/br5eVo3qBedpU9ggIANy68ac7/qVqAIIAAkD5jb/uGv9KNYACrSvnCAgA/KPx74/sTc/yO7kPKN2rLghcKIUAELn5ryob/IB4LroQ8EopBIBojT9t7Esb/JaqAQSWzhB4an+AABCh8e/H/c9UA+CzdRcELAsIAEU2/3S3/7oy7gf4HssCAkCRd/2p8XtLH8D10rLAkzYInCvFwP1JCQZt/qnpf9D8AW4s7ZF63/5+PlcKEwB3/QAxbbtpwEYpBIA5NP+UXt9W1voB+pL2BpgICABZN/9Vdfl4nwN9APqV9gT85iTBHnuWEvTW/FPjf635AwxivzfA0qoJQFbNPzX+lUoAjOKpxwUFgKkbv81+ANNYtyHgiTIIAFM1/3fV5VgKgAlCQOUEQQFgggDwXvMHmFzaHPhICLhDH1OCOzX/15o/QBbSb/G7biqLCcDgzX+lEgB5TQKaZnesDCYAQzX/E80fIM9JQHeDhglA780/7fR/qxIAWfN0gADQa/P/tMZUOeQHYA6cEyAA9NL8Pe4HMD/p2OAzZRAA7hMAbPoDmJ/0WOCxdwdc0d+U4Mrmv9L8AWYpTW/fejzQBOAuzb9uv95X1v0B5symQAHg1gEgrfsvVQJg9uwHEABu3PzT8/4vVQKgCGk/wEPHBQsA1zX/ujL6ByjNpg0Aj5Thq36nBP/npeYPUJxlt7EbE4Dv3v077Q+gXJYCTACuvPsHoEyHfucFgO/d/T9vv2qVACjaqv29XyqDJYB980+p8ENl7R8gAq8ONgH47JnmDxDGkQ2BJgD7x/4++P8DQCjb6vJdAWE3BJoAXN79AxBLuvk7MQFw9w9APKEfC4w+AXD3DxDXYeQpQNgJgLt/ACJPASJPAFauewBTgKhTgJATAM/9A/D1FKBpdg9MAOLc/Wv+AHyaAkQ8FyDqBCDd/deueQA626bZPTQBKLv5P9b8AfhGHe0dARGXAH53nQMQvT+EWgLw6B8A13gQ5ZHAaBOAx65tAK6wMgEocwJg8x8AVwmzGTDMBKBt/keaPwDXqLt+IQAUxOY/APSLTpglAON/AG4oxDJAiAmA8T8AtxBiGSDKEoDxPwD6xldCLAEY/wNwS8UvAxQfABz+A8AdPWxDwLbY/hjgD+jwHwD0j4AB4BfXMAD6xz9FWALYuYYBuIum2RXbJ4ueAER7tSMA+ogAcEkAAEAfCRgArP8DoI98R9F7AKz/A3Bfpe4DKHYCYP0fAP0kYACorP8DoJ+EDAA/u2YB0E/iBYAj1ywA+sn3lbmx4WBx2H59dM0C0JMHTbO7MAGQ1gAwBRAAMrR0rQKgr8QLADYAAqCvBAwAtWsVAH3lx0rdBOgEQAB6VdqJgMVNAJwACMBA/aWojYAlLgEcukwBGEAtAOTNI4AA6C8BA4AnAADQXwIGAEsAAOgv1yjuKQBPAAAwlJKeBBAAACBgAChqCcAjgADoMwEDAAAQMwCYAACgz5gAAAARAoAzAADQZwIGAGcAAKDPBAwAAMANlPVqQ2cAADCwUs4CEAAAQAAQAAAgQgAoZg+AUwAB0G8CBgAAQAAAAAQAAKDUALD05wRAvzEBAAAEAABAAAAAAQAAEAAAAAEAABAAAAABIBv/9ucEgHgB4MifEwDiBYBzf04AiBcA/vbnBIB4AQAAAAAAAAAAAAAAAAAAAAAAAAAAAAAAAAAAAAAAAAAAAAAAAAAAAAAAAAAAAAAAAAAAAAAAAAAAAAAAAAAAAAAAAAAAAAAAAAAAAAAAAAAAAAAAAAAAAAAAAAAAAAAAAAAAAAAAAAAAAAAAAAAAAAAAAAAAAAAAAAAAAAAAAAAAABjZ/wQYAGVy88shRG24AAAAAElFTkSuQmCC', 9123456, 'pedro@gmail.com', '2020-09-30 14:51:56', '2020-10-19 23:04:15', '2020-10-19 22:04:15', 10, 'Admin', 3232343, 1);
INSERT INTO `utilizador` (`departamento`, `id`, `username`, `password`, `nome`, `foto`, `telefone`, `email`, `create_ut`, `updade_ut`, `delete_ut`, `id_perfil_permission`, `funcao`, `numero_funcionario`, `estado`) VALUES
('IT', 2, 'anilton.fortes', '12345', 'Anilton Fortes', '/9j/4AAQSkZJRgABAQAAAQABAAD/2wBDAAEBAQEBAQEBAQEBAQEBAQEBAQEBAQEBAQEBAQEBAQEBAQEBAQEBAQEBAQEBAQEBAQEBAQEBAQEBAQEBAQEBAQH/2wBDAQEBAQEBAQEBAQEBAQEBAQEBAQEBAQEBAQEBAQEBAQEBAQEBAQEBAQEBAQEBAQEBAQEBAQEBAQEBAQEBAQEBAQH/wAARCAKmA0gDASIAAhEBAxEB/8QAHwAAAQUBAQEBAQEAAAAAAAAAAAECAwQFBgcICQoL/8QAtRAAAgEDAwIEAwUFBAQAAAF9AQIDAAQRBRIhMUEGE1FhByJxFDKBkaEII0KxwRVS0fAkM2JyggkKFhcYGRolJicoKSo0NTY3ODk6Q0RFRkdISUpTVFVWV1hZWmNkZWZnaGlqc3R1dnd4eXqDhIWGh4iJipKTlJWWl5iZmqKjpKWmp6ipqrKztLW2t7i5usLDxMXGx8jJytLT1NXW19jZ2uHi4+Tl5ufo6erx8vP09fb3+Pn6/8QAHwEAAwEBAQEBAQEBAQAAAAAAAAECAwQFBgcICQoL/8QAtREAAgECBAQDBAcFBAQAAQJ3AAECAxEEBSExBhJBUQdhcRMiMoEIFEKRobHBCSMzUvAVYnLRChYkNOEl8RcYGRomJygpKjU2Nzg5OkNERUZHSElKU1RVVldYWVpjZGVmZ2hpanN0dXZ3eHl6goOEhYaHiImKkpOUlZaXmJmaoqOkpaanqKmqsrO0tba3uLm6wsPExcbHyMnK0tPU1dbX2Nna4uPk5ebn6Onq8vP09fb3+Pn6/9oADAMBAAIRAxEAPwD+/Ik5PJ6nufWkyfU/maG6n6n+dJQB5749JxpXJ63vc/8ATpXnWT6n8zXonj3ppX1vf5WledUAOBORyeo7n1r6HyfU/ma+d16j6j+dfQ9AC5PqfzNeeePScaVyet73P/TpXoVeeePemlfW9/laUAed5PqfzNKCcjk9R3PrTaVeo+o/nQB9EZPqfzNGT6n8zSUUAee+PScaVyet73P/AE6V51k+p/M16J496aV9b3+VpXnVADgTkcnqO59a+h8n1P5mvndeo+o/nX0PQAuT6n8zXnnj0nGlcnre9z/06V6FXnnj3ppX1vf5WlAHneT6n8zSgnI5PUdz602lXqPqP50AfRGT6n8zRk+p/M0lFAHnvj0nGlcnre9z/wBOledZPqfzNeiePemlfW9/laV51QA4E5HJ6jufWvofJ9T+Zr53XqPqP519D0ALk+p/M15549JxpXJ63vc/9OlehV55496aV9b3+VpQB53k+p/M0oJyOT1Hc+tNpV6j6j+dAH0Rk+p/M0ZPqfzNJRQB5749JxpXJ63vc/8ATpXnWT6n8zXonj3ppX1vf5WledUAOBORyeo7n1r6HyfU/ma+d16j6j+dfQ9AC5PqfzNeeePScaVyet73P/TpXoVeeePemlfW9/laUAed5PqfzNKCcjk9R3PrTaVeo+o/nQB9EZPqfzNGT6n8zSUUAee+PScaVyet73P/AE6V51k+p/M16J496aV9b3+VpXnVADgTkcnqO59a+h8n1P5mvndeo+o/nX0PQAuT6n8zXnnj0nGlcnre9z/06V6FXnnj3ppX1vf5WlAHneT6n8zSgnI5PUdz602lXqPqP50AfRGT6n8zRk+p/M0lFAHnvj0nGlcnre9z/wBOledZPqfzNeiePemlfW9/laV51QA4E5HJ6jufWvofJ9T+Zr53XqPqP519D0ALk+p/M15549JxpXJ63vc/9OlehV55496aV9b3+VpQB53k+p/M0oJyOT1Hc+tNpV6j6j+dAH0Rk+p/M0ZPqfzNJRQB5749JxpXJ63vc/8ATpXnWT6n8zXonj3ppX1vf5WledUAOBORyeo7n1r6HyfU/ma+d16j6j+dfQ9AC5PqfzNeeePScaVyet73P/TpXoVeeePemlfW9/laUAed5PqfzNKCcjk9R3PrTaVeo+o/nQB9EZPqfzNGT6n8zSUUAee+PScaVyet73P/AE6V51k+p/M16J496aV9b3+VpXnVADgTkcnqO59a+h8n1P5mvndeo+o/nX0PQAuT6n8zXnnj0nGlcnre9z/06V6FXnnj3ppX1vf5WlAHneT6n8zSgnI5PUdz602lXqPqP50AfRGT6n8zRk+p/M0lFAHnvj0nGlcnre9z/wBOledZPqfzNeiePemlfW9/laV51QA4E5HJ6jufWvofJ9T+Zr53XqPqP519D0ALk+p/M15549JxpXJ63vc/9OlehV55496aV9b3+VpQB53k+p/M0oJyOT1Hc+tNpV6j6j+dAH0Rk+p/M0ZPqfzNJRQB5749JxpXJ63vc/8ATpXnWT6n8zXonj3ppX1vf5WledUAOBORyeo7n1r6HyfU/ma+d16j6j+dfQ9AC5PqfzNeeePScaVyet73P/TpXoVeeePemlfW9/laUAed5PqfzNKCcjk9R3PrTaVeo+o/nQB9EZPqfzNGT6n8zSUUAee+PScaVyet73P/AE6V51k+p/M16J496aV9b3+VpXnVADgTkcnqO59aKReo+o/nRQB6KfHoyf8AiVHqf+X0ev8A16Un/Cej/oFH/wADR/8AIledt1P1P86SgD0bjxuO+mf2Yf8Ar8877Z/4C+X5f2X/AG92/wDh28p/wgQ/6Cp/8Ah/8l0eAumq/Wy/ld16HQB54PAQBB/tU8c/8eQ/+S6D49AJH9lHjj/j9H/yJXodfPDdT9T/ADoA9E/4T0f9Ao/+Bo/+RKXjxuO+mf2Yf+vzzvtn/gL5fl/Zf9vdv/h28+c16L4C6ar9bL+V3QAf8IEP+gqf/AIf/JdA8BAEH+1Txz/x5D/5Lr0OigDzw+PQCR/ZR44/4/R/8iUf8J6P+gUf/A0f/Iledt1P1P8AOkoA9G48bjvpn9mH/r8877Z/4C+X5f2X/b3b/wCHbyn/AAgQ/wCgqf8AwCH/AMl0eAumq/Wy/ld16HQB54PAQBB/tU8c/wDHkP8A5LoPj0Akf2UeOP8Aj9H/AMiV6HXzw3U/U/zoA9E/4T0f9Ao/+Bo/+RKXjxuO+mf2Yf8Ar8877Z/4C+X5f2X/AG92/wDh28+c16L4C6ar9bL+V3QAf8IEP+gqf/AIf/JdA8BAEH+1Txz/AMeQ/wDkuvQ6KAPPD49AJH9lHjj/AI/R/wDIlH/Cej/oFH/wNH/yJXnbdT9T/OkoA9G48bjvpn9mH/r8877Z/wCAvl+X9l/292/+Hbyn/CBD/oKn/wAAh/8AJdHgLpqv1sv5Xdeh0AeeDwEAQf7VPHP/AB5D/wCS6D49AJH9lHjj/j9H/wAiV6HXzw3U/U/zoA9E/wCE9H/QKP8A4Gj/AORKXjxuO+mf2Yf+vzzvtn/gL5fl/Zf9vdv/AIdvPnNei+Aumq/Wy/ld0AH/AAgQ/wCgqf8AwCH/AMl0DwEAQf7VPHP/AB5D/wCS69DooA88Pj0Akf2UeOP+P0f/ACJR/wAJ6P8AoFH/AMDR/wDIledt1P1P86SgD0bjxuO+mf2Yf+vzzvtn/gL5fl/Zf9vdv/h28p/wgQ/6Cp/8Ah/8l0eAumq/Wy/ld16HQB54PAQBB/tU8c/8eQ/+S6D49AJH9lHjj/j9H/yJXodfPDdT9T/OgD0T/hPR/wBAo/8AgaP/AJEpePG476Z/Zh/6/PO+2f8AgL5fl/Zf9vdv/h28+c16L4C6ar9bL+V3QAf8IEP+gqf/AACH/wAl0DwEAQf7VPHP/HkP/kuvQ6KAPPD49AJH9lHjj/j9H/yJR/wno/6BR/8AA0f/ACJXnbdT9T/OkoA9G48bjvpn9mH/AK/PO+2f+Avl+X9l/wBvdv8A4dvKf8IEP+gqf/AIf/JdHgLpqv1sv5Xdeh0AeeDwEAQf7VPHP/HkP/kug+PQCR/ZR44/4/R/8iV6HXzw3U/U/wA6APRP+E9H/QKP/gaP/kSl48bjvpn9mH/r8877Z/4C+X5f2X/b3b/4dvPnNei+Aumq/Wy/ld0AH/CBD/oKn/wCH/yXQPAQBB/tU8c/8eQ/+S69DooA88Pj0Akf2UeOP+P0f/IlH/Cej/oFH/wNH/yJXnbdT9T/ADpKAPRuPG476Z/Zh/6/PO+2f+Avl+X9l/292/8Ah28p/wAIEP8AoKn/AMAh/wDJdHgLpqv1sv5Xdeh0AeeDwEAQf7VPHP8Ax5D/AOS6D49AJH9lHjj/AI/R/wDIleh188N1P1P86APRP+E9H/QKP/gaP/kSl48bjvpn9mH/AK/PO+2f+Avl+X9l/wBvdv8A4dvPnNei+Aumq/Wy/ld0AH/CBD/oKn/wCH/yXQPAQBB/tU8c/wDHkP8A5Lr0OigDzw+PQCR/ZR44/wCP0f8AyJR/wno/6BR/8DR/8iV523U/U/zpKAPRuPG476Z/Zh/6/PO+2f8AgL5fl/Zf9vdv/h28p/wgQ/6Cp/8AAIf/ACXR4C6ar9bL+V3XodAHng8BAEH+1Txz/wAeQ/8Akug+PQCR/ZR44/4/R/8AIleh188N1P1P86APRP8AhPR/0Cj/AOBo/wDkSl48bjvpn9mH/r8877Z/4C+X5f2X/b3b/wCHbz5zXovgLpqv1sv5XdAB/wAIEP8AoKn/AMAh/wDJdA8BAEH+1Txz/wAeQ/8AkuvQ6KAPPD49AJH9lHjj/j9H/wAiUf8ACej/AKBR/wDA0f8AyJXnbdT9T/OkoA9G48bjvpn9mH/r8877Z/4C+X5f2X/b3b/4dvKf8IEP+gqf/AIf/JdHgLpqv1sv5Xdeh0AeeDwEAQf7VPHP/HkP/kug+PQCR/ZR44/4/R/8iV6HXzw3U/U/zoA9E/4T0f8AQKP/AIGj/wCRKXjxuO+mf2Yf+vzzvtn/AIC+X5f2X/b3b/4dvPnNei+Aumq/Wy/ld0AH/CBD/oKn/wAAh/8AJdA8BAEH+1Txz/x5D/5Lr0OigDzw+PQCR/ZR44/4/R/8iUf8J6P+gUf/AANH/wAiV523U/U/zpKAPRuPG476Z/Zh/wCvzzvtn/gL5fl/Zf8Ab3b/AOHbyn/CBD/oKn/wCH/yXR4C6ar9bL+V3XodAHng8BAEH+1Txz/x5D/5LoPj0Akf2UeOP+P0f/Ileh188N1P1P8AOgD0T/hPR/0Cj/4Gj/5EpePG476Z/Zh/6/PO+2f+Avl+X9l/292/+Hbz5zXovgLpqv1sv5XdAB/wgQ/6Cp/8Ah/8l0DwEAQf7VPHP/HkP/kuvQ6KAPPD49AJH9lHjj/j9H/yJR/wno/6BR/8DR/8iV523U/U/wA6SgD0bjxuO+mf2Yf+vzzvtn/gL5fl/Zf9vdv/AIdvKf8ACBD/AKCp/wDAIf8AyXR4C6ar9bL+V3XodAHng8BAEH+1Txz/AMeQ/wDkug+PQCR/ZR44/wCP0f8AyJXodfPDdT9T/OgD0T/hPR/0Cj/4Gj/5EpePG476Z/Zh/wCvzzvtn/gL5fl/Zf8Ab3b/AOHbz5zXovgLpqv1sv5XdAB/wgQ/6Cp/8Ah/8l0DwEAQf7VPHP8Ax5D/AOS69DooA88Pj0Akf2UeOP8Aj9H/AMiUf8J6P+gUf/A0f/Iledt1P1P86SgD0bjxuO+mf2Yf+vzzvtn/AIC+X5f2X/b3b/4dvKf8IEP+gqf/AACH/wAl0eAumq/Wy/ld16HQB56PAQyP+Jqeo/5ch6/9fdFehr1H1H86KAPngg5PB6nsfWkwfQ/ka+iG6n6n+dJQB554CBA1XIxzZdf+3uvQ6888ekgaVg45ven/AG6V53k+p/M0AfQ9fPLA5PB6nsfWhScjk9R3PrX0NQB88YPofyNeieAgQNVyMc2XX/t7r0OvPPHpIGlYOOb3p/26UAeh0V88ZPqfzNKpORyeo7n1oAGByeD1PY+tJg+h/I19D0UAeeeAgQNVyMc2XX/t7r0OvPPHpIGlYOOb3p/26V53k+p/M0AfQ9fPLA5PB6nsfWhScjk9R3PrX0NQB88YPofyNeieAgQNVyMc2XX/ALe69Drzzx6SBpWDjm96f9ulAHodFfPGT6n8zSqTkcnqO59aABgcng9T2PrSYPofyNfQ9FAHnngIEDVcjHNl1/7e69Drzzx6SBpWDjm96f8AbpXneT6n8zQB9D188sDk8Hqex9aFJyOT1Hc+tfQ1AHzxg+h/I16J4CBA1XIxzZdf+3uvQ6888ekgaVg45ven/bpQB6HRXzxk+p/M0qk5HJ6jufWgAYHJ4PU9j60mD6H8jX0PRQB554CBA1XIxzZdf+3uvQ6888ekgaVg45ven/bpXneT6n8zQB9D188sDk8Hqex9aFJyOT1Hc+tfQ1AHzxg+h/I16J4CBA1XIxzZdf8At7r0OvPPHpIGlYOOb3p/26UAeh0V88ZPqfzNKpORyeo7n1oAGByeD1PY+tJg+h/I19D0UAeeeAgQNVyMc2XX/t7r0OvPPHpIGlYOOb3p/wBulea3F1BaxST3VxFbQRI0ks08qQxRooJZ3kkZURVAJZmIAAJJppOTUYptt2SSbbb2SS1bfZEylGEXOcoxjFNylJqMYpattuySS3bdkfRtfPLA5PB6nsfWvn3xh+1Z+zx4CMi+I/i74PjngJE1lpOpjxHqETL1SXT/AA8mqXsb+iPArH0wa8x8Zf8ABXj9mvQfNh8L6L8QvG9wufJns9GsdE0qTH9651rUrbUYw3G3GjucZ3BSAD9vk/hrx/n6hLKeEM/xVKp8GJll2Iw2El6YzFRoYXqm/wB7omnsz8d4s+kN4G8Dyq0+J/FbgfLsTRv7XAQz/A5hmkOXdSyrLKuMzFO+iTwusrxV2mj7PwfQ/ka9E8BAgarkY5suv/b3X4keK/8AgtB4mnMkfgj4I6JpoGRFdeJ/FV9rJk5+V5LLS9M0PyuwMa383fEvIx8xeNf+Cp37UfjB0a3n8CeFEh83yU8P+FjNsEuzOW8RahrxdhsXBbjPO3HFfpGW/Rm8VMcovEZflOUKX/QxzjDTcU+so5YsxkvNW5ls0mrH89cQftFfozZLKpHAZ5xPxTKF1/wgcKZhShNrdQqcQvIYS10UrqD3Ummm/wCpekJA6kD6kD+dfx46z+21+1Lrpc3nxh8RQb85GkW+j6Eoz2UaNptjtx2xyMda811H9oL47asSdR+MnxPuwf4JvHXiVohnqFi/tIRoD3CqB7V9ng/okcVzSeP4p4ewz05lhaOY41La9nVoYG/XdLbzPyXNP2pfhhRlJZN4a8d5hFX5JZliuH8pb7c0cNjs5Ub+Up28z+tBnQE5dRyerAd/c0zzYv8AnpH/AN9r/jX8g978R/iFqRLah458X3zN943fiTWLgnnPJlvHJ5rnZdZ1edt8+qajM/8Aflvbl2/FmkJPQd69ul9EHEtL23HtCD6qlw5Uqrzs551S/I+OxP7VjL4y/wBk8EcZWjfR4nj+jhpW015aXB+LV99Oa22rP7XvAU8IGq5miHNl1kT/AKe/evQ/OhPSaI/9tE/xr+FRbu7V963Nwrkkl1mkDknOTuDA5OTk55yc1cg1zWrY5t9X1OA5zmG/uoznjukoPYfkPStJfRAnb3fECLdtpcLuKv6riGWnnb5HND9q1TbXtfAucY31cPEmM2lpqoy4EppvfTmVtNWf3QiWM9JEP0dT/WvnwgknAPU9vev5AbL4kfEPTSDp/jvxhYleVNp4l1i3IOc5BhvEIOecivRdK/ak/aR0Qr/Zvx3+LUCJjbA3j7xNcW3GMZtbnUpbc9McxHI46V52I+iJnUU/qnGmV1n0WIyrF4ZPbd08Virddk+h9BgP2qXCNRx/tPwi4kwkftPAcTZZmDXdxjiMtyxS9HKPqf1cYPofyNeieAgQNVyMc2XX/t7r+V/Qf+CiH7Ynh0oLT4z6texpjMet6J4W13zFH8Ly6tol3cDI4LJMj+jCvWrH/gqv+00PsieIbb4feKEtt4L3/hy70+5kWTy9+JND1fTIEc+WNrG1dVyf3bdK+Wx30VfEbDKUsJjuGcxivhhRzDG4etLyccXl1GjFvp+/ku7R+k5J+008AMxcIZrk3iLw/N29pVxeR5Rj8LBvrGplef4vFTiureCg+0Wf1E0V/O54Z/4KzzDy4vGPwfRunm33hzxU8eOmdmmajpMmc8kbtVGMYOc5H0l4R/4Kafs3a+Yk1yfxl4KlYqJG1zw+1/ao2RkrN4butamaMf33tYmwMlBxn4DNvA3xVydSliODsxxVON/fyqphM35kusaWW4jE4jXopUYy/u7H7nwx9M/6MvFbp08D4sZBl1apZOjxLRzPhb2cnb3Z4jiDA5fgtL6zhip0t/faR+hbA5PB6nsfWkwfQ/ka0fAv7Tv7PnxKEC+CvjD4B1m6uNvlaYPENhYay2/G0HRdSls9VXJIUbrMfN8v3uK90V0cBkZXU8hlYMCPUEEg1+aY/LMyyus8NmeX43LsQr3oY7C18JWVnZ3pYinTno9/dP6IyXiLh/iXCRx/Due5Pn+Bmk443JczwWaYWSkuaNsRga9ek7rVWnqtTz7wECBquRjmy6/9vdeh15549JA0rBxze9P+3SvO8n1P5muE9k+h6+eWByeD1PY+tCk5HJ6jufWvoagD54wfQ/ka9E8BAgarkY5suv8A2916HXnnj0kDSsHHN70/7dKAPQ6K+eMn1P5mlUnI5PUdz60ADA5PB6nsfWkwfQ/ka+h6KAPPPAQIGq5GObLr/wBvdeh15549JA0rBxze9P8At0rzvJ9T+ZoA+h6+eWByeD1PY+tCk5HJ6jufWvoagD54wfQ/ka9E8BAgarkY5suv/b3XodeeePSQNKwcc3vT/t0oA9Dor54yfU/maVScjk9R3PrQAMDk8Hqex9aTB9D+Rr6HooA888BAgarkY5suv/b3XodeeePSQNKwcc3vT/t0rzvJ9T+ZoA+h6+eWByeD1PY+tCk5HJ6jufWvoagD54wfQ/ka9E8BAgarkY5suv8A2916HXnnj0kDSsHHN70/7dKAPQ6K+eMn1P5mlUnI5PUdz60ADA5PB6nsfWkwfQ/ka+h6KAPPPAQIGq5GObLr/wBvdeh15549JA0rBxze9P8At0rzvJ9T+ZoA+h6+eWByeD1PY+tCk5HJ6jufWvoagD54wfQ/ka9E8BAgarkY5suv/b3XodeeePSQNKwcc3vT/t0oA9Dor54yfU/maVScjk9R3PrQAMDk8Hqex9aTB9D+Rr6HooA888BAgarkY5suv/b3XodeeePSQNKwcc3vT/t0rzvJ9T+ZoA+iF6j6j+dFfPAJyOT1Hc+tFAH0O3U/U/zpK89Pj0ZP/EqPU/8AL6PX/r0pP+E9H/QKP/gaP/kSgA8e9NK+t7/K0rzqvRuPG476Z/Zh/wCvzzvtn/gL5fl/Zf8Ab3b/AOHbyn/CBD/oKn/wCH/yXQB52vUfUfzr6HrzweAgCD/ap45/48h/8l0Hx6ASP7KPHH/H6P8A5EoA9Drzzx700r63v8rSj/hPR/0Cj/4Gj/5EpePG476Z/Zh/6/PO+2f+Avl+X9l/292/+HbyAec0q9R9R/OvRP8AhAh/0FT/AOAQ/wDkugeAgCD/AGqeOf8AjyH/AMl0Aeh0V54fHoBI/so8cf8AH6P/AJEo/wCE9H/QKP8A4Gj/AORKADx700r63v8AK0rzqvRuPG476Z/Zh/6/PO+2f+Avl+X9l/292/8Ah28p/wAIEP8AoKn/AMAh/wDJdAHna9R9R/OvoevPB4CAIP8Aap45/wCPIf8AyXQfHoBI/so8cf8AH6P/AJEoA9Drzzx700r63v8AK0o/4T0f9Ao/+Bo/+RKXjxuO+mf2Yf8Ar8877Z/4C+X5f2X/AG92/wDh28gHnNKvUfUfzr0T/hAh/wBBU/8AgEP/AJLoHgIAg/2qeOf+PIf/ACXQB6HRXnh8egEj+yjxx/x+j/5Eo/4T0f8AQKP/AIGj/wCRKADx700r63v8rSvOq9G48bjvpn9mH/r8877Z/wCAvl+X9l/292/+Hbyn/CBD/oKn/wAAh/8AJdAHna9R9R/OvoevPB4CAIP9qnjn/jyH/wAl0Hx6ASP7KPHH/H6P/kSgD0OvPPHvTSvre/ytKP8AhPR/0Cj/AOBo/wDkSl48bjvpn9mH/r8877Z/4C+X5f2X/b3b/wCHbyAec0q9R9R/OvRP+ECH/QVP/gEP/kugeAgCD/ap45/48h/8l0Aeh0V54fHoBI/so8cf8fo/+RKP+E9H/QKP/gaP/kSgA8e9NK+t7/K0rzqvRuPG476Z/Zh/6/PO+2f+Avl+X9l/292/+Hbyn/CBD/oKn/wCH/yXQB52vUfUfzr6HrzweAgCD/ap45/48h/8l0Hx6ASP7KPHH/H6P/kSgD0OvPPHvTSvre/ytKP+E9H/AECj/wCBo/8AkSszWdb0XVtNutY1/VtO8I6R4ejae91PVr22isIobrG6W5vLuSwt7WOH7MNzySFT5gyVxzUITqTjTpwlOpOShCEIuU5zk0oxjGKcpSk2kopNttJK5nWrUsPSqV69WnRoUYSq1a1acadKlThFynUqVJuMIQhFOUpyajGKbbSRxtKvUfUfzr4M+Nv/AAUU/Z3+GRu9L8DaxqHxg8R25eIR+G7VdP8AC8U6EjbceKb2R4riNuCk+iWGswOCR5qkEV+V3xV/4KH/ALQ3xGNzZ6LrVr8NtCm3olj4Oia31QxHO03HiK6abVRcKCQZdNk0uNuvkAgY/bOEPo++I/FapYieVx4ey6pyyWN4glPBTlB681HL406mYzbjrB1MNRozurVkrtfx34qfTr+j94YyxOBpcSVOPM+w/PB5PwNCjm9KnWjdKGKz2dfD5DRUaicK8KOYYrGUOWXNg5SUYS/p++Inxn+FHwmsjf8AxI+IPhTwfD5bSxRa1rNnbX92q5yLDTDK2o6hJ8rYisrWeU7ThDg1+cXxS/4K9/Ajwsbmz+GvhnxV8Tr+LesN9JGvhDw3MRkKy3mpw3OuFdwyQ3h2IMuNsmTx/OJq+taxr9/c6rruq6jrOp3khmu9R1W9udQvrmU9ZLi6upJZ5pD3eR2Y9zWZX9K8MfRV4Ny1U63E2Z5lxJiFZzw9GX9kZa3o3F08POpj5pP3VNY+ipK7dOLaUf8APHxG/aa+LfEEq+F8POHOHfD/AAEnONHHYqH+tXEMY7QqKvj6OGySk2velSlkeKcJWjGvNRcp/pT8Wf8AgqX+0f8AEZzB4fHhb4b6bGZ0tl8PaV/aeriGfZuW51TxBJqULTBUVRPY6dp7Ljcio+Gr4W8Y/Ff4mfEKV5vG/j3xb4oLvvEWta9qV9axHOQLezmuGtbZAeVjt4Y41OdqivP6K/esh4F4O4YjFZBw1k2WTgkliMPgaLxjtt7THVI1MZVa71K83vrqz+I+N/GnxZ8R6lWXHHiHxZxFSqtuWAx2c4tZTDm3VHJsPUo5Vh4uyvGhg6cXZaaICSeScn1NFFFfVn5iFFFFABRRRQAUUUUAFFFFABRRRQAUUUUAFFFFACqzKcqxU+qkg/mK9s+H37SPx5+FjQf8IF8WPHHh62tyDHpcGvXtzoh2/dEuhX0l1o8wXoBNZOACVAwSD4lRXHjsuy/M6EsLmWBweYYad+fD47DUcXQldWfNSrwqU3pprE9bJs+zzh3G08x4fznNcizCk06eOyfMcXlmMptNSXJicFWoVo2aT0mtUn0P1I8If8FXvjzZrp9p8RtC8J/ESzsi++8S1bwrr9wJPLEha70pZdGUkRArt8Pj5icnb8o+2/hv/wAFLP2fvGTW9n4pbX/hvqcu1HOvWJ1LRfObGEi1fRvtcixgnDXGoafp0S4LOVXmv53KK/HeJPo9eF/EKqTp5JLIMVO9sVw/XlgVFva2BnGvliinuo4KDa05lpb+svD/AOnl9JDgOVCjW4wpcb5ZRcU8u45wUM5nOKspXzqjPBcQynKKspVc2qxjL3nTk3Lm/sL8K+NPCHjewj1bwd4n0HxRprlMXug6rZarbgtyEeSymmWOQYIaKQrIpBVlBBA+ra/hq8MeMPFfgvUotZ8I+JNc8M6rAQYtQ0LVLzS7tQCDt86zmhdoyQN0bEo44ZSOK/Sv4Nf8FZP2gfAJtdO+I1povxc0KLYjy6nHH4f8VJCmFVIdc0q2NnOQuS0mp6Lf3MzBS90DuLfzpxX9FLibL1VxHCecYLiChG8o4HHRWVZlbpTp1JTq5fiJLrOpXwKb2po/vrwx/adeHWeSw+A8UeE834Gxk3GnUzrJpy4m4e5tFKvXw9Olhs9wNNttqjh8FnMope9WZ/TVXnnj3ppX1vf5WlfFnwg/4KZ/s+fFcWtjPfN4B8Rz7Izonja9h0uGSc4BSy1wQyaLcK8hCW6TXlreT5XFmrEov2hDND4/hjnglSyhsVWSKWJ11CO6S+UMro6G3UIq2wKspkEgkBBAHP8ANmfcM8QcL4t4HiHJ8wyfFK/LTx2GqUY1VHeeHqtexxNPVWq4epUpvpJn+hfBPiLwL4kZVHOuBOLMi4qy1qPtK+TZhQxc8LKavGjjsNCX1rL8RbV4bG0MPiI/apo89pV6j6j+deif8IEP+gqf/AIf/JdA8BAEH+1Txz/x5D/5Lrwz7M9Dorzw+PQCR/ZR44/4/R/8iUf8J6P+gUf/AANH/wAiUAHj3ppX1vf5WledV6Nx43HfTP7MP/X5532z/wABfL8v7L/t7t/8O3lP+ECH/QVP/gEP/kugDzteo+o/nX0PXng8BAEH+1Txz/x5D/5LoPj0Akf2UeOP+P0f/IlAHodeeePemlfW9/laUf8ACej/AKBR/wDA0f8AyJS8eNx30z+zD/1+ed9s/wDAXy/L+y/7e7f/AA7eQDzmlXqPqP516J/wgQ/6Cp/8Ah/8l0DwEAQf7VPHP/HkP/kugD0OivPD49AJH9lHjj/j9H/yJR/wno/6BR/8DR/8iUAHj3ppX1vf5WledV6Nx43HfTP7MP8A1+ed9s/8BfL8v7L/ALe7f/Dt5T/hAh/0FT/4BD/5LoA87XqPqP519D154PAQBB/tU8c/8eQ/+S6D49AJH9lHjj/j9H/yJQB6HXnnj3ppX1vf5WlH/Cej/oFH/wADR/8AIlLx43HfTP7MP/X5532z/wABfL8v7L/t7t/8O3kA85pV6j6j+deif8IEP+gqf/AIf/JdA8BAEH+1Txz/AMeQ/wDkugD0OivPD49AJH9lHjj/AI/R/wDIlH/Cej/oFH/wNH/yJQAePemlfW9/laV51Xo3Hjcd9M/sw/8AX5532z/wF8vy/sv+3u3/AMO3lP8AhAh/0FT/AOAQ/wDkugDzteo+o/nX0PXng8BAEH+1Txz/AMeQ/wDkug+PQCR/ZR44/wCP0f8AyJQB6HXnnj3ppX1vf5WlH/Cej/oFH/wNH/yJS8eNx30z+zD/ANfnnfbP/AXy/L+y/wC3u3/w7eQDzmlXqPqP516J/wAIEP8AoKn/AMAh/wDJdA8BAEH+1Txz/wAeQ/8AkugD0OivPD49AJH9lHjj/j9H/wAiUf8ACej/AKBR/wDA0f8AyJQAePemlfW9/laV51Xo3Hjcd9M/sw/9fnnfbP8AwF8vy/sv+3u3/wAO3lP+ECH/AEFT/wCAQ/8AkugDzteo+o/nRXoo8BDI/wCJqeo/5ch6/wDX3RQB503U/U/zpKcQcng9T2PrSYPofyNAHongLpqv1sv5Xdeh1554CBA1XIxzZdf+3uvQ6ACvnhup+p/nX0PXzywOTwep7H1oAbXovgLpqv1sv5Xded4PofyNeieAgQNVyMc2XX/t7oA9DooooA+eG6n6n+dJTmByeD1PY+tJg+h/I0AeieAumq/Wy/ld16HXnngIEDVcjHNl1/7e69DoAK+eG6n6n+dfQ9fPLA5PB6nsfWgBtei+Aumq/Wy/ld153g+h/I16J4CBA1XIxzZdf+3ugD0OiiigD54bqfqf50lOYHJ4PU9j60mD6H8jQB6J4C6ar9bL+V3XodeeeAgQNVyMc2XX/t7r0OgAr54bqfqf519D188sDk8Hqex9aAG16L4C6ar9bL+V3XneD6H8jXongIEDVcjHNl1/7e6APQ6KKKAPnhup+p/nSU5gcng9T2PrSYPofyNAHongLpqv1sv5Xdeh1554CBA1XIxzZdf+3uuq8QeItB8KaRfeIPE+s6X4f0PTIGudQ1fWb6207TrKBMbpbm8u5IoIUBIGXcZJCjJIBunTqVakKVKE6tWpONOnTpxlOpUnNqMIQhFOUpyk1GMYpuTaSTbMq9ehhaNbE4mtSw+Hw9OdaviK9SFGjRo0oudSrWq1HGnTp04JznUnKMYRTlJpJs2a+UPGHjbwj4A0e68ReNPEej+GNFtQxm1DWb6CygLYJWGEzOr3FxJgrDbW6y3Ez4SKN3IU/BX7Sn/BW7wt4ba/8Lfs7aRD4x1dPMt5fH2vwXNv4XtJBlGfRdIJttR1t0JPl3d4+nWKyIrxw6nbPk/hf8R/ix8RPi3rkviH4h+LNW8Tai7OYft1wRZWMcjbmt9M02ERWGm224A+RZW0EW75ipYkn+kvD/6NHFnEyoZhxPUlwplFTlqKhXpe1zzE03Z/u8DJxhgVJXXPj5Rr03aX1KrF3P8APXxz/aI+F/h3LGZF4b0YeJ3FVF1KM8Zg8S8NwZl1eN43rZ1CNSpnUqcmpexyWnUwlaKlTeb4aorL9ePjb/wVH8P6WbzRfgd4bbxFdr5kK+MfFMU9loqMMqJ9M0ON4dSv1IO6OXUZtKCOo32dxGa/KD4ofHj4tfGS+e8+InjfWtei80zQaU1x9j0Gyb5wpstDshb6XbMiOY/OS1+0On+tlkYlj5FRX9ncF+FPA/AdODyLJaDx8YpTzjHqONzao7WlJYurH/ZlP7VLBU8LQbs3Svqf5F+L30m/Gfxtr1o8a8X4xZJUm5UuE8kc8n4Xw8VLmhCWWYapfMJUn/DxOcV8yxkLtLE8uiKKKK/RT8CCiiigAooooAKKKKACiiigAooooAKKKKACiiigAooooAKKKKACiiigAooooAKKKKACiiigA6dK+nfgZ+2D8fP2e7qIeAfG14+hLJG1z4Q8Qhtc8L3ccbFvJGnXb+Zp28k759GuNNu2BwbjGQfmKivNzXJ8pz3B1MvznLcFmmBq/wATC4/DUsVRbs0pKFaMlGcb3hUjyzg9YyTSZ9BwzxZxPwXm2Hz7hHiDOOGs5wrToZnkmYYrLcZBXUnTdbC1KcqlGbilVoVHOjVj7tSnOLaf9KP7P3/BWT4RfEFrHQfjFpkvwo8SzeXB/bSyS6r4HvZzhQ7XyR/2joXnOciPUba4sbZMmfWMDcf1U0bW9G8RaZZ61oGq6drekahCtxYappN7b6hp95bv9ya1vLSSW3nibB2yRSMpwcGv4Wq+g/gb+1F8a/2d9UW++GvjK+sNOkmWXUPC2os+p+FNWAK7xe6LcObdZZEXy/t1kbTUokJEF5FnNfyzx59FjJswVbH8CY95Li2pTWTZjUrYrKqst+TD4x+1xuBvr/F+vU27RiqENV/pb4J/tL+LMilhMk8bMlXF+VJwovi3h+hhcv4mw0NI+2x+VJ4bJ85UVbmeGeTYhR5pyljKrUJf1XN1P1P86Svzh/Z//wCCjnww+Jhs/D/xLjg+GPjCYxwpdXdwZPB2qXDYUG21aUB9HeRgzfZ9Y228YKRpqlzK22v0agliuYYri2kjuLeeNJYZ4XWWGaJ1DJJFIhZJEdSGV1YqwIIJBr+NeKeDuJeDMweW8S5RissxHvOlKrBTw2KhF2dXB4um54bFU9VeVCrPkb5ZqM04r/W7w28WfDzxdyOHEPh5xTlnEeAtBYqnharp5jllWceZYbNsqxEaWYZZiLJ8tPGYaj7WK9pRdSk41Jek+Aumq/Wy/ld16HXnngIEDVcjHNl1/wC3uvQ6+ZP0UK+eG6n6n+dfQ9fPLA5PB6nsfWgBtei+Aumq/Wy/ld153g+h/I16J4CBA1XIxzZdf+3ugD0OiiigD54bqfqf50lOYHJ4PU9j60mD6H8jQB6J4C6ar9bL+V3XodeeeAgQNVyMc2XX/t7r0OgAr54bqfqf519D188sDk8Hqex9aAG16L4C6ar9bL+V3XneD6H8jXongIEDVcjHNl1/7e6APQ6KKKAPnhup+p/nSU5gcng9T2PrSYPofyNAHongLpqv1sv5Xdeh1554CBA1XIxzZdf+3uvQ6ACvnhup+p/nX0PXzywOTwep7H1oAbXovgLpqv1sv5Xded4PofyNeieAgQNVyMc2XX/t7oA9DooooA+eG6n6n+dJTmByeD1PY+tJg+h/I0AeieAumq/Wy/ld16HXnngIEDVcjHNl1/7e69DoAVeo+o/nRQvUfUfzooAG6n6n+dJSt1P1P86SgDzzx6SBpWDjm96f9uled5PqfzNeiePemlfW9/laV51QA5Scjk9R3PrX0NXzwvUfUfzr6HoAK888ekgaVg45ven/AG6V6HXnnj3ppX1vf5WlAHneT6n8zSqTkcnqO59abSr1H1H86APoeiiigDzzx6SBpWDjm96f9uled5PqfzNeiePemlfW9/laV51QA5Scjk9R3PrX0NXzwvUfUfzr6HoAK888ekgaVg45ven/AG6V6HXnnj3ppX1vf5WlAHneT6n8zSqTkcnqO59abSr1H1H86APoeiiigDzzx6SBpWDjm96f9uled5PqfzNeiePemlfW9/laV51QA5Scjk9R3PrX0NXzwvUfUfzr6HoAK888ekgaVg45ven/AG6V6HXnnj3ppX1vf5WlAHneT6n8zSqTkcnqO59abSr1H1H86APoejp1riviB8RfBHwr8L6j4z+IPiTTPC3hrS4y91qWpziJC+1jHbWsIDXF7e3BUpa2NnFPd3MhEcEMjkLX89X7W/8AwVE8b/FB9T8D/Ax9R+H/AIBk86zvPE+77N418TQElHaGeF2PhrTZx9yGykOqyxhTPfW6SzWK/pHh74WcV+I+N9jkuE9hltGooY/PMZGdPLcGtHKCqKLlisVytOOEwynV96MqvsaLdaP8/eO/0lfDH6P2T/W+L80+ucQYuhKrkvBuUzpYjiHNX70YVnQc1DLct9pFxqZpmEqOGXJUp4ZYvFRjhZ/pF+2N+3p8I/gc48M6NewfED4k2IvYpvC+h3iNZaJcuIBGPE2sRCa3sHRo3Mmm24udUBCrNbWscy3A/nr+N37Svxa+P2qteeO/EczaTFM0mmeFNLMlj4a0oEtt+z6csr/aLhVZkN9qEl3fMhKG58sKg8GllkmkeWaR5ZZXaSSSRmeSR2JZnd2JZmYklmYkkkknNMr/AED8OfBfg/w7pUsRhcMs2z9QSrZ9mNKE8TGbVprL6HvUstot3SVFyxMoPkr4qukrf4U+P30vfFfx7xOIwGZZhLhfgd1W8JwRkOIrUsvqUoz5qU89xi9lieIMVFRhKUsYoYCnWj7XBZdg5OVyiiiv10/lYKKKKACiiigAooooAKKKKACiiigAooooAKKKKACiiigAooooAKKKKACiiigAooooAKKKKACiiigAooooAKKKKACiiigAr7Z/Zm/bx+Nv7NlxaaVp+pt40+HiSqLnwH4luZp7K3gLAyf8I9qJ8288PT7S7Rpa+bpjTOZrrTLp8EfE1FePnvD+S8TZdWyrP8swma5fXXv4bF0lUjGVmlVoz0qYevC79nXoTp1qbd6dSL1Pq+C+OuMPDrPsJxPwRxFmnDOe4N/ucwyvEzoTnT5lKeGxVL3sPjcHVcUq+CxlKvhMRFctajUjof1k/Cj9sb4OftOaTpL+DNYbSfF1rBcya14E11orTxBYMVtvMltFDmDWdPDK5S+06SYJGU+2Q2c7mBfaMn1P5mv439I1jVdA1Ky1nQ9SvtI1bTp47qw1LTbqazvrO5iYNHPbXNu8c0MqMAVdHVgR1r9hP2YP+ClDA6f4K/aEfcpMVpp/xJs7bDJ91I18V6fbJhl7NrGnxBhhGvLN8z3q/wAQeKH0Z8zyRYjOuAniM5yuHPVrZHVftM4wUF7z+pTSX9qUIK9qVo4+MVGKjjJOdRf7KfRv/aJ8O8YSwHCHjdHA8I8SVHSwuD40wy+r8KZvVfLTh/bFKcpPhzGVZWc8S51MkqTdSc6mU01ToS/Z1Scjk9R3PrX0NXzRpOq6Zrmn2Or6NqFnqulajBFd2Go6fcw3dleW0yh4p7a5gd4ZopEIZHjdlIPBr6Xr+UJwnTnKnUhKFSEnCcJxcZwnFtSjKMkpRlFppxaTTTTVz/T2lVpV6VOvQq061CtThVo1qU41KVWlUip06lOpByhUpzg1KE4txlFqUW00wrzzx6SBpWDjm96f9uleh155496aV9b3+VpUmh53k+p/M0qk5HJ6jufWm0q9R9R/OgD6HooooA888ekgaVg45ven/bpXneT6n8zXonj3ppX1vf5WledUAOUnI5PUdz619DV88L1H1H86+h6ACvPPHpIGlYOOb3p/26V6HXnnj3ppX1vf5WlAHneT6n8zSqTkcnqO59abSr1H1H86APoeiiigDzzx6SBpWDjm96f9uled5PqfzNeiePemlfW9/laV51QA5Scjk9R3PrX0NXzwvUfUfzr6HoAK888ekgaVg45ven/bpXodeeePemlfW9/laUAed5PqfzNKpORyeo7n1ptKvUfUfzoA+h6KKKAPPPHpIGlYOOb3p/26V53k+p/M16J496aV9b3+VpXnVADgTkcnqO59aKReo+o/nRQB6KfHoyf+JUep/wCX0ev/AF6Un/Cej/oFH/wNH/yJXnbdT9T/ADpKAPRuPG476Z/Zh/6/PO+2f+Avl+X9l/292/8Ah28p/wAIEP8AoKn/AMAh/wDJdHgLpqv1sv5Xdeh0AeeDwEAQf7VPHP8Ax5D/AOS6D49AJH9lHjj/AI/R/wDIleh188N1P1P86APRP+E9H/QKP/gaP/kSl48bjvpn9mH/AK/PO+2f+Avl+X9l/wBvdv8A4dvPnNei+Aumq/Wy/ld0AH/CBD/oKn/wCH/yXQPAQBB/tU8c/wDHkP8A5Lr0OigDzw+PQCR/ZR44/wCP0f8AyJR/wno/6BR/8DR/8iV523U/U/zpKAPRuPG476Z/Zh/6/PO+2f8AgL5fl/Zf9vdv/h28p/wgQ/6Cp/8AAIf/ACXR4C6ar9bL+V3XodAHng8BAEH+1Txz/wAeQ/8Akug+PQCR/ZR44/4/R/8AIleh188N1P1P86APRP8AhPR/0Cj/AOBo/wDkSl48bjvpn9mH/r8877Z/4C+X5f2X/b3b/wCHbz5zXovgLpqv1sv5XdAB/wAIEP8AoKn/AMAh/wDJdA8BAEH+1Txz/wAeQ/8AkuvQ6KAPPD49AJH9lHjj/j9H/wAiUf8ACej/AKBR/wDA0f8AyJXnbdT9T/OkoA9G48bjvpn9mH/r8877Z/4C+X5f2X/b3b/4dvKf8IEP+gqf/AIf/JdHgLpqv1sv5Xdeh0AeeDwEAQf7VPHP/HkP/kug+PQCR/ZR44/4/R/8iV6HXzw3U/U/zoA9E/4T0f8AQKP/AIGj/wCRKXjxuO+mf2Yf+vzzvtn/AIC+X5f2X/b3b/4dvPnNei+Aumq/Wy/ld0AH/CBD/oKn/wAAh/8AJdfIH7VP7SXwr/Za0Jjruvr4k8f31s03h74f6Wka6peE7livdXnFzMuh6N5o2te3MbTT7JU0+1vJYpUTyL9t3/gpBoHwWGqfDL4NXGn+KPimFls9X14GK+8PeBJWVkkRtpaDV/EkBJ2aeC9lp04zqZllifTpP5xfFPirxH421/VPFPi3WtR8QeIdau5L3VNX1S5lu728uZTlnlmlZmwoASONcRxRqkUapGiqP6j8H/o847ipYXiPjOGIyzhyXJXweWe9QzHOqbtKE6j0qYHLaitarpisVTd8OqNOVPFP/Nf6V/088n8M55l4f+EdbA8Rcf0va4PNuI2qeM4f4QrpOFWhQinKjnWf4d3UsNeeW5bXShj5YvEUsRlsfZP2hP2m/iv+0r4pbxF8RdceSxtpJf7B8Kac0tt4a8O28h/1Om6eZHDXDKFW41G7a41C62oJrlo44o4/nyiiv73yzK8uybA4bLMpwWGy/L8HTVLDYPCUoUaFGmukIQSV225Tk7znNynOUpSbf+IPEXEefcXZ1mHEfE+b5hn2e5riJYnMc1zTE1cXjcVWlZc1StVlKXLCKjTpU48tKjSjClRhClCEEUUUV3HihRRRQAUUUUAFFFFABRRRQAUUUUAFFFFABRRRQAUUUUAFFFFABRRRQAUUUUAFFFFABRRRQAUUUUAFFFFABRRRQAUUUUAFFFFABRRRQAUUUUAfW/7NP7YPxI/Z01KCzs7iTxN8P7i6WXVvBWpXD/ZkV3zPd6Dct5jaPqJBZi0SPZ3TY+2WszLHJF/S58F/2svhz8efC0XifwDKl4I1iTV9Fub6ODXNBu5FJNpqun/Z3eEkq4huY2ls7oIz2txMikj+OyvQvhj8U/HPwf8AFdj4y8A67daJrNkwD+U2+y1G1LK02n6pZMTBf2FwFAlt51YBgssTRzxxyp+BeLPgRkXiBTxGbZSqGScWqLmsbCHJgs1nFe7SzalTi26krckcwpReJppr20cVThCnH+4/ov8A02ONfAzEYLhfiiWN4y8L5VIUpZRWre0zjhilOSU8TwxisRNRWHppupUyHE1I4Cu0/qlXLa1WtiKn9mf/AAno/wCgUf8AwNH/AMiUvHjcd9M/sw/9fnnfbP8AwF8vy/sv+3u3/wAO3n86/wBlb9snwT+0XpcWj3ptfC/xOsbbfqvhWWfEGprEgM2qeGppjvvbNsGSayZmvtO+ZZhPbql5N+ifgLpqv1sv5Xdf538Q8O51wrm2KyTP8BXy7McJK1ShWjpODb5K9CrG9PEYaqlzUa9GU6VSOsZOzS/3s4D4/wCEPE3hjLuMeB87wef5BmlPnw+MwknzUqsVF1sHjcPNRxGBx+FlJQxWCxVOliKE9KlNJxbP+ECH/QVP/gEP/kugeAgCD/ap45/48h/8l16HRXiH2J54fHoBI/so8cf8fo/+RKP+E9H/AECj/wCBo/8AkSvO26n6n+dJQB6Nx43HfTP7MP8A1+ed9s/8BfL8v7L/ALe7f/Dt5T/hAh/0FT/4BD/5Lo8BdNV+tl/K7r0OgDzweAgCD/ap45/48h/8l0Hx6ASP7KPHH/H6P/kSvQ6+eG6n6n+dAHon/Cej/oFH/wADR/8AIlLx43HfTP7MP/X5532z/wABfL8v7L/t7t/8O3nzmvRfAXTVfrZfyu6AD/hAh/0FT/4BD/5LoHgIAg/2qeOf+PIf/Jdeh0UAeeHx6ASP7KPHH/H6P/kSj/hPR/0Cj/4Gj/5Erztup+p/nSUAejceNx30z+zD/wBfnnfbP/AXy/L+y/7e7f8Aw7eU/wCECH/QVP8A4BD/AOS6PAXTVfrZfyu69DoA88HgIAg/2qeOf+PIf/JdB8egEj+yjxx/x+j/AORK9Dr54bqfqf50Aeif8J6P+gUf/A0f/IlLx43HfTP7MP8A1+ed9s/8BfL8v7L/ALe7f/Dt585r0XwF01X62X8rugA/4QIf9BU/+AQ/+S6B4CAIP9qnjn/jyH/yXXodFAHnh8egEj+yjxx/x+j/AORKP+E9H/QKP/gaP/kSvO26n6n+dJQB6Nx43HfTP7MP/X5532z/AMBfL8v7L/t7t/8ADt5T/hAh/wBBU/8AgEP/AJLo8BdNV+tl/K7r0OgDz0eAhkf8TU9R/wAuQ9f+vuivQ16j6j+dFAHzwQcng9T2PrSYPofyNfRDdT9T/OkoA888BAgarkY5suv/AG916HXnnj0kDSsHHN70/wC3SvO8n1P5mgD6Hr55YHJ4PU9j60KTkcnqO59a+hqAPnjB9D+Rr0TwECBquRjmy6/9vdeh15549JA0rBxze9P+3SgD0OivnjJ9T+ZpVJyOT1Hc+tAAwOTwep7H1pMH0P5GvoeigDzzwECBquRjmy6/9vdeh15549JA0rBxze9P+3SvO8n1P5mgD6Hr55YHJ4PU9j60KTkcnqO59a+hqAPnjB9D+Rr0TwECBquRjmy6/wDb3XodeeePSQNKwcc3vT/t0oA9Dor54yfU/maVScjk9R3PrQAMDk8Hqex9aTB9D+Rr6HooA888BAgarkY5suv/AG916HXnnj0kDSsHHN70/wC3SvO8n1P5mgD6Hr55YHJ4PU9j60KTkcnqO59a+gLi4gtIJrq5mitra2iknnnnkWKGCGJS8kssjlUjjjRSzuxCqoJJAFNJtpJNttJJK7beiSS1bb2QpSjGLlJqMYpylKTSjGKV223oklq29EtWfPjssaNJIQkaKXd3IVERQSzMzYVVUAksSAACScV+O37YX/BRO8soPEXwh/Z/1gwLdk6b4s+JOnSkTFYRPDdaT4PuYyDGrea8N14giO5gGXSWVSl+2Z/wUB/4KIXPxBl1j4K/AzWJbXwJE82neMfG+nytFceMnQtFc6RolwhWSDwwCGjuryNll10bokK6SXGo/jZX9ueB/wBH6FCOD4w49wSniJezxOTcN4qneOHWk6WOzijNe9Xek8Pl1RctBWqYyMqzVCh/jf8ATK+nVVx1TNfCjwRzeVLAQdbL+LPEDLq1quOkr0sTk3CmKpO9LBRfPSx2fUJqpjHzUcrqQwieMxj5JJJZHlld5JZGZ5JJGLu7sSzO7sSzMxJLMSSSSSc0yiiv7L22P8kG2222227tvVtvdt9WwooooAKKKKACiiigAooooAKKKKACiiigAooooAKKKKACiiigAooooAKKKKACiiigAooooAKKKKACiiigAooooAKKKKACiiigAooooAKKKKACiiigAooooAKKKKANPRda1bw7qthrmg6jeaRrGl3UV7p2pafcSWt5Z3UDh4p7eeJlkjkRgCCrD0OQSK/ox/4J/ft76F8WWj+F/wAVr2y0L4pzRWkGi6rIY7TSfHRtVlUrD9yCx8RuJA0mnLtg1Bg0unBHY2MP83dTW9xcWlxDdWs8ttc20sc9vcQSPFPBNEweKWKWMq8ckbqHR0YMrAFSCM1+ceJPhlw/4lZO8BmlNYbMcNCpLKc6o04vGZdWkr8u8XiMHVkl9ZwdSShVSU4SpV4U60P6A+j59Ivjr6PPFcM64axEsfw/j6tGHFHCGLrzjlWfYOErOSSU1gM2w9NyeX5tQpyrYeb9lWhisFUxGErf3ZUV+D37EX7daeOl0v4R/GPVEg8ZqsVj4U8X3kqxQ+KlRRHBpWsTOVSPxDgKlpdsQutcRSEantOofq2rHI5PUdz61/mXxrwVn3AWeYjIs/w3sa9O9TDYmnzSweY4RyapYzBVnGPtaNSzUk1GrRqKVGvCnVhKC/6LvCDxh4J8buDMDxrwPmKxWCxFqGY5dXcKea5DmcYRliMpzfCxnN4fF0OZShOMp4fF0JU8Xg61fDVadWQwOTwep7H1pMH0P5Gvoeivkj9SPPPAQIGq5GObLr/2916HXnnj0kDSsHHN70/7dK87yfU/maAPoevnlgcng9T2PrQpORyeo7n1r6GoA+eMH0P5GvRPAQIGq5GObLr/ANvdeh15549JA0rBxze9P+3SgD0OivnjJ9T+ZpVJyOT1Hc+tAAwOTwep7H1pMH0P5GvoeigDzzwECBquRjmy6/8Ab3XodeeePSQNKwcc3vT/ALdK87yfU/maAPoevnlgcng9T2PrQpORyeo7n1r6GoA+eMH0P5GvRPAQIGq5GObLr/2916HXnnj0kDSsHHN70/7dKAPQ6K+eMn1P5mlUnI5PUdz60ADA5PB6nsfWkwfQ/ka+h6KAPPPAQIGq5GObLr/2916HXnnj0kDSsHHN70/7dK87yfU/maAPoheo+o/nRXzwCcjk9R3PrRQB9Dt1P1P86SvPT49GT/xKj1P/AC+j1/69KT/hPR/0Cj/4Gj/5EoAPHvTSvre/ytK86r0bjxuO+mf2Yf8Ar8877Z/4C+X5f2X/AG92/wDh28p/wgQ/6Cp/8Ah/8l0Aedr1H1H86+h688HgIAg/2qeOf+PIf/JdB8egEj+yjxx/x+j/AORKAPQ6888e9NK+t7/K0o/4T0f9Ao/+Bo/+RKXjxuO+mf2Yf+vzzvtn/gL5fl/Zf9vdv/h28gHnNKvUfUfzr0T/AIQIf9BU/wDgEP8A5LoHgIAg/wBqnjn/AI8h/wDJdAHodFeeHx6ASP7KPHH/AB+j/wCRKP8AhPR/0Cj/AOBo/wDkSgA8e9NK+t7/ACtK86r0bjxuO+mf2Yf+vzzvtn/gL5fl/Zf9vdv/AIdvKf8ACBD/AKCp/wDAIf8AyXQB52vUfUfzr6HrzweAgCD/AGqeOf8AjyH/AMl0Hx6ASP7KPHH/AB+j/wCRKAPQ6888e9NK+t7/ACtKP+E9H/QKP/gaP/kSl48bjvpn9mH/AK/PO+2f+Avl+X9l/wBvdv8A4dvIB5zSr1H1H869E/4QIf8AQVP/AIBD/wCS6B4CAIP9qnjn/jyH/wAl0Aeh0V54fHoBI/so8cf8fo/+RKP+E9H/AECj/wCBo/8AkSgA8e9NK+t7/K0rzqvRuPG476Z/Zh/6/PO+2f8AgL5fl/Zf9vdv/h28p/wgSjrqp/8AAIf/ACXQB5y0iRK0kjrHHGC8kjsFREUbmd2YgKqgEsxIAAJJxX4xf8FEP+CgM3xCudY+BnwV1h4vAdrLLYeNvGOnTFH8ZXMTFLjRNIuYiCPDELq0d5dRt/xPZFZI2/slQ2o6X/BRP9sKC0vdY/Z/+EPiI3ccBl0/4k+LNNIiV5gTHc+D9JuoZ5d0cfMfiC6icb33aUrbUvkf8W6/t76P3gfHDwwXHvGGE5sTNQxXDmTYmnph4O06Ob46lNa15K1TL8PNNUIuOLqL27oKh/jb9On6ZdTHVc38EvCfNnDL6Uq2XeIHFmXVrSx9WLdLF8K5NiqUrxwVKSnQz7G0pXxlRVMroyWEhjHjCiiiv7KP8kQooooAKKKKACiiigAooooAKKKKACiiigAooooAKKKKACiiigArS0fRtX8Q6lZ6NoOl6hrWr6hMltYaXpVncahqF7cSHCQWtnaxy3E8rnhY4o2dj0Br6n/ZP/Y7+I/7Vfiaa18P7fD3gjRZ4U8U+OdRt5JdP07zNsn9n6bbq0batrcsB8yKxiliihRo5b65tYpYWl/pg/Z2/ZE+C/7NGkx2/gTw7Hd+JZrdYtX8c66kN/4p1RiB5qi9MSJpli7AEabpcVpaEIjTJPOGnb8Q8T/HThjw6dXLKcXnvEyhGSyjC1VTpYP2kVKnPNMZy1I4Xmg1Ujh6cK2LnFwlKlSpVIVj+yPo4fQu8R/H2GG4irVIcF+HUq84S4qzLDTr4rNlQqOniKXDWUqdGpmLp1Iyo1MfXrYTLKVWNWEMTicTh6uEPwZ+Df8AwSs/aP8AiSlnqfjGHSPhJoFyEkL+KZGvfErW7/xweGdNaSWGZed1rrV9oswwcqPl3fpx8NP+CSX7N3hKK3n8dXvi34n6kgU3C6hqb+GtCkdQPmg03w89vqcSluSlxr94CAF6bt36m0V/GfE/0g/E3iWdSNPOv9XsHJvlwnD0HgJRXS+PcquZylb4nHGQg3rGnHRL/XLw4+gl9HTw9pUKtfg9cd5vSUXUzXjuss7hUmrOXLkap4bh2FPmu4RnlVatGNozxFSzk/mbRf2M/wBlbQIEtrH4CfDKaONNitq/hjT9emI9Xudcj1C4kb/beVn9WrYm/ZQ/ZjnQo/7P3wdCkEZi+HfhaB8HIzvh0yN888NuyDgg5Ar6Bor8yqcWcVVZurU4lz+pUk+aVSec5jKbl3cniXJvzbuf0ZR8L/DTD0Y4bD+HnA9DDwiowoUuE8hp0oxVrRjThgFBRVl7qVtNj5F1r9g39kTXlZL74GeEIQwIJ0j+1NAYA9dr6HqOnsmOxUqR2PFeB+Lf+CTX7KXiBZP7Et/HfgiVtxiOgeKnv4Y2/hDx+KLPX5JIwfvKJ45GXgSqfmr9NqK9jL/EvxCyuUZYHjXiakotNU55zjsRQuu+HxNatQl581N3Wjuj5TPfo7+BHElOcM48IPDrEyqJqWIpcJ5NgcbZ78uPy/CYXGw7pwxEWnqrPU/Aj4g/8EZPENus1z8LvjFpOpt85g0nxvod1o5UDJVH1vRZtXWZ24G7+w7ZQRk8Hj8+Pir+wt+1D8IFuLrxJ8Lda1XRbfezeIPBwTxZpQgjzuurg6Kbq+023GD8+rWVhjjIG5c/1/UEAjBAIPUHkH8K/VuHfpP+I2Uypwzd5XxLhk0prG4SGCxnIulPFZasNTU7WXPXwmJb1ck5PmP5j49/Zv8AgBxTTrVeFY8SeHeYyUpUZZNmtbOcpVV/axGWcQyzDETpXu/Y4LNMvS2jKMEon8JTxvE7RyI8bqSrI6lHVgcEMrAEEEEEEAgjBplf2NfGn9jn9nn49Q3Mnjr4e6UmvXAYr4v8Oxp4f8UxysMCaXVNPSP+0inOyHWIdRtlLEiANhh+Ln7Qn/BJX4oeBI77xD8EtZHxR8PQiWc+G71LfS/HFnAm59kCb00rxCY4lJZrR9Nvp5CsVrpMzmv6Y4K+khwFxVOjg80qVeE80quMFRzedOWW1KkrLloZvTUKEVd25sfSwF3pBSZ/nZ4w/s+/G7wzpYrNuG6GG8T+HMOp1J4rhejWpcQYehC79pjOFq8quMqO2rhkuJzvkinOq6cU2vyIorT1nRdY8O6ne6Lr+l6housadO9rqGl6rZ3FhqFlcxnEkF1Z3UcU8EqHho5Y1YHqKzK/oCE4VIRqU5RnCcYzhOElKE4SSlGUZRbUoyTTjJNpppp2Z/C9WlVoValCvTqUa1GpOlWo1YSp1aVWnJwqU6lOaU4VISTjOEkpRkmpJNNBRRRVGYUUUUAFFFFABRRRQAUUUUAFFFFABRRRQAUUUUAFFFFAD4pZIZI5oZHilidZIpI2KSRyIwZHR1IZXVgGVlIIIBByK/dr9hP9ttfH0Wl/B34s6mieNraKO08I+Kb2YKPFsES7Y9J1OaQgf8JFDGoFtcu2dZjXZITqS7r78Iqntrm5srmC8s55rW7tZo7i2ubeR4Z7eeFxJFNDLGVeOWN1V0dGDKwDAgivgPEXw7yTxHyCrk+awVLFUlOrlOa06cZYrK8Y42VWm3Z1MPVcYwxeFclDEUktYVqdGtS/cvAHx74y+j9xvhuK+GK0sVluJdHC8UcM1604ZbxHlManNPDV0lOOHx2HUqlXK8yhTnWwGIlL3a2FrYvCYn+7GivyX/YL/b9Hxg8O2Xww+JTxSfFfw9YiO01Se7S1/wCE60mzjwL5FMDq2v2cCA6tbo267jU6nAhX7ZHa/pL/AMJ6P+gUf/A0f/Ilf5d8XcJ5zwTn2N4ez3DOhjcHP3Zx5nh8ZhpN+wxuDqNR9rhsRFc1OdlKMlOlVjTrU6lOH/SX4WeKHCPjDwTk/HfBePWNyjNaVqlGpyRx2VZhSUVjcozTDxlP6tmOBqS9nWp80qdSDpYnDVK2Er0K9U8e9NK+t7/K0rzqvRuPG476Z/Zh/wCvzzvtn/gL5fl/Zf8Ab3b/AOHbyn/CBD/oKn/wCH/yXXzR+hnna9R9R/OvoevPB4CAIP8Aap45/wCPIf8AyXQfHoBI/so8cf8AH6P/AJEoA9Drzzx700r63v8AK0o/4T0f9Ao/+Bo/+RKXjxuO+mf2Yf8Ar8877Z/4C+X5f2X/AG92/wDh28gHnNKvUfUfzr0T/hAh/wBBU/8AgEP/AJLoHgIAg/2qeOf+PIf/ACXQB6HRXnh8egEj+yjxx/x+j/5Eo/4T0f8AQKP/AIGj/wCRKADx700r63v8rSvOq9G48bjvpn9mH/r8877Z/wCAvl+X9l/292/+Hbyn/CBD/oKn/wAAh/8AJdAHna9R9R/OvoevPB4CAIP9qnjn/jyH/wAl0Hx6ASP7KPHH/H6P/kSgD0OvPPHvTSvre/ytKP8AhPR/0Cj/AOBo/wDkSl48bjvpn9mH/r8877Z/4C+X5f2X/b3b/wCHbyAec0q9R9R/OvRP+ECH/QVP/gEP/kugeAgCD/ap45/48h/8l0Aeh0V54fHoBI/so8cf8fo/+RKP+E9H/QKP/gaP/kSgA8e9NK+t7/K0rzqvRuPG476Z/Zh/6/PO+2f+Avl+X9l/292/+Hbyn/CBD/oKn/wCH/yXQB52vUfUfzor0UeAhkf8TU9R/wAuQ9f+vuigDzpup+p/nSU4g5PB6nsfWkwfQ/kaAPRPAXTVfrZfyu69DrzzwECBquRjmy6/9vdeh0AFfPDdT9T/ADr6Hr55YHJ4PU9j60ANr0XwF01X62X8ruvO8H0P5GvRPAQIGq5GObLr/wBvdAHodFFFAHzw3U/U/wA6SnMDk8Hqex9aTB9D+RoA9E8BdNV+tl/K7r0OvPPAQIGq5GObLr/2916HQAV88N1P1P8AOvoevnlgcng9T2PrQA2vRfAXTVfrZfyu687wfQ/ka9E8BAgarkY5suv/AG90Aeh0UUUAfPDdT9T/ADpKcwOTwep7H1pMH0P5GgD0TwF01X62X8ruvze/4KRftuj4NaDc/Bf4Y6qq/FLxPp+PEOsWUymbwL4fvYyP3ciEm38R6xAxFiARPpti51LEU02myt69+0p+1Xof7LPws13Wg1tffEHxKqaX8P8Aw/KwJudSWK68/Wr6FWEn9jaGssVxeEbftNw9pp6yRPdiWP8Alr8UeJ9e8aeItZ8WeKNUuta8Q+INRutV1fVL2Qy3N7fXkrTTzSMcAZZiERAscaBY41VFVR/Un0ePB5cU42nxpxHhefh3LMQ1leCrw/d51mVCSvVqRlpUy7AVF+8TTp4rFRWHbnTo4qnL/NX6ef0r5eGuUVvCHw/zL2XH3EOBT4kzfB1bV+EMgxlP3cPQq05c2Hz/ADqhN+wmmq+W5ZN46CpYjF5diIYkkjyu8kjtJJIzPJI7Fnd2JZndmJLMxJLMSSSSSc0yiiv9BNtj/Cltttt3b1be7fdhRRRQAUUUUAFFFFABRRRQAUUUUAFFFFABRRRQAUUUUAFFFfaP7EH7KOoftTfFNdKv2utP+HXhJLXV/Hus24Kym0llZbHw/YTFWSPVNckhnjikYEWtlb317tke3jgm8jPs9yzhnJ8wz7OcTHCZblmHnicVWkuZqMWowp04LWpXrVJQo0KUfeq1qkKcfekj6rgjgviLxE4syLgrhPL55nxBxFj6WX5bhIPli6k1KdWviKrXLh8Hg8PCri8bialqeGwlCtXqNQpyZ4X8K/gL8Yfjbey2Pwt+H3iLxe1u6x3d5p9n5WkWMjgFI7/XL17XR7CRwdyJd30LOoLKCASPuvwD/wAElf2mfEWrabF40bwj4A0OWaI6rfXWvW+valaWm5fP+x6doX2y3vL1UJEUMuo2ls7jD3iLgn+kXwT4G8I/DjwzpXg7wPoGm+GfDWi2yWun6VpdulvbxIgw0khGZLm6mbMt1eXLy3V1O7z3Eskru56uv4Y4l+lbxfjMTiqfDGVZTk2Xy9pTwtbG0auY5qou8YV5ydengKdVq1RUfqmIp05e5KrXiuaX+0Ph5+zG8K8owGXYjxG4m4n4tz2HsK2ZYPJ8Vh8h4ZlUXLOrgqNOOCr53Xw6lzUXi/7UwNavT/eww+DnJQh5d8GvhD4N+Bfw78PfDXwLYiz0TQLURtPIEN9q2oS4e/1nVJkVBcajqNwWnnk2qkYKW9ukVtDDEnqNFFfy9jMZisxxeJx+OxFXFYzGV6uJxWJrzdStXxFacqlWrVnLWU6k5SlJvqz/AEkyjKcsyHK8uyTJsDhssynKcFhsuy3L8HSjQwuCwODowoYbDYelBKNOlRowhCEUtFFbvUKKKK5j0QooooAKKKKACiiigAooooA+Y/2iP2Rvgv8AtLaPLbePPDkNt4kitmh0jxzoiQ2HirSWAPlAXyxsupWUbMSdN1SO7s/mdoo4ZmEy/wAx37VH7I/xH/ZX8XLpPieL+2vCOrSzHwn45sLeSPStbgjJb7NcoTIdM1q3j2m80uaV2Xma1murUpO39hteYfGL4Q+Cvjl8Pte+HHj3TI9R0PXLZkSUKgvtJ1BFY2Os6VcOjm11LT5iJreZQVcB4J0ltppoZP3Hwl8bM+8PcdhsBj8Ric14Qq1I08XldWbrVMvpzklLF5RKo26FSld1J4OMo4XFLnjKNOtKGIp/xl9KL6HfBPjvkuY53kmBy/hnxUw9CpXyziTC0Y4XD59iKULwyzimnQgo42hiVCNCjms4TzHLZezqQqV8JTq4Gv8AxLUV7X+0H8DvFf7PHxT8SfDLxZGXn0m48/R9WSJo7TxB4fumdtK1uyyWHlXcC7Z4leQ2l7FdWUjmW2krxSv9K8vx+DzXA4PMsuxFPF4HH4aji8JiaMuanXw9eEalKpB72lCSdmlKLvGSUk0v+eHPcjzbhnOs14ez7AYjK86yTH4rK81y7FQ5MRgsdgq06GJw9WN2uanVhKPNFyhNWnCUoSjJlFFFdh5QUUUUAFFFFABRRRQAUUUUAFFFFABRRRQAUUUUAFFFFAGx4f1/WfCut6X4j8Pajc6Trei3tvqOmajZyGK5tLy1kWWGaNx3V1GVYFHXKOrKxB/pa/ZA/ai0j9o7wIrXz2un/Ebw1Db2vi/RY2WMXBK7IPEOmRE7m0zUWUmSNdx0+88y0kJjNrPcfzG16b8IPix4r+Cvj7Q/iB4Pu2g1LSZwLm0dn+xaxpcrKL/R9RiVlE1newgowPzwyiK5gaO5ghlT8h8YfCzBeJfD0qVKNHD8SZZCrWyLMJpRTqNc1TLsXNLmeCxjiotu7w1f2eJgmo1adb+q/on/AEls5+jxx3TxGIqYrH+H3EdbD4TjTIqbdRxoqXs6PEGWUW1GOcZTGcpxiuVZjg/bZfWlGU8NiML/AGUeAumq/Wy/ld16HXzT+y58XPCvxv8Ah7B8QfCVyr2WqQ2KX1g7o17omrwrcDUNH1BFOY7qzlYAMQEuLd4LuAvb3ETt9LV/mBj8BjMrxuLy7MMNVwmOwOIq4XF4WvFwq0MRQm6dWlUi9pQnFrqnum003/0g5JnWU8SZPlmf5Fj8NmmTZzgcNmWV5jg6iq4bG4HGUo18NiKNRaShVpTjJXtKLbjKMZJpFfPDdT9T/Ovoevnlgcng9T2PrXIeoNr0XwF01X62X8ruvO8H0P5GvRPAQIGq5GObLr/290Aeh0UUUAfPDdT9T/OkpzA5PB6nsfWkwfQ/kaAPRPAXTVfrZfyu69DrzzwECBquRjmy6/8Ab3XodABXzw3U/U/zr6Hr55YHJ4PU9j60ANr0XwF01X62X8ruvO8H0P5GvRPAQIGq5GObLr/290Aeh0UUUAfPDdT9T/OkpzA5PB6nsfWkwfQ/kaAPRPAXTVfrZfyu69DrzzwECBquRjmy6/8Ab3XodACr1H1H86KF6j6j+dFAA3U/U/zpKVup+p/nSUAeeePSQNKwcc3vT/t0rzvJ9T+Zr0Tx700r63v8rSvOqAHKTkcnqO59a+hq+eF6j6j+dfQ9ABXnnj0kDSsHHN70/wC3SvQ6888e9NK+t7/K0oA87yfU/maVScjk9R3PrTaVeo+o/nQB9D0UUUAeeePSQNKwcc3vT/t0rzvJ9T+Zr0Tx700r63v8rSvOqAHKTkcnqO59a+hq+eF6j6j+dfQ9ABXnnj0kDSsHHN70/wC3SvQ6888e9NK+t7/K0oA87yfU/maVScjk9R3PrTaVeo+o/nQB9D1xHxI+Ifhb4UeB/EnxC8aajHpfhvwtpk+pajcuV8x1jAWCztI2ZTcX9/cNFZ2Nqh8y5u54YUBZxXb9OtfzXf8ABUL9rZvir47b4IeB9T8z4ffDzUXHiK7s5c2/ifxrbh4LgF0bbPpvhzdLYWowIptSa/uf30cdjKn6T4V+HuN8SOK8Jk1L2lHLMPbG55joL/dMtpzipxhJpx+tYuTWGwkWpfvJutKEqNCs4/z59Jfx4yj6P3hjmfF2J9hi+Ica55RwbktWWuacQYilOVGdanGUan9m5ZTUswzOpFwXsKMcLCrDFYzCqfwx+0v+0F4q/aU+K2vfEbxI8lvaTyNYeFtB81pLbw54atpJP7O0uDOFaba7XWoXCqn2vULi5uAkaOkUfz/RRX+qOWZbgcmy/BZVlmGp4PL8vw1LCYPDUVanRoUIKFOC3cnZXlOTc5zcpzlKcpSf/M5xHxDnXFufZvxNxFmGIzXPc9zDE5pmuY4qfPXxeNxdWVWtVk9IxjzS5adKnGNKjSjClShClCEEUUUV3HihRRRQAUUUUAFFFFABRRRQAUUUUAFFFFABRRRQAUUUUAKASQAMkkAAdSTwB+Nf1v8A/BP/AOBkPwN/Zu8G2F5Yra+LfG1tH468XyPGEuhf67BFNp2mzkjzEOj6MLCwktyxjjvUvpUCtcSZ/m6/Y7+D7/HH9ov4aeBZrY3OiNrkWveKQVLQr4Z8O/8AE31aKdsERrqENsulROwIFzfwLg7gD/Y2iLGiogCoiqiqOAqqAFAHYAAAV/GX0seL5U6GQcEYWtb6w5Z9m0Iys3SpSnhcrozs9YTrLG4iVOenPQw1RK6i1/rl+y+8KqeIxvHHjHmWFU/qChwRwvVqQTUMViKdDMuJMXR5l7tWlhZZPgqVenduljcxoOSTnGTqKKK/iQ/2OCiiigAooooAKKKKACiiigAooooAKKKKACiiigD84P8AgpJ+y0vx6+EEvjHwvpwn+JnwvtrzWNIFvEDd6/4cVPP13w6SimW4mEUX9p6RFiV/t1vJZ26odTmev5ZyCpKsCCCQQeCCDggjsQeDX92xAIIIBBBBBGQQeCCDwQR1Ffyq/wDBTH9nCH9nj42QeKtFsRZfDH4x3l9qXhyeKPZp+ieMATc6/wCEJWUeTaee0p1fw9E3kx3FjNdafaRu+jTPJ/aP0YfE6FJVPDvOsTyxlKrjOGa1afuqUm6mNylSk7LmlzY3Bx2cnjIc15UYP/Ib9o/9HOriXh/HzhDLnUnTp4bKvEfC4SnecqdNQw2TcUOnBXk6cPZ5NmtRXapxymsocsMZWX55UUUV/a5/jwFFFFABRRRQAUUUUAFFFFABRRRQAUUUUAFFFFABRRRQAUUUUAfaP7Ff7T97+z18Q47PWrq4l+Gni+4t7HxXYhnkTS52YRWfia0hGStxpxbbfJEpa801poikk8No0X9K9ne22oWlrf2N1Fd2V7bw3Vpd20qzW9zbXEaywTwSxsySxSxurxyIxV0YMpIINfxr1+3n/BNj9p1tc03/AIUD401HfqujW0t38O767lzLfaPCDLe+GjI53PPpKbrzS0y7HTPtNuojh06FG/kL6S/hXHMcFPxDyLDf7fl9KEOJMPRh72Ly+mlClmijFXlXy+KVPFys3PA8tWTjHBPn/wBVv2dv0mZZBm1HwG40zB/2HnuJq1fD3H4qr7mVZ9iJurieGnUqPlp4LPJueIyyF4qlnLqYanCpUzeHsf12UnI5PUdz619DV88L1H1H86+h6/hQ/wBqgrzzx6SBpWDjm96f9uleh155496aV9b3+VpQB53k+p/M0qk5HJ6jufWm0q9R9R/OgD6HooooA888ekgaVg45ven/AG6V53k+p/M16J496aV9b3+VpXnVADlJyOT1Hc+tfQ1fPC9R9R/OvoegArzzx6SBpWDjm96f9uleh155496aV9b3+VpQB53k+p/M0qk5HJ6jufWm0q9R9R/OgD6HooooA888ekgaVg45ven/AG6V53k+p/M16J496aV9b3+VpXnVADgTkcnqO59aKReo+o/nRQB6KfHoyf8AiVHqf+X0ev8A16Un/Cej/oFH/wADR/8AIledt1P1P86SgD0bjxuO+mf2Yf8Ar8877Z/4C+X5f2X/AG92/wDh28p/wgQ/6Cp/8Ah/8l0eAumq/Wy/ld16HQB54PAQBB/tU8c/8eQ/+S6D49AJH9lHjj/j9H/yJXodfPDdT9T/ADoA9E/4T0f9Ao/+Bo/+RKXjxuO+mf2Yf+vzzvtn/gL5fl/Zf9vdv/h28+c16L4C6ar9bL+V3QAf8IEP+gqf/AIf/JdA8BAEH+1Txz/x5D/5Lr0OigDzw+PQCR/ZR44/4/R/8iUf8J6P+gUf/A0f/Iledt1P1P8AOkoA9G48bjvpn9mH/r8877Z/4C+X5f2X/b3b/wCHbyn/AAgQ/wCgqf8AwCH/AMl0eAumq/Wy/ld16HQB54PAQBB/tU8c/wDHkP8A5LoPj0Akf2UeOP8Aj9H/AMiV6HXzw3U/U/zoA9E/4T0f9Ao/+Bo/+RKXjxuO+mf2Yf8Ar8877Z/4C+X5f2X/AG92/wDh28+c16L4C6ar9bL+V3QAf8IEP+gqf/AIf/JdA8BAEH+1Txz/AMeQ/wDkuvQ6xPEviLR/CPh7W/FPiG+h0zQvDul32s6vqFw22Cz07TraS6u7iQgE7Y4YnbCgsxAVQWIBunTqVqlOjShOrVqzjTpU6cXOpUqTkowhCEU5SnOTUYxim5SaSTbMsRXoYWhWxWJrUsPhsNSqV8RiK040qNChRhKpVrVqs3GFOlSpxlOpObUYQi5SaSbPzs/b4/bHf4I/CW80Dwxix+JPxCt7zRfDc8N6HudD05kEWs+JRGsEbRyWkEwtdLkMikancwXCLNHZ3KD+XiSR5XeWV2kkkZnkkdizu7EszMxJLMzEkkkkkkmvc/2kPjXq3x8+LPiTx9ftNFps0507wvpkr7hpPhqykkTTbQKGZFmlVnvb4odkl/dXMi4RlUeE1/qT4MeHVLw74Pw2Er0of29mqpZjn9ZWclip0/3OAjNXvRy2lJ0IpNwliJYnERt7dpf81X0uvH7E+PnitmOaYHEVXwRwzLEZDwPhG5xpyy2lW/2vPJ0pWUcXxBiaaxk5ShGrTwMMuwVXmeCUmUUUV+uH8shRRRQAUUUUAFFFFABRRRQAUUUUAFFFFABRRRQAUUUUAFFFFAH7/wD/AARz+DUdj4b+IXx11O2xe65er4B8MSyIA0ekab9l1TxDcwsQd8V/qUmmWgYFdsujXCYIY4/bmvlP9h7wfb+CP2T/AIG6TBEsZv8AwLpnim4wAGe58ZGTxVM0h6s4bV9nzElVRYxhUCj6sr/JzxZ4ircUeInFeaVJudKObYnL8Em9IYDK5vAYRRW0eelh1Wmlo6tWpK7cm3/1B/Re4Bwvhv4CeGPDeHowpYmfC+XZ7m8oxSlVzviSjHPM0lUlvUdHFY6eEpTlqsNhqFNcsIRjEooor86P30KKKKACiiigAooooAKKKKACiiigAooooAKKKKACvkX9uj9nfT/2n/2YPij8LpbSOfxDLoVz4i8BXRVfP07x54chl1Lw3NbzEF7cXt3EdHvpYv3h0zUr6Jc+YQfrqkIBBBGQQQR6g8EV2ZdjsTlePweZYOo6WKwOKoYvD1Itpxq4epGrB6NXXNFKSvaUW4vRs8nPsly/iTJM24fzWhHE5bnWXYzLMdQmk1UwuNoVMPWSumlJQqNwla8JqM42lFM/zyPh38UXaZfDHi2Uw30EhtLXUrjKGWSJjH9lvy+ClwrLsSd8eYfkmxKA8v0B16V4d+3R4Ah+F/7YH7Rfgy0hFtYab8V/Ft7pVsi7FttH13U5te0e3QYGFg0zUrWNSAAVQMMAiuU+GnxXNp9n8P8AiactafLDYarK2WtuipBeMeWt+gScktB0kzFhov8AVrhLi6nmGBy+WLnaljcJhcThMTOX2MTRp1aVOvL/AAzSjVb30n/Mf8x3ih4W1sjzrPaeV0r4nJ80zHL8zy6lC3NWy/F1sLXr4OnHa86UpTwyv1dHX92fTlFNVldVdGDIwDKykFWUjIII4II5BHBFOr9CPwbbcKKKKACiiigAooooAKKKKACiiigAooooAKKKKACiiigArd8MeJNa8HeIdG8U+Hb6bTNc0DUbTVdLvrdtstteWcyzQuOoZdyBZI3DRyxlo5FZGZThUVFWlTr0qlGtThVo1qc6VWlUip06lOpFwqU6kJJxnCcW4yjJNSi2mmmb4bE4jBYnD4zB162FxeEr0sThcTh6k6NfD4ihUjVoV6FWm41KVajVhGpTqQlGcJxjKLTSZ/Xb+y38RPD/AO0n8H/DnxI0jVYrbU5I/wCy/FuiR24kfQvFNjHGNSsHJu9/2eYvHf6dI4DTadd2srqsheNPog+PQCR/ZR44/wCP0f8AyJX8zH/BOP8Aaeb4AfGi28PeI79oPht8TpbLw/4iE0u200bWTKY/D/iUhiEiS0up2sdSlLIi6ZfT3EvmNZwKv9EWQ3zKQQ3II5BB5BB7gjkV/lt4z+Hc/DrjHE4LDU5/2DmqnmWQ1ndxjhak/wB9gJTd71curP2DTk5yw8sLXnZ17L/pT+iJ4+UfHzwny7NsfXpf67cMujw/xthYckJTzKjRTwmdwoxtyYXP8LBYyLjCNGnjoZjgqN44Nt+i/wDCej/oFH/wNH/yJS8eNx30z+zD/wBfnnfbP/AXy/L+y/7e7f8Aw7efOa9F8BdNV+tl/K7r8jP6mD/hAh/0FT/4BD/5LoHgIAg/2qeOf+PIf/Jdeh0UAeeHx6ASP7KPHH/H6P8A5Eo/4T0f9Ao/+Bo/+RK87bqfqf50lAHo3Hjcd9M/sw/9fnnfbP8AwF8vy/sv+3u3/wAO3lP+ECH/AEFT/wCAQ/8AkujwF01X62X8ruvQ6APPB4CAIP8Aap45/wCPIf8AyXQfHoBI/so8cf8AH6P/AJEr0Ovnhup+p/nQB6J/wno/6BR/8DR/8iUvHjcd9M/sw/8AX5532z/wF8vy/sv+3u3/AMO3nzmvRfAXTVfrZfyu6AD/AIQIf9BU/wDgEP8A5LoHgIAg/wBqnjn/AI8h/wDJdeh0UAeeHx6ASP7KPHH/AB+j/wCRKP8AhPR/0Cj/AOBo/wDkSvO26n6n+dJQB6Nx43HfTP7MP/X5532z/wABfL8v7L/t7t/8O3lP+ECH/QVP/gEP/kujwF01X62X8ruvQ6APPR4CGR/xNT1H/LkPX/r7or0Neo+o/nRQB88EHJ4PU9j60mD6H8jX0Q3U/U/zpKAPPPAQIGq5GObLr/2916HXnnj0kDSsHHN70/7dK87yfU/maAPoevnlgcng9T2PrQpORyeo7n1r6GoA+eMH0P5GvRPAQIGq5GObLr/2916HXnnj0kDSsHHN70/7dKAPQ6K+eMn1P5mlUnI5PUdz60ADA5PB6nsfWkwfQ/ka+h6KAPPPAQIGq5GObLr/ANvdeh15549JA0rBxze9P+3SvO8n1P5mgD6Hr55YHJ4PU9j60KTkcnqO59a+hqAPnjB9D+Rr0TwECBquRjmy6/8Ab3XodeeePSQNKwcc3vT/ALdKAPQ6/FP/AIK3/tKNoHhzR/2dPCt/s1PxVFb+IviDLbS4ktfDtvcFtF0KRkJ2trF/btqF5ESkq2Wn2iOr22pMD98+OvGmjfDzwd4k8b+Irn7NovhjR73WL+QsA7xWcLSLbwhmUSXN1KEtrWEENNcSxRJlnAr+Tn4pfEPXPiv8QfFfxC8RStJqnijV7nUHjLtJHZ2pYRafptuX+YWum2MdvY2wPIhgTcS2Sf6Y+jP4friXiupxTmFBVMp4UlSq4dTjenic9qpywUVdWmsBCMsdOzvTrrAuScamv+dn7RPxzl4e+GNDw1yLGOjxR4nU8RhcfOjU5a+XcGYaUYZvUbi+anLO604ZLS51y18FLOOSSqUE1wFFFFf6IH+CQUUUUAFFFFABRRRQAUUUUAFFFFABRRRQAUUUUAFFFFABRRRQAUDgg+lFFAH9mv7J+sW+vfsy/AXUbZgyH4T+BrKQrjaLrS/D1hpl6ox2S7s50x224PIr6Dr89/8Agl/4rPib9kDwLZySebceEdZ8WeF53JywEWu3Ws2kbenk6frNnEg/55on1P6EV/kHx5l0sp424ty2Sa+p8R5zRg39qlHMMQ6M9bO06ThNX6SR/wBWHgjn1Pijwc8LOIKbT/tbw/4RxdRR2p4ieRYFYql11o4mNWlKza5oOza1Ciiivkz9QCiiigAooooAKKKKACiiigAooooAKKKKACiiigAooooA/hp/4LI6Muk/8FCvjdLGgji1i1+HWrooGAWm+G3hO2uHHqZLq1nkY/32Ydq/L2v2G/4Lk2S2v7dmtzhdp1H4ceAbxjjBcpY3ViGJ74WyVAfRQO1fjzX+hnAdV1uCuFKjd3/q/lMG/OlgqNJ/+kH+DHjdhlhPGHxOopWT454lrJJWSWJzXE4lJLov32ltLbaHtvw2+Kc2gtDouvyyT6MxEdtdNl5tMJOAp6tJZjPKDLwjmIFR5Z+roJ4bmGK4t5Y54JkWWGaJ1eOSNwGR0dSVZWBBBBIIr85K9Z+HfxMu/CkqabqRlu9BlfBTJeXT2c/NNbAnmIk7prfo3Mke2TcJP1zIuInh+TB4+blQ0jRxEneVFbKFR7uktlLens7wtyfy1xpwHHH+1zXJaUYY7WpisFBKMMZ1lVorSMMTu5Q0jXd37tW7q/Y9FVbK9tNRtYL6xuI7q0uY1khniYMjow4II6EdGU4ZWBVgGBFWq+/TUkpRacWk000001dNNaNNaprRo/DZRlCUoTjKE4ScZwknGUZRdnGUWk4yTTTTSaejCiiimSFFFFABRRRQAUUUUAFFFFABRRRQAUUUUAFFFFACgkEEEggggjqCOQR7g1/SR+wN8fj8aPg7a6Lrd59o8cfDhbTw7rhlkL3Oo6UISvh/XJNxLu1zaQSWN3KzM8t9p9xcSbRcID/NtX11+xH+0FP+zp8ffCviu7upIvB+uTJ4U8dwbm8lvDmrzwxvqLxjO6XQ7xbXWIyq+a6Wk1srBLmQN+P+N3AEePuCMdhsNRU88ydVM2yOSjepPEUKbeJwEWtXHMcMpUIwuoPFLCVZ3VFH9XfQ38cqngf4y5Nj8xxcqHBnFkqPC/GVOc7YejgcbXisBndSLfJGeQ5hKljKlbllUjls8zw9KzxTv/Tvg+h/I16J4CBA1XIxzZdf+3uu+gnhuYYbm3ljmt7iKOaCaJ1kilhlQPHJG6kq6OjBkZSVZSCCQa4Hx6SBpWDjm96f9ulf5cNNNpppptNNWaa0aaeqae6P+lGMoyjGUWpRklKMk01KLV001o007prRo9Dor54yfU/maVScjk9R3PrSGDA5PB6nsfWkwfQ/ka+h6KAPPPAQIGq5GObLr/2916HXnnj0kDSsHHN70/7dK87yfU/maAPoevnlgcng9T2PrQpORyeo7n1r6GoA+eMH0P5GvRPAQIGq5GObLr/2916HXnnj0kDSsHHN70/7dKAPQ6K+eMn1P5mlUnI5PUdz60ADA5PB6nsfWkwfQ/ka+h6KAPPPAQIGq5GObLr/ANvdeh15549JA0rBxze9P+3SvO8n1P5mgD6IXqPqP50V88AnI5PUdz60UAfQ7dT9T/Okrz0+PRk/8So9T/y+j1/69KT/AIT0f9Ao/wDgaP8A5EoAPHvTSvre/wArSvOq9G48bjvpn9mH/r8877Z/4C+X5f2X/b3b/wCHbyn/AAgQ/wCgqf8AwCH/AMl0Aedr1H1H86+h688HgIAg/wBqnjn/AI8h/wDJdB8egEj+yjxx/wAfo/8AkSgD0OvPPHvTSvre/wArSj/hPR/0Cj/4Gj/5EpePG476Z/Zh/wCvzzvtn/gL5fl/Zf8Ab3b/AOHbyAec0q9R9R/OvRP+ECH/AEFT/wCAQ/8AkugeAgCD/ap45/48h/8AJdAHodFeeHx6ASP7KPHH/H6P/kSj/hPR/wBAo/8AgaP/AJEoAPHvTSvre/ytK86r0bjxuO+mf2Yf+vzzvtn/AIC+X5f2X/b3b/4dvKf8IEP+gqf/AACH/wAl0Aedr1H1H86+h688HgIAg/2qeOf+PIf/ACXQfHoBI/so8cf8fo/+RKAPQ6888e9NK+t7/K0o/wCE9H/QKP8A4Gj/AORKyte1vS9S0LWfEetXUfh7R/B2mX+s6rezH7VFFp8FpLeXlzK2Lbyo7W30+SRziQsCeBt5unCdWcKVOEqlSpOMKcIJynOc2oxhGKu5SlJpRSTbbSWpnWrUsPRq4jEVadGhQp1K1atVnGnSpUqUXOpVqTk1GFOnCMpznJqMYpttJNn4p/8ABUj42/2fo3hr4GaLeFbnWzD4r8ZLDJgrpVrM6aBpk4UkFbzUIZ9TmicK6f2dp8oyk4z+Jder/HH4nah8Yvit42+ImoNLjxDrVzLp0Epy1jolsRZ6LYYDMoNppcFrC5Q7XlV5Ork15RX+sXhXwZT4D4HyXIXCMccqCx2cTVr1c2xsY1cZeSuprDvkwVKfWhhaXW5/y+/SY8Xa/jZ4y8X8bKtUqZLLGPJuFKM3JRw/C+UTqYbK3CnLWjLHr2ub4qltHG5jibO1gooor9DPwUKKKKACiiigAooooAKKKKACiiigAooooAKKKKACiiigAooooAKKKKAP6KP+CNHiH7V8H/it4WL7jovxDtNbCE52J4h8PWNmCB1UO3h18DgEqxGTmv2Qr8Dv+CLWrNHrfx80MtlbzS/AWqIpP3W0+68UWsjAdtw1KMMR12rnoK/fGv8ALv6QGDWC8W+LoRVoV62W4yP954vJ8vr1X/4OnUXna/U/6S/oMZvLOPoteFtWpLmq4LCcQZRPVvljlXFeeYLDRu+2DpYZ2Wivy9Aooor8bP61CiiigAooooAKKKKACiiigAooooAKKKKACiiigAooooA/jH/4Lulf+G3oNpXI+EHggPjGQ32/xGQGxznaVIzztI7Yr8X6/YH/AILi6il7+3f4itlbLaT8PPAFg4zna0mmTamF9hs1BWx6sT3yfx+r/Qbw8i4cDcKJ7vI8BL5ToRnH/wAlkj/CLx6qRq+M/iZKDTS4xzqnp/NSxU6U/wDyaEk/MKKKK+yPyQ9H8A/EPUPB12sEpku9EnkBu7Etloi2Abm0LELHMoA3KSEmUbHwQkkf2RpOrafrdjBqWmXMd1aXCBkkQ8qf4o5FPzRyofleNwHRgQQDX54V2/gnxzqngy/EtuzXGnTuv27TnYiKZRgeZGefJuEXhJVHIAVw6fLX0+R5/PAuOFxTlUwbdoy+KeHbe8esqXWUN4/FDW8ZfnXGXA9HO4zzDLYwoZtGLc4aQpY9RWkaj0jDEJK0Kzsp6QrPl5alP7porE8P+INL8S6bDqelXAmgkAEiHAmtpcAvBcR5JjlTPIyVYYeNmRlY7dfo8JwqwjUpyjOE4qUJxalGUXqmmtGmfgNajWw1apQxFKdGtRnKnVpVIuFSnOLtKMoySaafRoKKKKoyCiiigAooooAKKKKACiiigAooooAKKKKACiiigD+pv/gmR8f/APhcf7Ptj4V1m++0+MvhG9t4S1QSyF7m78OmF38Jam+SWKHT4ZdGZ3ZpJJ9Gmmk5mXP21496aV9b3+VpX8tv/BPn4+y/Ab9ofw9c3sxHhTx6g8D+J4Hm8m3VdVuIToupSMyvHE2m60lm0ly6Ew2E+oKGVZnNf1J8eOBkZ00aafa88/7YP+3XyxH9l/292/8Ah28/5j/SA4IXBviBjquFo+yyjiNSzvLlGNqdKrXqNZlhIWtGPsMb7SpCnFJU8NicNE/6NvoL+McvFrwMybDZnivrHFPh/KnwbnzqT5sRicNgcPTlw/mlS7c5/XcndDD1sRNuWIzHL8wqN3ul5zSr1H1H869E/wCECH/QVP8A4BD/AOS6B4CAIP8Aap45/wCPIf8AyXX4ef2Ueh0V54fHoBI/so8cf8fo/wDkSj/hPR/0Cj/4Gj/5EoAPHvTSvre/ytK86r0bjxuO+mf2Yf8Ar8877Z/4C+X5f2X/AG92/wDh28p/wgQ/6Cp/8Ah/8l0Aedr1H1H86+h688HgIAg/2qeOf+PIf/JdB8egEj+yjxx/x+j/AORKAPQ6888e9NK+t7/K0o/4T0f9Ao/+Bo/+RKXjxuO+mf2Yf+vzzvtn/gL5fl/Zf9vdv/h28gHnNKvUfUfzr0T/AIQIf9BU/wDgEP8A5LoHgIAg/wBqnjn/AI8h/wDJdAHodFeeHx6ASP7KPHH/AB+j/wCRKP8AhPR/0Cj/AOBo/wDkSgA8e9NK+t7/ACtK86r0bjxuO+mf2Yf+vzzvtn/gL5fl/Zf9vdv/AIdvKf8ACBD/AKCp/wDAIf8AyXQB52vUfUfzor0UeAhkf8TU9R/y5D1/6+6KAPOm6n6n+dJTiDk8Hqex9aTB9D+RoA9E8BdNV+tl/K7r0OvPPAQIGq5GObLr/wBvdeh0AFfPDdT9T/Ovoevnlgcng9T2PrQA2vRfAXTVfrZfyu687wfQ/ka9E8BAgarkY5suv/b3QB6HRRRQB88N1P1P86SnMDk8Hqex9aTB9D+RoA9E8BdNV+tl/K7r0OvPPAQIGq5GObLr/wBvdeh0AFfPDdT9T/Ovoevnlgcng9T2PrQA2vgT/go18bW+G37PepeANLuzB4i+MGpWmg4jfZPF4U0nff8AiWdMHJS5MmmaNMhXbJbatcgEMtffmD6H8jX82f8AwUI+KzfEn9ofX9KtLnztC+HEMfgrTlRsxNqFk7z+IpygJUT/ANszXNg7g5kh062zjaAP3D6PfCC4r8R8sq4il7TLuHIS4gxnMrwlUwc6cMuotv3W55jVw9V02n7ShQrq1k2v40+nf4qS8Mvo/cRYfA4h0M+4/qw4Gyhwny1qeHzSjWq5/ioqNpxjSyHD4/DRrRcfY4vG4OXMpSipfDVFFFf6cH/OUFFFFABRRRQAUUUUAFFFFABRRRQAUUUUAFFFFABRRRQAUUUUAFFFFABRRRQB+xP/AARpvzH8afilpm7Au/hml9tz97+z/E2jwZx3K/2jjP8AtV/RfX8yP/BInWF039qXU7FnC/2/8LvE+mIhbHmSQat4b1gBVyNzqmlyN3IQORxur+m6v82/pOYd0fFTGVWrLF5Nk1eL7qFCeFb89cM1fyt0P+hH9nLj44v6M+U4dS5nlfF3FmBkr/A6mMo5kovteOYRlbtJPqFFFFfz2f3eFFFFABRRRQAUUUUAFFFFABRRRQAUUUUAFFFFABRRTXYIjueiKzH6KCT+go3DY/hK/wCCt/iZPFP/AAUD/aBuoZPMt9M1Twn4dhG7cIm8PeBPDGk3kY9P+Jja3jsOzu3ToPzer3j9qPxyvxM/aR+O/j6Obzrbxb8WvH+uWD7t6rpt94n1KbTYkbJzHBYNbwxnJ/dxryTzXg9f6P8ADmDeX8P5FgJLllgsnyzCSTVmpYfBUKUrrvzQd/O5/wA+viBm0c+4740zynLnp5xxXxDmdOa2lTx2bYvE03HdcvJUjypaKNktAooor2T5EKKKKAOp8J+LtV8Iait9p0m6Jyq3dlIx+z3cIOSkij7rgEmKZRviYkjKs6P9oeFfFmleLtNS/wBNlw6hVu7OQr9os5iOUlUHlSQfLlHySKCQQwZV+Bq3fDviPVPDGpRalpVw0UsZAliJJguYiQXguI8gSRvjkHDKQHRldVYfQZLntXLZqjV5quCnL3oLWVJt61KV/vlTulLVq0tX8RxdwbheIaUsTh1DDZtShalXtaGJUV7tDFWV2tOWnWSc6WzU4e6v0Dori/BfjfS/GVgJ7Vlgv4VX7dpzuDLbucAunQy27n/VygD+66o4KjtK/S6FeliaUK1CcalKpFShOLumn+Ka2lFpOLTTSaaP53xmDxOAxNXCYyjPD4mhLkq0qitKL3T0upRkmpQnFuM4tSi3FpsooorU5gooooAKKKKACiiigAooooAKKKKACiiigByO8bpJGxR42V0ZSQyspBVgRggggEEHINf1zfsJfFofGj4EeG/GFxOJ9cisLDQPE/zbpV8Q6ELmwvpphk7X1FI4NWRMkrDfxZOc1/IvX7Tf8EdfjANI8cfEH4K6lchLXxdpcPjDw5HK5CDW9Axaava26Z+afUNIuobt+OIdCY5ByG/nj6S3CC4i8Pqub0KXPmHCeIWaU5RV6ksurcmHzWkn0hGm6GOqeWB8z+9f2eHipLgLx2w/CmNxLpZF4n4CXDdeE5ctCHEGE9pj+GsTJX1rTrrGZNQVneedO6suaP8AQlRRRX+bx/0Fnzw3U/U/zpKcwOTwep7H1pMH0P5GgD0TwF01X62X8ruvQ6888BAgarkY5suv/b3XodABXzw3U/U/zr6Hr55YHJ4PU9j60ANr0XwF01X62X8ruvO8H0P5GvRPAQIGq5GObLr/ANvdAHodFFFAHzw3U/U/zpKcwOTwep7H1pMH0P5GgD0TwF01X62X8ruvQ6888BAgarkY5suv/b3XodACr1H1H86KF6j6j+dFAA3U/U/zpKVup+p/nSUAeeePSQNKwcc3vT/t0rzvJ9T+Zr0Tx700r63v8rSvOqAHKTkcnqO59a+hq+eF6j6j+dfQ9ABXnnj0kDSsHHN70/7dK9Drzzx700r63v8AK0oA87yfU/maVScjk9R3PrTaVeo+o/nQB9D0UUUAeeePSQNKwcc3vT/t0rzvJ9T+Zr0Tx700r63v8rSvOqAHKTkcnqO59a+hq+eF6j6j+dfQ9AHlnxv+I9l8IvhH8RPiTfNF5fhDwpq+r20Uxwl3qcVq8ekWGSVG7UNUks7JMkAvOoyK/iq1bVL7W9U1LWdTuJbvUdWv7vUr+6mbdNc3l9PJc3M8rcbpJZpXdzgZZia/o1/4K/8AxSPhn4IeEvhlZXJjv/iV4qF3qMKv/rfDfhCOK/uI5EByA+u3ugSxlvlb7LKFDFSU/m6r/QX6KvDCyzgvMuJK1PlxPEmZyp0JtavLco58NS5W9Up4+pmCmlpL2dNu7irf4TftM/EaXEXi9w/4e4Wvz4Dw94ep18bRjL3Y8Q8VKhmOJ54p2bp5Lh8idNy96Dr10klNuRRRRX9Rn+bAUUUUAFFFFABRRRQAUUUUAFFFFABRRRQAUUUUAFFFFABRRRQAUUUUAFFFFAH0p+yB8TJvhJ+0n8I/GiyGOzg8W2Ojaxg/KdC8Tb/DusOy/dkMFhqc91EjYBngiYFWVWX+yMEMARyCAQfYjIr+cn/glt+yh8NvjRN4v+KfxK0+fX4fAniHQ9P8L6Cbu4tNLOsxxNq8+p6olpJFNfi1xpy2tlJMtk++5+2wXaNGkf8ARsAAAAMAAAAdABwB+Ff54fSjz3I8244weAy+nXebcP5e8szrEzpxhh6ntXTzDA0MPLndSpLDRxmJ9tKVOEVOsoQc+WTX+9X7NfgrjLhfwZzbO89xGBXC/HWeriLhDL6NerVx+H+rQr5FnONx9N0Y0MNDMZ5Vl/1OlSr16kqOFlWrxo+0pxktFFFfzMf6LBRRRQAUUUUAFFFFABRRRQAUUUUAFFFFABRRRQAV5J8ffGMnw7+Bnxk8fQuY5vBXwt8feK4nBwyS+H/C2qarGynswe1Xb74r1uvIP2gvh3qPxd+BPxl+FekXdnYat8R/hd478D6Xe6g80dhZ6l4o8M6notjdXz28FzcLZwXV5FLctDbzyiFX8uGRsIezLvYf2hgfrTUcL9cwv1mUvhjQ9vD2zlbWyp8zduh5OffXf7Dzn+zYSqZj/ZOY/UIRspTxv1Ot9VhFtpc0q/s0rtK7V2j/ADipXMkskhJJeR3JJycsxPXv161HX2x+25+w58R/2HPG3hPwh4917w54ph8Z+G28Q6Lr3hg6gtg7Wt49jqmmTQ6naWdzHdWE4gkLiN4ZrW8tZVdZWmgh+J6/0fy3McDm2Bw+Y5biaeLwOKg6mHxFLm5KkFKUG4qSjJcs4ShKMoqUZRaaTVj/AJ9uIOH864WznH5BxDl9fK85y2qqOPwGJ5PbYerOnCtFSdOc6clOlVp1YTpznCcJxlGTTTCiiiu08YKKKKACiiigDT0fWNQ0K/g1LTLl7a7t23K6Hhl/ijkU/LJE4+V43BVgcEV9k+AviDp3jKzEbmO01qBB9rsC3EgGAbm0LHMkDH7yZMkDEK+VKSP8R1bsL+80y7gvrC4ltbu3cSQzwsVdGHv0IIyrKQVdSVYFSQfZyjOK+V1bK9TCzknWoN6dE6lO/wANRL5TSSlsnH5TinhTBcSYb3uXD5hRi1hcYo3a3fsa6WtShJ62+KnJudN6zjP9FaK8p+HfxKs/FkCafqBjtNfiQB4shYr8KPmmtcniTA3S2/LLy8e5AwT1av0/C4qhjaEMRh6iqU5rdbxkt4TjvGcftReuzV003/OOZZZjcoxlXA4+jKhiKT1T1hODvy1aU/hqUppXjON09U7SUoooooroOAKKKKACiiigAooooAKKKKACiiigAr1b4G/ES5+FHxc8AfEC3kkRPDniSwudQWIsHn0aeT7HrdqNvP8ApWk3F5b9D/rM7TjB8porkx+Cw+ZYHG5djKaq4TH4TEYLFUntUw+KozoVoO91adOpKO3U9TI85zDh3Oso4gymvLDZpkeaYDOMtxMbqWHx+WYuljcHWjZp3pYijTmrNP3dz+ym0u4b21try1mWe2u4Ibm3micPHLBPGssUkbqSrI6MrKwOCCCOKsqTkcnqO59a+R/2HviMfiT+zZ8Pr64n8/VPDNnL4J1cltzpceGmWzsTK2dzSz6IdKu5GYBma4JOSdx+t16j6j+df498RZNiOHc+znIcVf6xk+Z43Lqkmrc7wmIqUVViv5KsYKpBq6lCcWm00z/q/wCAeLcDx9wRwlxtlrX1Livh3J8/oQUuZ0Y5pgaGLlh5vS1XDVKs8PWi0pQq0pxklJNL6Hooorxj60888ekgaVg45ven/bpXneT6n8zXonj3ppX1vf5WledUAOUnI5PUdz619DV88L1H1H86+h6ACvPPHpIGlYOOb3p/26V6HXnnj3ppX1vf5WlAHneT6n8zSqTkcnqO59abSr1H1H86APoeiiigDzzx6SBpWDjm96f9uled5PqfzNeiePemlfW9/laV51QA4E5HJ6jufWikXqPqP50UAeinx6Mn/iVHqf8Al9Hr/wBelJ/wno/6BR/8DR/8iV523U/U/wA6SgD0bjxuO+mf2Yf+vzzvtn/gL5fl/Zf9vdv/AIdvKf8ACBD/AKCp/wDAIf8AyXR4C6ar9bL+V3XodAHng8BAEH+1Txz/AMeQ/wDkug+PQCR/ZR44/wCP0f8AyJXodfPDdT9T/OgD0T/hPR/0Cj/4Gj/5EpePG476Z/Zh/wCvzzvtn/gL5fl/Zf8Ab3b/AOHbz5zXovgLpqv1sv5XdAB/wgQ/6Cp/8Ah/8l0DwEAQf7VPHP8Ax5D/AOS69DooA88Pj0Akf2UeOP8Aj9H/AMiUf8J6P+gUf/A0f/Iledt1P1P86SgD0bjxuO+mf2Yf+vzzvtn/AIC+X5f2X/b3b/4dvKf8IEP+gqf/AACH/wAl0eAumq/Wy/ld16HQB54PAQBB/tU8c/8AHkP/AJLoPj0Akf2UeOP+P0f/ACJXodfOF7dQ2Vtd3lzIkNvaQT3M80h2xxQwRtLLI7HhUREZmPYAmnGLlJRinKUmoxildtt2SSWrbeiS3ZM5xpwnUnJQhCMpzlJqMYxinKUpN2SSSbbbSSV2fz7/APBUb4sP8SP2lJtEgPl6Z8OPDGkeGYbdJzPD/ad6r+INVuA2xB55OqWthcbVG06ckZ+ZCT+b1d38T/F8/j/4jeOfG1wzmTxT4q13XAHzmKHUdRuLmCAA52pbwSRwRr0SONVHAFcJX+v3BGQx4Y4Q4byCMVGWV5PgcNXt9rFqhGeNqetXFzr1X5zZ/wApnjJxtU8R/FbxC44nUlUpcScWZ1mGCcm26eVyxlWllFBN68uGyulg8PG/2aS0QUUUV9SfmgUUUUAFFFFABRRRQAUUUUAFFFFABRRRQAUUUUAFFFFABRRRQAUUUUAFFFFAH9FP/BGidG+DvxWtgf3kXxFtJnHcJP4csEjOPc28nP8Asn0r9j6/DP8A4Ita0r6X8e/DzOA9tfeAtYgjJGXW8g8UWdy6r1xGbG0Vj/00QV+5lf5b+PmHlhvFvjGEk17TFZfiFfrHE5Pl1dNPqv3lvJprdM/6UvoP46nmH0WvCerTafsctzzAzSteNTL+K89wU010d6HMr6uLUtmgooor8fP6uCiiigAooooAKKKKACiiigAooooAKKKKACiiigAooooA/k9/4OFtfS5+N3wF8MAjzNI+GOta4yjG4Jr/AInuLFCec4J8OuFyMZDYPWv56a/Zn/guv4o/t79uKTSRLv8A+EM+FHgbw6UzkQtdTa34q2Y7Fl8SrIe5Divxmr+/fDLDfVeAeF6Vrc+WQxP/AIWVauLT+arpn+GX0jcxWaeOHiRiVLmVPiKrl6e9v7Kw2Gytx/7deDcX2asFFFFfdn4oFFFFABRRRQAUUUUATW9xPazxXNtLJBPBIssM0TFJI5EIZXRlIKspAIIIIIr6w+G/xSg8QLDo2uyR2+tqoSC5YrHDqeOAB0WO8x96MYWY/NEASY1+SacjvG6yRsyOjBkdSVZWU5DKRyCDyCOhr08szTEZXW9pSfNSk0q1CTfJUj3/ALs0vhmldPRqUW4v57iLhvAcR4N4fFRVPEU1J4TGQinVw8393tKM2kqtGT5ZKzTjUjCcf0eorwD4afFZb8QaB4mnCXvyxWGpyEKl30CQXjk4W56LHOcCc4WQiYhpff6/UcDjsPmFCOIw8+aL0nB2U6U7awqR6SXfVSWsW00z+bs6yXH5FjZ4LH0uWavKlVjd0cRSvaNWjNpc0X1WkoSvCcYyTQUUUV2HkhRRRQAUUUUAFFFFABRRRQAUUUUAftX/AMEgvE66vqfxW+FF1qX2YvZ6Z480a3MfmhjbTJoXiCRUM0Q3MLrw8CVydsRLcAY/coeAgCD/AGqeOf8AjyH/AMl1/LJ/wTv+IX/Cu/2tvhVdTT+Tp/inUbvwLqKltqzL4rs5dO0yNjnGF15tImwQQTEBwSGH9b1f5v8A0nMgWUeJdXMacOWhxHlWBzO6VofWqEZZZiYrpztYKjXqWWssRzNuUmf9BP7OTjl8VfR5w2QYit7TGcAcS5zw7yzlzVf7Nxs6XEOXVJXbfsk83xeCoXtywwLpxSjTieeHx6ASP7KPHH/H6P8A5Eo/4T0f9Ao/+Bo/+RK87bqfqf50lfzuf3uejceNx30z+zD/ANfnnfbP/AXy/L+y/wC3u3/w7eU/4QIf9BU/+AQ/+S6PAXTVfrZfyu69DoA88HgIAg/2qeOf+PIf/JdB8egEj+yjxx/x+j/5Er0Ovnhup+p/nQB6J/wno/6BR/8AA0f/ACJS8eNx30z+zD/1+ed9s/8AAXy/L+y/7e7f/Dt585r0XwF01X62X8rugA/4QIf9BU/+AQ/+S6B4CAIP9qnjn/jyH/yXXodFAHnh8egEj+yjxx/x+j/5Eo/4T0f9Ao/+Bo/+RK87bqfqf50lAHo3Hjcd9M/sw/8AX5532z/wF8vy/sv+3u3/AMO3lP8AhAh/0FT/AOAQ/wDkujwF01X62X8ruvQ6APPR4CGR/wATU9R/y5D1/wCvuivQ16j6j+dFAHzwQcng9T2PrSYPofyNfRDdT9T/ADpKAPPPAQIGq5GObLr/ANvdeh15549JA0rBxze9P+3SvO8n1P5mgD6Hr55YHJ4PU9j60KTkcnqO59a+hqAPnjB9D+Rr0TwECBquRjmy6/8Ab3XodeeePSQNKwcc3vT/ALdKAPQ6K+eMn1P5mlUnI5PUdz60ADA5PB6nsfWkwfQ/ka+h6KAPPPAQIGq5GObLr/2916HXnnj0kDSsHHN70/7dK87yfU/maAPoevzw/a18Yt4D/Zz+LviFJDBP/wAIlf6LZyg7XjvvEzx+HLOSM5H72K41WOVOuCmSCAa+iVJyOT1Hc+tfFH/BXzxmdC/Zx8O+FIJNtx42+IelQTxZx5mk6Fp+patcnHVvL1OPRvlxt+bccFVr7nwzydZ94gcH5VKHtKWIz/Lp4mFr82EwteOMxie++FoVVdppbtNaH4x9IriyXBHgV4r8TU6vscTl/A+fUsBVvZ08zzLBVMqyuSd1qsxx2FaSabeiabTP5pCckk9TyaKKK/1vP+WYKKKKACiiigAooooAKKKKACiiigAooooAKKKKACiiigAooooAKKKKACiiigAooooA/Wz/AII9eMI9H/aB8ZeEriZY4vGHw6vZLRCwBn1Xw/q+l3kESqfvEaZcaxMSMsBEeNpYj+kyv46P2LfHMnw7/al+CfiNZjBBJ440zw9fyFsImm+LTJ4Xv5JRnBjhtdXlmYEHHlhgNyrX9i4ORkdDyK/zx+lTkzwPiDgs2jH91nuRYWpKVrXxWXVauCqx8+XDRwTvv79rWSb/AN6f2ZvF0c68Cc44YqTvieDONszoU6d72yzPcLhM4wtSz+HnzCpm8LJW/dKV25NIooor+ZT/AEXCiiigAooooAKKKKACiiigAooooAKKKKACiiigAooqC6uI7S2uLqaRIobaCWeWWRgkcccMbSO7sxCqiKpZmYgAAknFNJtpLVt2S7tibUU23ZJNtvRJJXbbemx/Bd/wVK8YDxt+3v8AtH6sk3mx6f4ytPCiYbKRHwX4d0bwnNEg6LsuNGl3qP8AlqXLZYsa/P8Ar0z40+NX+JPxg+KfxCd2d/HPxD8ZeLmdySzHxF4h1DViWzyD/pfIPQ8V5nX+keR4L+zclyfL7cv1DK8vwbj2eGwlKi198NT/AJ7eNM4/1h4w4rz5S51nXEmeZspb80cxzPFYuL17qsmFFFFeofNBRRRQAUUUUAFFFFABRRRQAAkcg4PqK+ifhp8VzD5GgeKLgmH5YbDVpmyYv4Ut71zy0fRUuWJMfAlJj+eP52oruy/MMTl1dV8PK2yqU5XdOrC+sZx/KS96L1i118fO8jwGf4KWCx9PmWsqNaNlXw1W1lVozadnspRd4VI+7OLW36PghgGUhlYAqwIIIIyCCOCCOQRwRS18pfDb4qS6M0Gh+IZXm0klY7W+cs8unZOFjk6tJZjgAcvbjhA0YCL9UxSxTxRzQSJNDKiyRSxsHjkjcBldHUlWVgQQwJBByK/UctzPD5nQ9rRfLONlWoya56Umtn3i9eSa0kk9pKUV/N3EPDuP4dxjw2Ljz0ZuUsLi4RfscTTT3i3fkqRulVpSfNBtNOUJQnKSiiivRPACiiigAooooAKKKKACiiigDd8L69eeFvEvh7xNpz+XqHh7W9L1uxkyRsu9LvoL22fI5G2aBGyOeOK/t+8L69ZeKPDXh/xNpz+Zp/iDRNL1uykyDvtNUsoL23bI4O6KdDkcHrX8Mlf1H/sV+LW8Y/sx/CLUnlMk1h4d/wCEanyxLo3hW/u/DsSv3Ba202CRc8mN0Pev5A+lxk6q5Jwln8Ye9gs0xuU1ZrdwzLCxxdGMvKMssq8t9E6klvI/1Z/ZZcWSw3GPilwPUq+5nHDeT8UYalJ6Rq8P5lPK8VOmtlKrT4jwqq21lGhTe0NPqNgcng9T2PrSYPofyNfQ9Ffwsf7TnnngIEDVcjHNl1/7e69Drzzx6SBpWDjm96f9uled5PqfzNAH0PXzywOTwep7H1oUnI5PUdz619DUAfPGD6H8jXongIEDVcjHNl1/7e69Drzzx6SBpWDjm96f9ulAHodFfPGT6n8zSqTkcnqO59aABgcng9T2PrSYPofyNfQ9FAHnngIEDVcjHNl1/wC3uvQ6888ekgaVg45ven/bpXneT6n8zQB9EL1H1H86K+eATkcnqO59aKAPodup+p/nSV56fHoyf+JUep/5fR6/9elJ/wAJ6P8AoFH/AMDR/wDIlAB496aV9b3+VpXnVejceNx30z+zD/1+ed9s/wDAXy/L+y/7e7f/AA7eU/4QIf8AQVP/AIBD/wCS6APO16j6j+dfQ9eeDwEAQf7VPHP/AB5D/wCS6D49AJH9lHjj/j9H/wAiUAeh155496aV9b3+VpR/wno/6BR/8DR/8iUvHjcd9M/sw/8AX5532z/wF8vy/sv+3u3/AMO3kA85pV6j6j+deif8IEP+gqf/AACH/wAl0DwEAQf7VPHP/HkP/kugD0OivPD49AJH9lHjj/j9H/yJR/wno/6BR/8AA0f/ACJQAePemlfW9/laV51Xo3Hjcd9M/sw/9fnnfbP/AAF8vy/sv+3u3/w7eU/4QIf9BU/+AQ/+S6APO16j6j+dfkN/wWg8Vm48XfBPwQkhC6V4e8UeJ7iIHhzruo6fpdpI49Yx4evFjPbzZQOpz+3o8BAEH+1Txz/x5D/5Lr+ab/gqV41fxh+1NfQNH5S+FPBHhXw8kXm+b5YljvPEbDOxMFm18uRt6MDzmv6C+jLlqx3ipgcQ48yyjKM3zFO11GU8PHLIy+TzGyfRtWs7M/hT9ovxBLJvoz5zgIzcHxTxVwpkLSdnONHHT4jnC++scgbaW8YtP3bp/nHRRRX+kx/z1BRRRQAUUUUAFFFFABRRRQAUUUUAFFFFABRRRQAUUUUAFFFFABRRRQAUUUUAFFFFAGjpGo3OkarpmrWUhhvNM1Cz1C1lGcxXFncR3EMgxg5SSNWGD2r+4bwjr1r4q8K+GvE9iwaz8RaBpGuWjBtwa21XT7e+gYN/EDHOpB7jmv4aK/rC/wCCb/xj034rfsv+CNM+3wz+JvhpaJ4C8RWHmKbm0g0bdF4buGiJ837Ld+HRp6xXBQRyXVtewI7vbS4/kn6WmQ1sXw7wzxDRpSnDJ8yxeAxc4Rb9lQzejQnSqVWlpSjiMvhRUpe7GriYRVpVLP8A1K/Zc8bYTK+PvEXgPF4mFGrxZw9lWd5XSqzjH6zjOFsXjKWJw+GUmubETwGe1cVOnBOc8PgKtVrkw7a+9qKKK/g0/wBtgooooAKKKKACiiigAooooAKKKKACiiigAooooAK+TP27PihF8HP2QP2hPHzXItLvT/hp4g0nR5y+wx+IfFVv/wAIr4dZccsw1vWbAhFwzAEAr94fWdfzsf8ABfr9oyy0T4b/AA7/AGZtE1GNte8aaxF8QfGtrBKDLZ+FPD/2m08PWd7GDxFrmvyzahb5G5X8LhjtWRN/1/AeSVOIeLsiy2NNzpTx9DEYvS6jgsHNYrFuT2ipUaUqcXLR1Jwjq5JP8r8beMaHAnhXxrxFUrxo4mlkmLwOV3klKpnGa03l2WQpr4pyji8TTrTjH3o0aVWppGEpL+U9mLMzHqzFj9Scn9TSUUV/oSf4NhRRRQAUUUUAFFFFABRRRQAUUUUAFFFFABXr3w5+J114Xlj0vVnkutBlfAyS82ms5+aWDOS0BJLS2495IgJNyy+Q0V1YPGV8DXhiMPNwqR0fWM4u14TjtKErap9bNWaTXn5pleCzjB1cDj6KrUKi9KlOavy1aM7N06sL+7JdG4yUoSlF/ovZ3lrqFtDeWU8dza3EaywzwsHjkRhkMrD8iOoOQQCCKs18VfD/AOIt/wCDrlba4Ml5oc8gNxZ7svbsxAa4tCxwkgHLx5EcwGG2ttkX7G0zVLDWbKDUdNuY7q0uEDxSxnI/2kdfvJIhyskbAOjAqwBBr9PynN8PmlK8bU8RBL21Bu7j054P7dNvaW8X7skna/8AOHE/CuN4bxXLUvXwFaUvqmNjG0ZrdUqyWlLERW8W+WaTnTbSko36KKK9c+WCiiigAooooAKKKKACv6Av+CWniU6p8CPEXh6V903hj4gaisKZz5en6vpek30Ix23Xw1NsDg5z13Gv5/a/av8A4I8yf2vqvxs8KSXptx9g8Ha/ax+V5v8Ax7XGu2F6wXzY8bvtdgGPzfcHTv8AhP0kMuWP8J88q8vNPK8ZlGY09LtNZjQwdWS7ctDG1m3/ACp9bH9q/s++IHkf0n+DcK5unR4kyrirIK7vaMlPIcbm2HhLvz43KMLCK1/eSg9k2v6DaK88Pj0Akf2UeOP+P0f/ACJR/wAJ6P8AoFH/AMDR/wDIlf5mn/RWHj3ppX1vf5WledV6Nx43HfTP7MP/AF+ed9s/8BfL8v7L/t7t/wDDt5T/AIQIf9BU/wDgEP8A5LoA87XqPqP519D154PAQBB/tU8c/wDHkP8A5LoPj0Akf2UeOP8Aj9H/AMiUAeh155496aV9b3+VpR/wno/6BR/8DR/8iUvHjcd9M/sw/wDX5532z/wF8vy/sv8At7t/8O3kA85pV6j6j+deif8ACBD/AKCp/wDAIf8AyXQPAQBB/tU8c/8AHkP/AJLoA9Dorzw+PQCR/ZR44/4/R/8AIlH/AAno/wCgUf8AwNH/AMiUAHj3ppX1vf5WledV6Nx43HfTP7MP/X5532z/AMBfL8v7L/t7t/8ADt5T/hAh/wBBU/8AgEP/AJLoA87XqPqP50V6KPAQyP8AianqP+XIev8A190UAedN1P1P86SnEHJ4PU9j60mD6H8jQB6J4C6ar9bL+V3XodeeeAgQNVyMc2XX/t7r0OgAr54bqfqf519D188sDk8Hqex9aAG16L4C6ar9bL+V3XneD6H8jXongIEDVcjHNl1/7e6APQ6KKKAPnhup+p/nSU5gcng9T2PrSYPofyNAHongLpqv1sv5Xdeh1554CBA1XIxzZdf+3uvQ6ACv47P21tZOu/tR/GK9L7/I8TJpIPYDQtL0/RQo/wBwWG36jHav7EmOAT6An8hmv4pPj9qJ1b45/GLUi24XvxO8dXCH0ik8S6kYlH+yse1V9gOT1r+tPokYRT4q4pxzWuH4fo4RStssZmNCtJX6X+ox9beR/l1+1LzOVHwy8NMmUrRx/HWMzKUL7vKcgxmGjK3eP9sySdtOZrqeR0UUV/eh/iIFFFFABRRRQAUUUUAFFFFABRRRQAUUUUAFFFFABRRRQAUUUUAFFFFABRRRQAUUUUAFeu/Br47fFL4A+J28W/CzxVd+G9Unt/seoRLFb3umatZFt32TVNLvorixvYlb54WlhM1tJ+9tpYZfnryKiuXG4HBZlhMRgMxwmGx2BxVOVHE4TF0aeIw2IpS3p1qFWM6dSDsnyzi1dJ7pM9LJ85zfh3NMFneQZpmGS5xlteOKy/NcqxmIwGYYHEQuo1sLjMLUpYihVSbXPSqRlyuUW7Np/wBAn7Av/BQH4z/HT40Q/Cn4qTeE9RsdY0HW9T0vU7LRv7H1hNS0iBLwWUX2O5TT57eWyW8mkSSxM6i33pOFDK37aV/Fv+zX8Q5/hT8evhP4+hnMEWgeNdFk1Jw2zfod9dLpuvwF8gKLjRby+gLHKgSZYFcg/wBo6sGVWHRlDD6EZH6Gv88PpK8EZXwjxXk+KyLLcJlWU51lDccLgqMcPh45hl+IlTxjhShanDmw+IwEmoKKcpSbV9X/AL2fs8fGPiXxS8MeK8t404hzTibijhDimEJ5nnOLnjsdUyLPMvpV8qhVxNVuvV9ljcBnVOLqznJQjBKbS5YrRRRX84H+gQUUUUAFFFFABRRRQAUUUUAFFFFABSEgAk8AAkn2HWlrA8V67aeGPC/iPxJqDbLHw/oWra1eNkLttdLsJ72dtx4XEULHJ4HWqhCU5xhFNynKMIpK7cpNJJLq22kkZ1asKNKrWqSUKdKnOrUnJ2jGFOLlKUn0UYptvsj8Af2jv+C82g/DrxB8SPh18Lvglfa34w8H+KfFPg2z8T+LPEdtB4UkuvD+rX2kR66uk6TbSanqdncvaC7j046jpEhilCNeqykt/Mp8ZfjJ8Q/j78R/EvxV+KOv3HiTxl4qvPtWo38yrFDDFGiw2enadaRgQWOmadapFaWFlAqxW9vEiAFtzNxHiLV7vX/EGua7fyebfazq+o6peSnkyXV/dzXU788/NLKzc5PPJJrGr/QThPgXhzhCm55Tl8KONr0KdLF42pUrYjEVeVRc4RqV5zdGjKpFTlSoqnTlJRlOMnCLX+E/ih41eIHirXjR4oz2tisnwWNr4jK8ooYfC4HA4bmlUhRrVcPg6NFYrF08PN0o4nFuvWpwnVhSnCNWpGRRRRX2R+RhRRRQAUUUUAFFFFABRRRQAUUUUAFFFFABRRRQAV3fgjx5qfgy9DRM1zpc7j7dpzsQkg4BmhJyIrlFGFcDDgBJAyhdvCUVth8RWwtaFehUlTq03eM47ro01s4taSi01JNppo5cbgsLmOGrYPG0YYjDV4uFSnNXTW6aas4zi7ShOLUoSSlFppM/QjQte0zxHp0Op6VcLPbygBhwJYJQAXgnjyTHKmRlTwwIdCyMrHYr4L8IeMNV8H6it5YSF7eQqt7YyMfIu4QfusOdkqgkxTKN8bH+JC6P9oeF/FOleLNNTUNMmzwq3Nq5UXNnMRkxToCcc52SDKSKNyMeQP03Js7o5nTVOfLSxkI3qUr2VRJa1KV3dx6yjrKHW6tJ/wA7cW8HYrh2s69HnxOU1Z2o4m150JS2oYrlSUZ9KdWyhWW3LO8F0lFFFe6fFBRRRQAUUUUAFfq9/wAEfdcbT/2lPFGkM+INe+FWuRLHnhrzT/EHhi9gfHcpbJer9JGOeMH8oa/Qn/gl3qp079sf4fWofautaN440x+cbhH4R1fVQp7H59MU49QMc1+d+LeEWN8MuOaLV+XhvM8Va19cDQljU/VPDprs1c/e/otZpLKPpGeC+LjJxdTxC4cy1tO145zjqeTyj00nHHODXVNpn9FDdT9T/OkpzA5PB6nsfWkwfQ/ka/ybP+oU9E8BdNV+tl/K7r0OvPPAQIGq5GObLr/2916HQAV88N1P1P8AOvoevnlgcng9T2PrQA2vRfAXTVfrZfyu687wfQ/ka9E8BAgarkY5suv/AG90Aeh0UUUAfPDdT9T/ADpKcwOTwep7H1pMH0P5GgD0TwF01X62X8ruvQ6888BAgarkY5suv/b3XodACr1H1H86KF6j6j+dFAA3U/U/zpKVup+p/nSUAeeePSQNKwcc3vT/ALdK87yfU/ma9E8e9NK+t7/K0rzqgByk5HJ6jufWvoavnheo+o/nX0PQAV5549JA0rBxze9P+3SvQ6888e9NK+t7/K0oA87yfU/maVScjk9R3PrTaVeo+o/nQB9D0UUUAeeePSQNKwcc3vT/ALdK87yfU/ma9E8e9NK+t7/K0rzqgBHZgjnJ4Vj1PYGv5AfiHenUfH3jfUGbc194t8RXbN/eNzq93MT+JfPU/U1/X3L/AKqX/rm//oJr+OTWJWn1bU53+/NqF5K2Tk7nuJGYk4GcknsPpX9nfRBpp4jj2tZXhR4cpp9bVJ51Jr0/dK/yP8iv2rGIlHAeCGEv7tbF+IGIa6OWGo8HU4t+ixUrerM6iiiv7aP8dAooooAKKKKACiiigAooooAKKKKACiiigAooooAKKKKACiiigAooooAKKKKACiiigAooooAfE22SNv7ro35MD/Sv7ffhjrp8UfDfwB4lMhlPiDwX4X1oyk7jIdU0WyvTIWyc7zPuz3zmv4f6/sC/YT8YxeOP2S/gjqscyyvp3g628KXADZeKbwdcXHhcxyjqr+XpUcihgC0ckbjKupP8jfS4y6VXh3hHNVC8cFnOOwMp2+H+0sFCvGPkpPLH6uK8j/U/9ljn9PDcfeKXDMqqjUzjhHJs7p0W7OouHs4qYKpNLq6S4kitNUqj6Xt9bUUUV/CB/tiFFFFABRRRQAUUUUAFFFFABRRRQAV8ff8ABQHxwPh3+xZ+0r4m83yJh8JvFWg2c27Y0Wo+LrJvCemyxtkfvY7/AFu3eIc5kCjBzg/YNfjj/wAFzPHy+Ef2G9S8NifZN8TPiR4I8JiFWAea30y4vPG8zEZDeTFL4Ttt7D5RJJCh5dc/TcGYD+0+LeG8Dy80a+dZcqq/6cQxVOrXfyowqN+h+d+Lmd/6u+F/iBnSmqdTA8I59LDSbt/tlbLq+HwSvdW5sXWoxutVzaXeh/FqTkknuc/nRRRX+iR/gWFFFFABRRRQAUUUUAFFFFABRRRQAUUUUAFFFFABRRRQAUUUUAFdB4b8Tar4W1KPUtLnMbqQs8DZa3uocgtDPGCA6N2PDI2HRlcBhz9FXTqVKNSFWlOVOpTkpQnFtSjJbNNf10ehlXoUcVRqYfEUoVqFaDhVpVIqcJwlvGUXdNfk7NWaTPvDwd400rxjp4ubJxDeRKovtPdgZraQjkjoZYHOfKmUYYfKwWRWQdhX56aLrWpaBqEGp6XcvbXUDZBU/JIhI3xTJ92SKQDDowIPB4IBH2X4E8f6b4zs9oKWmsW6A3mns3JxgG4tSxzLbseo5eFiEkyCjv8ApOR59TzCMcPiXGnjIpJbKGIS3lDop9ZU/wDt6F1dR/n7jHgitkc54/L4zr5TOV5LWdXAOTSUKz3lQcnalXeq0p1Xz8s6voFFFFfSH56FFFFABX1l+w1eNY/tVfCCZW2l9a1O1J/2b3w5rFmw7feE5X8cV8m19KfseytD+038GHUgE+NdPj56ETLNEw6jllcge5HXpXyvHVNVuCeMKLV1V4Xz+m09rTyrFxd/Kz1P0vwXxEsJ4xeFGKi2pYfxK4GrxadmpUuJ8rmrPo7xWp/ZJRRRX+QJ/wBWp5549JA0rBxze9P+3SvO8n1P5mvRPHvTSvre/wArSvOqAHKTkcnqO59a+hq+eF6j6j+dfQ9ABXnnj0kDSsHHN70/7dK9Drzzx700r63v8rSgDzvJ9T+ZpVJyOT1Hc+tNpV6j6j+dAH0PRRRQB5549JA0rBxze9P+3SvO8n1P5mvRPHvTSvre/wArSvOqAHAnI5PUdz60Ui9R9R/OigD0U+PRk/8AEqPU/wDL6PX/AK9KT/hPR/0Cj/4Gj/5Erztup+p/nSUAejceNx30z+zD/wBfnnfbP/AXy/L+y/7e7f8Aw7eU/wCECH/QVP8A4BD/AOS6PAXTVfrZfyu69DoA88HgIAg/2qeOf+PIf/JdB8egEj+yjxx/x+j/AORK9Dr54bqfqf50Aeif8J6P+gUf/A0f/IlLx43HfTP7MP8A1+ed9s/8BfL8v7L/ALe7f/Dt585r0XwF01X62X8rugA/4QIf9BU/+AQ/+S6B4CAIP9qnjn/jyH/yXXodFAHnh8egEj+yjxx/x+j/AORKP+E9H/QKP/gaP/kSvO26n6n+dJQB6Nx43HfTP7MP/X5532z/AMBfL8v7L/t7t/8ADt5T/hAh/wBBU/8AgEP/AJLo8BdNV+tl/K7r0OgDzefwEBDMRqp4ikP/AB5f7B/6e6/iXu1ZLu5RzlluJlY5zllkYE5PJyQee9f3Vz8wzD1ik/8AQDX8MOvQG11vWLYjBt9Uv4CDwQYrqVCMEnHK9MnFf2l9ECS5+P4dXHhiS72i8/T+7mX3o/yD/atU5Ol4F1UvdhU8SKbfRSqR4FlFfNUpW9GZVFFFf2sf49hRRRQAUUUUAFFFFABRRRQAUUUUAFFFFABRRRQAUUUUAFFFFABRRRQAUUUUAFFFFABRRRQAV/QD/wAEdvjTY3nhXx58CdUvUj1bR9VPjrwtbzSgSXmkapDa6fr1raISPk0vULWyvHjALsdZlkGUjkKfz/V2Xw/+IHi/4XeL9E8d+BNbu/D3ijw/di703U7Nl3xttaOWCeKRXhurO6heS3vLO4jltrq3kkgnjeN2U/AeJvBFPxC4NzThp1qeGxVdUcVluLqqUqeGzHCVFVw06iipSVGqvaYWvKEZzjQxFWUIymop/uP0dPGPEeBPi1w14hRwtbMMtwcsTlvEOWYecIV8wyDNKLw2YUsO6koU3isM3RzHBQq1KdGpjcFh6dapCjKcl/cNRX5pfsJft9w/tQT3/wAPvG+h2fhz4oaHo39sCbSpJP7C8V6ZbTQW19eWNvcvJcaZqFpLc273OmtcXaSwyPdW0yxxTQQfpbX+XHFPCud8GZ1isg4gwbweY4VQnKCnCrRrUaq5qOJw9am3CtQrR1hOLumpU6kYVYVKcf8ApS8NPEzg7xc4Qy7jjgXNVm2Q5k61KFWVGrhcVhMZhpezxeX4/CV4wrYXG4WpaNWlOLjKEqdehOthq1GtUKKKK+dPvQooooAKKKKACiiigAooooAK/lX/AODgb466Vr/jz4Pfs/6JqKXNz4C07WPHHja2gkWSO11bxSljZ+GbC6Cn9zf2mj2Ooai0Ljd9i1+ylGFlGf12/wCChf8AwUj+G/7FPha58Pae9r4v+PPiDR2ufB/gVGke10mK78+3tPFHjG4iK/YtFgnhke305JU1PW5Yfs1qLe1NzqVn/EX8QviB4u+KnjbxN8RPHmtXfiHxf4v1e81zXtYvX3T3l/eymSQhVAjgt4VKwWlrCsdvaWsUNtbxxwRRov8ARPgfwLj6uaUeMcwoTw+X4OlXWUqrFxnjsTXpTw8sTThLV4WhSqVeWq0lUryg6TkqVRr+Bfpl+NeSYbhvF+E2Q4ylj88zbEYOXFE8NUVSlkuX4LE0cfTy+tVg7LMsdiqGGdTDJuVDBQqrExg8VQUuNooor+rz/MEKKKKACiiigAooooAKKKKACiiigAooooAKKKKACiiigAooooAKKKKACrunaje6TeQX+n3Elrd2ziSKaJtrKR1B7MrDKujAo6kqylSQaVFVGUoSjOEnGUWpRlFtSjJO6aa1TT1TWqZM4QqQlTqQjOnOLhOE4qUJwkmpRlGScZRkm04tNNNpqx9nfD34k2Xi63WyvTFZ69Cn723ztivVUfNPabjknALSwZLx8ld6AsPUq/Oa2ubizniurWaS3uIHWSGaJykkbqcqyspBBBGQQa+tfhx8ULfxJHFpGtSR22uIoSKUkJDqgUfeQcLHdYGZIRhZOZIeN0cf6DkXEKxXJg8bJRxPw0qzso4jZKMuirPpsqnS03aX4TxpwJPLfa5rk9OVTL7ueJwkbzqYLrKpT3lPCrVyu3Ogt+aknKHslFFFfWn5eFfS/wCxxaG//ai+B9orFDP8QNEXeF37AJyxbbuXcFCkkbl4HUV80V9Y/sL2zXf7W3wLiXOU8bWtycYzttLS7uW69tsRz7Zr5njSShwdxXNuyjw3nkm/JZZim/wP0Twhpur4s+GFKKblU8Q+C4RS3blxJlqSXq2j+sQ+PQCR/ZR44/4/R/8AIlH/AAno/wCgUf8AwNH/AMiV523U/U/zpK/x9P8Aq8PRuPG476Z/Zh/6/PO+2f8AgL5fl/Zf9vdv/h28p/wgQ/6Cp/8AAIf/ACXR4C6ar9bL+V3XodAHng8BAEH+1Txz/wAeQ/8Akug+PQCR/ZR44/4/R/8AIleh188N1P1P86APRP8AhPR/0Cj/AOBo/wDkSl48bjvpn9mH/r8877Z/4C+X5f2X/b3b/wCHbz5zXovgLpqv1sv5XdAB/wAIEP8AoKn/AMAh/wDJdA8BAEH+1Txz/wAeQ/8AkuvQ6KAPPD49AJH9lHjj/j9H/wAiUf8ACej/AKBR/wDA0f8AyJXnbdT9T/OkoA9G48bjvpn9mH/r8877Z/4C+X5f2X/b3b/4dvKf8IEP+gqf/AIf/JdHgLpqv1sv5Xdeh0AeejwEMj/ianqP+XIev/X3RXoa9R9R/OigD54IOTwep7H1pMH0P5Gvohup+p/nSUAeeeAgQNVyMc2XX/t7r0OvPPHpIGlYOOb3p/26V53k+p/M0AfQ9fPLA5PB6nsfWhScjk9R3PrX0NQB88YPofyNeieAgQNVyMc2XX/t7r0OvPPHpIGlYOOb3p/26UAeh0V88ZPqfzNKpORyeo7n1oAGByeD1PY+tJg+h/I19D0UAeeeAgQNVyMc2XX/ALe69Drzzx6SBpWDjm96f9uled5PqfzNAH0JIMxyD1Rh+amv4gfiZZHTPiP4+04jabDxn4msyDwQbbWr2Eg55yCmDnnNf19gkkcnqO5r+Uv9qvSDof7S3x403bsSL4seO54VwRttr3xHqF7ajnGf9HuIucYPUcGv7A+iLiVHO+M8JfWtleV4lLusNi8TSbt5fW195/lJ+1RwDqcHeEeaKN44TiXiXAOX8rzHK8vxCjf+/wD2Y3/24eA0UUV/dB/i0FFFFABRRRQAUUUUAFFFFABRRRQAUUUUAFFFFABRRRQAUUUUAFFFFABRRRQAUUUUAFFFFABXR+G/B/izxle/2b4R8M6/4o1Hbu+weHtH1DWbzaTgN9m0+3uJsZOM7MZ4rqPg78LfEXxp+Jvg74YeFo92seLtYt9OSdkZ4dPsxun1PVrpU+b7JpWnQ3WoXW35jDbuEBcqD/YZ8EPgb8P/AIAeAtH8BeANGtbCz0+2hGpap5EQ1bxDqaxgXWs61eKolu727l3v87eVaxFLS0jgtYYYU/FPF7xmy7wupYDCU8As5z7M4Tr4fL3ifqtHDYKnN03jcZWjSrVFCpWUqWGowpqVeVKu3VpKi3L+wvoqfRHz36SeKzvM6+dy4S4J4drUsFjs9jl/9pYvMM3rU44iOUZVhZ4jCUHVoYWVPE4/FVq7hg6eIwSWHxEsUlT/AAM/4Js/Aj45eEf2q/CXiXxP8L/iD4O8OaV4f8XSazqvijwnrvh7T3t7zQLzTrO1S61axtILi4l1S7sHjtoneZlikmCGOGQr/SpRRX8CeJfiFjfEviCjxBjsuwuWVaGWYbLIYfCVKtWDp4evisQqs6lVKUqkp4ucXokoRhFXs2/9xfo7eA+UfR34ExfA2TZ/mfEeGxnEWP4jq4/NKGHwtaGIx2Cy3Ayw1GhhnKnToU6WWUpr3pSlWq1pu3Mkiiiivz0/eQooooAKKKKACiiigAooooA/jO/4Lv8Ah7V9K/bVs9ZvbeZdN8TfCfwde6PcsrG3misLzXNJvIYpMbPNgu7KR5oQxeNbiGR1CzoW/Fiv9Gb40/s0/Aj9om30W2+NXww8LfEJfDk082hTa7Zs97pZuxH9ris7+2lt72G2uzDA11aLP9luXggeaF2hjK/zKf8ABaH9gT4Zfs72nw4+NfwH8Fp4N8F+ItQvPBnjrQdLlv7jRdN8RC3Oo+G9VtIry4vG08axZW+sWd5DFJBYrPplk8MIubydpP638K/FHKMXheHOC8ThcXhcypYN4Clin7B4CvPCU5yoRU/aqtCpXoU7JSotPEfu1J88Wf5Y/SZ+jXxVleZcf+LuX5llmY8PYnNVnWKy2P1uGdYOjmdejTxdV0/q8sJWw+DxldylKGKU1gr15U4+ynE/ASiiiv6BP4VCiiigAooooAKKKKACiiigAooooAKKKKACiiigAooooAKKKKACiiigAooooAKfHI8TpJG7RyRsro6MVdHU5VlYEFWUgEEEEHkUyijbYGk001dPRp7NdmfU3w0+KseqCDQfEkyx6iAsVlqUjBY77+FILliQEuzwEkOFuD8rbZsGb3qvzgBIIIJBByCOoNfR3w0+K5zBoHii44+WKw1aZunQJb3znqOix3THI4E5IzIPu8i4iUuTBZhNKWkKOJk9JbKNOs3opdI1G0nop6+8/wAX404BcPa5tkVG8PeqYvLqa1h1lWwcEtYbyqYdax1lRTj+7j9I19t/8E59POpftlfBeDGRFqHie/ORkAad4J8SX4JzwPmtwATj5iBnJFfEYIIBBBBAIIOQQeQQRwQR0NffH/BNnTDf/tR+HbsAn+xfDfivUiR/CJdLfSd3tzqYXP8AtYxzUeJmIWE8O+Oa7dnHhTPoRe1qlbLMTRp/+VKkfma/R1wEsz8fPBjBqPMp+J/A9WpHvRwvEeX4rEelqFCo79LXP6O2ByeD1PY+tJg+h/I19D0V/kef9TZ554CBA1XIxzZdf+3uvQ6888ekgaVg45ven/bpXneT6n8zQB9D188sDk8Hqex9aFJyOT1Hc+tfQ1AHzxg+h/I16J4CBA1XIxzZdf8At7r0OvPPHpIGlYOOb3p/26UAeh0V88ZPqfzNKpORyeo7n1oAGByeD1PY+tJg+h/I19D0UAeeeAgQNVyMc2XX/t7r0OvPPHpIGlYOOb3p/wBuled5PqfzNAH0QvUfUfzor54BORyeo7n1ooA+h26n6n+dJXnp8ejJ/wCJUep/5fR6/wDXpSf8J6P+gUf/AANH/wAiUAHj3ppX1vf5WledV6Nx43HfTP7MP/X5532z/wABfL8v7L/t7t/8O3lP+ECH/QVP/gEP/kugDzteo+o/nX0PXng8BAEH+1Txz/x5D/5LoPj0Akf2UeOP+P0f/IlAHodeeePemlfW9/laUf8ACej/AKBR/wDA0f8AyJS8eNx30z+zD/1+ed9s/wDAXy/L+y/7e7f/AA7eQDzmlXqPqP516J/wgQ/6Cp/8Ah/8l0DwEAQf7VPHP/HkP/kugD0OivPD49AJH9lHjj/j9H/yJR/wno/6BR/8DR/8iUAHj3ppX1vf5WledV6Nx43HfTP7MP8A1+ed9s/8BfL8v7L/ALe7f/Dt5T/hAh/0FT/4BD/5LoA87XqPqP51/NT/AMFFtAPh79sX4x2wQrFqGo6BrkTYwJf7a8KaHqM7r6gXc9xGTgfPGw5xk/1NDwEAQf7VPHP/AB5D/wCS6/nB/wCCrtiD+0npniOO0+zR+Jvh3oN1KQ/mCS803UNZ0iUb9keWS0s7EkBThXTLEnA/pf6K2PWF8R8ZhJPTMuGcxoQjfR1aGMy7Gxe+rVLD17LXRt9Ln+d/7TLJJZl9H7Ks0hC8uHfEPIcbVnu4YXHZXnuUzj5KeKx2DbfeEV1PzIooor/RE/wPCiiigAooooAKKKKACiiigAooooAKKKKACiiigAooooAKKKKACiiigAooooAKKKKACiiu9+F/w58TfFvx/wCFfhz4Qsnvtf8AFerW2l2UaqxjgWV911f3bIrGGx061Wa9vZyNsFrBLK3C1hicTh8Hh8Ri8XWp4fC4WjVxGJr1ZKFKjQowlUq1ak3ZRhTpxlOcnooptnZl2X47N8wwOVZZha+OzLM8ZhsBl+Cw1OVXE4vG4ytDD4XDUKUE5VK1evUhSpQinKU5Rildn7Vf8EffgH5Nr4w/aH16yw90ZvA/gRp4+lvE8Vx4p1e3DqQRJMtlo9tdREMpg1m2J2s4P7o1538JfhtoPwf+G3gz4aeGohHpHg/QrLSIJNixyXlxEm+/1O4VSV+16pqEl1qN2V4a5uZWHBr0Sv8AJrxL4yq8ecaZ1xFJzWFxGI+r5XRm3ehlWEXsMDT5XpCc6UfrFeK0+s1q0vtXP+oj6O/hLhfBPwh4P4BpwpPMsDgI4/iTE0uVrG8TZpbGZzX9olerSo4mo8Dg5yvJYDCYSntBJFFFFfBn7YFFFFABRRRQAUUUUAFFFFABRRRQAV5F8d/gn4G/aJ+E/jP4PfEWwN/4X8Z6VJYXLRbFvdMvY3W50vW9LldXWDVNH1CK31CxlZHQTwKk0csDyxP67RW2HxFfCYihisNVnQxOGq069CtTk41KValNTp1ISWsZwnFSi1s0jkx+BweaYHGZbmOGo43AY/DV8HjcJiIKrQxWFxNOVHEUK1OScZ0qtKcoTi9HGTR/no/tgfskfEv9jn4uat8M/H9nJcac8k994K8Y29vJHovjTw2ZmW11TT5GLrFdxKUg1fS3le40y+Dwu0sDW11cfKtf6Gv7XH7Jfwv/AGxPhPqnwy+I9isVyFlvvB/i+0gifXPBfiIRFLbV9LlfaZIGO2HVNMeRbbVLIvbymOUQXEH8MH7VH7KfxY/ZF+KGp/DT4paNJAySTXHhnxPaxTN4d8ZaGJSltrWhXzoqTRupRbyzcreabclrS9hilXB/tvwy8SsLxpgo4HHTpYbiPCUl9Zw6tCGPpwik8dg43tq9cTh460JvmivYyi1/jj9Iz6PGZ+EWb1M5ySlicw8P80xEv7PxzUq1XI8RVk5RyfNaiTatdrL8bUtHGUoqE5fW6dVS+aaKKK/Vz+YAooooAKKKKACiiigAooooAKKKKACiiigAooooAKKKKACiiigAooooAKKKKACiiigD3j4a/FV9K8jQfEczSaZlYrLUHy8lhnhYpzyz2nQK3LW/T5osCL96v+CUekpqHxl8a+IkKzW+m/DmW1hlQh4/M1nX9EkhlRxkNvt9OuApU4KOx9K/mdr+m/8A4ICeFNS8Q+Hf2htZv9QkWysbz4daRowkgE5hDp4xu9UhjkMyMsTMNNfyyCqsCyAFmz8x4rcT18L4U8W4Gu5VXiMHg8Fhqrl78Y4rM8Dh6lKbbvOCoTqOD1lG3K0425f0r6Mfhzgs0+k14X5zg1DDrAZtmucZjh1FqjVnlvD2b42hiKSirU6zxlLDqpGyp1HL2l4zUvaf000V54fHoBI/so8cf8fo/wDkSj/hPR/0Cj/4Gj/5Er/O4/3uDx700r63v8rSvOq9G48bjvpn9mH/AK/PO+2f+Avl+X9l/wBvdv8A4dvKf8IEP+gqf/AIf/JdAHna9R9R/OvoevPB4CAIP9qnjn/jyH/yXQfHoBI/so8cf8fo/wDkSgD0OvPPHvTSvre/ytKP+E9H/QKP/gaP/kSl48bjvpn9mH/r8877Z/4C+X5f2X/b3b/4dvIB5zSr1H1H869E/wCECH/QVP8A4BD/AOS6B4CAIP8Aap45/wCPIf8AyXQB6HRXnh8egEj+yjxx/wAfo/8AkSj/AIT0f9Ao/wDgaP8A5EoAPHvTSvre/wArSvOq9G48bjvpn9mH/r8877Z/4C+X5f2X/b3b/wCHbyn/AAgQ/wCgqf8AwCH/AMl0Aedr1H1H86K9FHgIZH/E1PUf8uQ9f+vuigDzpup+p/nSU4g5PB6nsfWkwfQ/kaAPRPAXTVfrZfyu69DrzzwECBquRjmy6/8Ab3XodABXzw3U/U/zr6Hr55YHJ4PU9j60ANr0XwF01X62X8ruvO8H0P5GvRPAQIGq5GObLr/290Aeh0UUUAfPDdT9T/OkpzA5PB6nsfWkwfQ/kaAPRPAXTVfrZfyu69DrzzwECBquRjmy6/8Ab3XodABX88v/AAVn8M5i+D/jGKP7kvirw5fS46+Yuk6lpke7sB5Wqtg5yWyMYOf6Gq/Hj/gpZ4RPiL9mnUtYSEvL4J8V+HfEQYKTIsF1cTeG5wCBu8v/AInySSD7oEQduI8j9W8EM2WTeKnBuJlLlhiczeVzvtL+2MNXyympd/32KpSXaUYvofzH9Mrhh8WfRm8WsvhT9pWwHDsOJaNlecHwpmOC4jrSho2m8LlmIhJrV05zjtJn851FFFf6pH/M2FFFFABRRRQAUUUUAFFFFABRRRQAUUUUAFFFFABRRRQAUUUUAFFFFABRSgEnABJPQDkn8K+hvhL+yj+0F8bnt3+Hnwx8SappdwV2+Ir61Gh+GVQnDuNf1l7HTJzGuXeG1uLi5KgbIXZkVuDMs1yzJ8LPG5tmGCyzB0/jxWYYqhg8PDraVbETp003bRc130R7fD/DXEXFmZUcn4XyHOOI82xDtRy3I8txma46rqo3hhcDRr1nFOSTlycsbq7R88U5EeRgkaM7sQFRFLMxPQBVBJJ7ADNfuR8I/wDgjbqdx9l1D43fE6DT4zsefw18PbY3d0VbDGOTxNrdvFbW8yD93KkGgX0RYkxXTKoZ/wBTvg7+xt+zn8DRa3Pgb4baMdetQhXxV4gQ+I/EpmXrcQalqxuTpkj9XTR4tPgPaEV+B8V/Sa8PchVWjk0sZxVjoKSjHLqbwuXKoulXMcZCF4PpUweGxsX0e9v7h8Mf2dHjvxtLD4zi2GU+GWTVeSc6mfYiGZ59KjK3v4fIMpq1eSqk3fD5tmOUVYtapXV/5yPgT/wT4/aQ+Ocllf23hKXwH4QuTHI/i3x3HPotq9q2G87S9JkiOt6v5ke420trYDT5XCrLqECtvH7+/sl/sNfDL9lW2udW065uPGPxF1SzFlqvjbVbWK2eC0Yo82neH9NR510fT55I0kuA1zd3106qLi8eFIYIvtkAAAAAAcAAYAHoAOlLX8l+IPjtxtx/Qr5ZWq0MkyCu0qmUZWpr6zTjJSjDMMdUbxOLSaTlSg8PhKjUXLCuUYtf6ieBP0KPB7wNxmC4iw2GxnGPHGDXNQ4q4kdOX9nV5QdOpVyPJ8Oo5flknGUlTxNVY/M6MZThTzJQnOLKKKK/Fj+wAooooAKKKKACiiigAooooAKKKKACiiigAooooAK8C/aM/Zm+D37VHw9vvhx8YvC9vrukTCSbStUh2WviLwvqhjKRaz4b1cRyTadfw5G4BZbS8iDWuoWt3aSSwP77RXRhMXisBiaOMwWIrYXFYapGrQxFCpKlWpVIO8ZwnBqUWn2equndNo4MzyvLs6y/F5Vm+BwuZZZj6E8NjcBjaFPE4XFUKitOlWo1YyhODWtpJ2aUlaSTX8Vv7Xv/AARq/aR/Z+vtV8R/CvTL347fC2N57m21HwtZNL440SyBLpB4g8HwGW+vJIY8h9S8OrqdpIkTXV1DpYdbdfyDvrC90y7uLHUbO6sL21mkt7qzvIJba5t54WKSwzwTKksUsTqUkjdVdGBVgCCK/wBM7r1r5a+Pn7Fn7Mf7TFrPH8X/AIR+F/EGrSxeVF4ssrU6D4ztdqBYTB4p0VrHWXjgIV0s7q6ubByoWa0ljLI39DcMeP8AjMNClheKst+vxioweZ5d7Oji3FWTnXwdRww1eo93KjVwkdP4Um2z+DPEj6DGUZhWxWZeGfEH9h1asp1I8O5+q2LyqM5XfssHm1FVcxwlFbQp4vDZnO7/AN4hFKK/zzKK/pf/AGhv+Dfm9h+3a3+zJ8WY72MeZNB4F+KkQt7kAZk8ix8aaFZm3nkbJhtbfUfDlmgwhutW+Z5V/Db46/seftK/s23k1v8AGL4ReLfCljHMYIvEf2D+1vCN45bCLZ+K9Ha/0C4kkG1xbrqH2pFdRLBGx2j974e484T4nUFlOcYWpiZJXwOIk8Jj02tYrC4j2dSry7SnQValfao7o/h/jvwR8UPDiVWfFHCWY0Mvptr+2sDBZpksop+7OWZYF1qGG51rGljXhq9r81GLTS+aaKOnWivrz8pCiiigAooooAKKKKACiiigAooooAKKKKACiiigAooooAKKKKACiiigAr+y3/ghT8PX8LfsfS+MZISjfErxlrerRTN1lt/D+paj4XVR+8Y7I7jS7nA8uP53c5fOR/GogyygdSwA/EgV/oDf8E8fAb/DX9i/4A+EZYvIuLPwa2pXkJGDFfeItY1TxHext88nzJdarMrHdyQTtX7o/DfH7MPq3B+DwUZJTzLOcPCcb6yw+EoV8RNpeVdYbyXq0f2j9BrIlmPitm+c1KblS4e4Tx1SlNLSGOzPG4HA0U3/AH8G8xstG+XspJ+kt1P1P86SnMDk8Hqex9aTB9D+Rr+OT/Wc9E8BdNV+tl/K7r0OvPPAQIGq5GObLr/2916HQAV88N1P1P8AOvoevnlgcng9T2PrQA2vRfAXTVfrZfyu687wfQ/ka9E8BAgarkY5suv/AG90Aeh0UUUAfPDdT9T/ADpKcwOTwep7H1pMH0P5GgD0TwF01X62X8ruvQ6888BAgarkY5suv/b3XodACr1H1H86KF6j6j+dFAA3U/U/zpKVup+p/nSUAeeePSQNKwcc3vT/ALdK87yfU/ma9E8e9NK+t7/K0rzqgByk5HJ6jufWvoavnheo+o/nX0PQAV5549JA0rBxze9P+3SvQ6888e9NK+t7/K0oA87yfU/maVScjk9R3PrTaVeo+o/nQB9D0UUUAeeePSQNKwcc3vT/ALdK87yfU/ma9E8e9NK+t7/K0rzqgByk5HJ6jufWt/8AaK8Cj4l/An4s+Blg+0XPiHwF4ks9Ni27z/bCaZcXOjOqYO5otVgs5VUYJKAAgkEc+vUfUfzr6GZQysp6MCp+hGD+ldmX42tluPwOY4aXLiMBjMNjaEv5a2FrQr0np2nTizys+yfCcQ5HnOQY+HtMDneVZjlGNhZPnwmZYStg8RG0k0+ajWmrNNa66H8JTqUZkYYZWKkehUkEfmKbXv37U3w8b4V/tD/F7wMLc21ppHjfWZtJhK7NmhavcHWtBwOBg6NqFicqApzlQBgV4DX+x2V5hQzbLcvzTCy5sNmWBwmPw8k0+ahjKFPEUndaO9OpF3P+S7iTI8bwxxDn3DeZQ9nmHD+c5nkmOg01yYzKsbXwOJjZ6rlrUJqz1VrPUKKKK7jxQooooAKKKKACiiigAooooAKKKKACiiigAooqWGGa4ljgt4pJ5pXWOKGFGklkdyFVEjQMzszEBVUEkkADJobSTbdktW3sl3Y0m2kk220kkrtt6JJLVtvRJbkVFfdnwT/4J0/tNfGf7JqC+EP+Fe+GLnY//CRfEAz6GJIGw3m2WhmCbxBeiSI+ZbSjTYrG4yn+mojbx+u/wW/4JM/AbwF9k1P4m6hq/wAW9ei2SPa3jSeHvCUUy4YeXo+m3LahdhHyrDUdZuLW5QDzLBAzR1+Q8X+OXhzwd7Wjis7hm2Y0+aLyvIVDMsSpx3hWrQqQwOFnF2UoYnF0qqvpTdmf1T4U/Qx8fvFr6tjMs4PrcMcP4jklHiTjV1eH8vlRnZxrYTB1qFXO8ypTg3KnXy/K8ThZ2SeIhzJv+djwF8L/AIifFLVk0P4d+CvEnjHVGKBrbQNJvNQFurttWa8mgia3srcEHfc3csMEYBZ5FUEj9Qvgz/wSE+Lvik2up/GHxTo3w00t9kkuiaX5XinxUy8M0MxtZ4tA09nU7VnTU9UeJw3mWZ2hW/oW8K+DfCXgbSLfQPBnhrQvCuiWg22+leH9LstJsIuApK21jDDFvYKN7lS7kZdmPNdJX8ucW/Sp4tzT2uH4Uy7B8NYWV4xxldQzXNWtlKMq1OOX0HJauH1PESg/hru3M/8ASfwt/Zm+F3Daw2P8TuIM28Q8yhyVKmVYJ1eGeGYz0lKlUhhK9XPMdGElyxrf2rl9OtG/tcClLkj8U/Br/gn5+zD8F/st5pngO38Y+IrbYw8S/EAw+Jr/AM5MMs9tYXEEWg6fNG4LxTWGk29whIBncqpH2nFFFDGkUMccUUahUjiRY40VQAqoiAKqqAAAAAAAAMU+iv5wzriHPeI8XLHZ9m+YZvim3atmGLrYmUFLeFKNScoUaeitToxhTiklGKSSP9A+EOA+C/D/ACyGTcEcK5DwrlkFG+EyPLMJl8Ksoqyq4meHpQq4uu7tzxGKnWr1JNynUlJtsooorxz6wKKKKACiiigAooooAKKKKACiiigAooooAKKKKACiiigAooooAKKKKACiiigAqnqGnafq1nc6dqljaalp95DJb3djf20N3aXMEqlJYbi2uEkhmikQlXjkRkZSQwINXKKabTTTaaaaadmmtU01qmnqmthSjGcZRnFSjJOMoySlGUWrNSTummtGmrNbn5c/tCf8Egv2MPjwL7U7LwNL8H/Ft0JJB4i+FUkHh+0e4bLK154Tlt7rwpNE0pL3LWek6ff3AZx/aEbFXT8MP2hP+CE/7Tnw1+3ax8Gta8O/HTw5B5ssVhZvF4R8cxwJlyZNC1m7fR70xx/Ko03xHc3t1IjCHTVZo42/sVor9G4e8VuNeHXTp0c0nmWDhZfUc3UsdR5VtGFaU44yjFK6jGjiYQV/gdkj8A49+jH4P8fe2r4vhqlkGa1eZvOOFnTybFOpLV1K2FpUqmVYupKWs6mLy+tWlrarFts/zXfHnw1+IPwu1258MfEfwV4o8DeIbQnz9H8VaHqOhagihiolFtqNvbySQuVJjnjVoZVw0bspBPE1/pKfEn4R/C/4xaDN4Y+KfgDwl4/0KYSf8S7xVoWn6zDBJIuw3Fm15BLLY3agKYryzkguoXVHilR1Vh+Lv7Q//BBf9n/x59u1r4C+Ltf+DGvS+bNF4f1Iz+M/Askpy6wRRX9zF4m0oTSEq1wNb1WC2Qr5GllU8t/3Xh3x84fx/s6HEGCxOSV3aMsVR5sfl7ezlL2cI4yim9oLD4hRV+arpd/xTx79BzjrJfbYzgTOcv4wwUeacMuxfs8kzyMd406ft6s8qxcorR1HjsDKcrcmGV+VfyG0V+hP7R3/AATA/bB/ZpN/qXiX4bXfjXwZZGVz47+Gn2jxboC2sWS13qFtbW0XiDQrdE2mSfXNG062DMES4kPNfnwysjFXVkYHBVgVYH0IIBB+or9sy3NsrznDRxeVZhhMxw0rWrYOvTrwTavyz9nKTpzX2qdRRnF6Sinofx3xFwtxJwjmE8q4nyPNMhzCF74XNcFXwdScU7e0o+2hGNei9OWtQlUpTTThOSaY2iiivQPBCiiigAooooAKKKKACiiigAooooAKKKKACiiigD0D4VeDbn4hfEfwV4JtEZ7jxP4j0vSIwoBKi7uo43kOXjAWOMvI7M6qiKzsQFJr/QF0uyt9MsbLT7OJbe1s4IoIIEJ2RRxqAETJJCr0AzgDAGAAK/jx/wCCSfw2Hj39sfwTqd1aC60jwLpvibxJqIfIjWR/DeraXpRLCWNxImp31tcxLHvYtbliuxHI/saXqPqP51/Jf0hc0VfPcjyeErrLsurYypZ6KtmVZQUJLpKFHA0569Kqt1P9SPoHcNSwXBXGPFVSKUs/z/DZVQvFqTw2QYN1XUjJqzp1MTnOIpPlfx4Z83wo+h6KKK/ns/vA888ekgaVg45ven/bpXneT6n8zXonj3ppX1vf5WledUAOUnI5PUdz619DV88L1H1H86+h6ACvPPHpIGlYOOb3p/26V6HXnnj3ppX1vf5WlAHneT6n8zSqTkcnqO59abSr1H1H86APoeiiigDzzx6SBpWDjm96f9uled5PqfzNeiePemlfW9/laV51QA4E5HJ6jufWikXqPqP50UAeinx6Mn/iVHqf+X0ev/XpSf8ACej/AKBR/wDA0f8AyJXnbdT9T/OkoA9G48bjvpn9mH/r8877Z/4C+X5f2X/b3b/4dvKf8IEP+gqf/AIf/JdHgLpqv1sv5Xdeh0AeeDwEAQf7VPHP/HkP/kug+PQCR/ZR44/4/R/8iV6HXzw3U/U/zoA9E/4T0f8AQKP/AIGj/wCRKXjxuO+mf2Yf+vzzvtn/AIC+X5f2X/b3b/4dvPnNei+Aumq/Wy/ld0AH/CBD/oKn/wAAh/8AJdA8BAEH+1Txz/x5D/5Lr0OigDzw+PQCR/ZR44/4/R/8iUf8J6P+gUf/AANH/wAiV523U/U/zpKAPRuPG476Z/Zh/wCvzzvtn/gL5fl/Zf8Ab3b/AOHbyn/CBD/oKn/wCH/yXR4C6ar9bL+V3XodAHng8BAEH+1Txz/x5D/5LoPj0Akf2UeOP+P0f/Ileh188N1P1P8AOgD8Kf8AgrP4REPxo8JfE200/wCxWfjvwmmmX7q/nefrvhOcW000kgiiCs+jX+iwRowLMLRyrEAhPykr+jf/AIKO/Dc+Of2ddT160t/O1X4c6xYeK4Sibpzpbl9J1uJWwdsMdpfrqdwMjK6Ypz8oB/nIr/TX6OvEi4g8MMoo1KnPi+Hq2JyHEpu8lDCyjXwDtuorLsThaUXs5UZ2d00v+dD6fPh9LgX6R/FOMoUHSyzjvCZfxtl7UbQlWzKnPB52ude7KrLPsvzLEzjpKMMVRc0+eM5lFFFfuZ/FwUUUUAFFFFABRRRQAUUUUAFFFe4/Br9m/wCNHx91Mad8L/Aur6/DHKIr3XHjXT/DemE7WY6hr180GmwSLG3mi1WeS9mRW+zW0z4U8eYZjl+U4Stj80xuEy7A4eLnXxeNxFLC4alFdalatOFON9leSbeiu9D1sjyDPOJ80wmScOZPmefZzjqipYPKsnwOJzLMMVUf2aGEwlKtXqNLWTjBqMU5Saimzw6tvw94a8ReLdVtdD8LaFq/iPWb6QRWelaHp13qmo3Uh6JBZ2UM1xK3skZIHJ4r95/gf/wR58NaatlrHx78cXHiK9Ajll8H+CDJpuio4wWt77xHeRDVdQhYEq62FjosiMMx3cinn9Z/hn8FvhT8HNLXR/hl4D8OeD7Ty0jnk0rT4k1G+Ef3X1PVpvN1TU5RgfvtQvLmXgDfgDH83cY/Si4MyV1sLwxhcVxVjYc0ViI82XZPGa0v9Zr0pYrEKMtbUMH7Gql7mKSakf6DeE37Nnxb4w+q5l4j5ll3hnk1XkqSwNRU8+4rq0pWnyrLsFiIZZl7qQ91vG5r9bw03atlspRlTP58PgL/AMEnvjX8QnsdZ+LN5afCXwvKY5pLC4EWr+Nbu3OH2Q6RbS/YdKaVQY2fVr+O8tHYO+lTBSh/br4F/sbfs/8A7PdtbP4G8EWV34jhRRL418TJDrniyeULteWLUbmERaUJRjzLfRLbTbV9ql4WYbj9SUV/JXHHjPx5x57ShmWavL8qndf2Lk/tMDgJQf2cTapPE47S11jMRWpqS5qdOnsf6keDX0RPBHwTVDG8PcMwz3ieiot8X8WewznPIVYpfvMvU6FLLsmd7pSynA4OvKD5K9eva4dOlFFFflJ/TgUUUUAFFFFABRRRQAUUUUAFFFFABRRRQAUUUUAFFFFABRRRQAUUUUAFFFFABRRRQAUUUUAFFFFABRRRQAUUUUAFFFFACMqsCrAMpGCrAEEHqCDwR7GvgP8AaW/4JnfskftQJf6j4u+HNn4S8b3gkcfEL4drbeFvEzXUmSbrU0traTRvEErMV3ya/pWpT7FCQzQ/eH37RXoZbm2Z5NiYYzKsfi8vxUNq2Er1KM2r3cJ8kkqlN296nUUqc1pKLTaPC4h4X4d4ty6plPE2SZZnuXVU+bCZpg6GMpRk1b2lL20JSoVo7wr0ZU61N2lCcZJM/jW/al/4IhftJfBoaj4k+DVxb/HzwRbebcC00O1/sr4iafarl9tz4Tmnnj1powUhRvDmoahfXcgaX+x7SP5R+MesaLrHh7U73Rdf0rUdE1jTriS01DS9WsrjT9RsbqFik1vd2d3HFcW88TgrJFLGjowIZQRiv9MWvlL9o/8AYm/Zr/ar0yW1+MHw10fVdaFuYLDxtpMa6H440vClYTaeJNPWK+ngt2O+PTtSN/pTOAZrCUZFfvfCvj7j8N7PC8WYFZhRVovM8vhToY2K0TnXwjcMLiH1boywjS15KktH/D/iZ9BvI8x+sZl4X5xLIcW+aouHc8qV8Zk9SWrVPB5olWzLALtHFU80jKTt7ShBaf56lFfvr+1N/wAEIPjJ8Pv7S8T/ALNniSD4xeF4fNuE8Ha21noHxFsbddziK2ldoPDniZoolLPLbz6HezuUhs9FnkYA/hl4x8E+MPh74g1Dwp478L6/4P8AE2lTGDUdB8S6Ve6Nq1nKP4bix1CGC4j3DDIxj2upDoWUgn+jOH+K+HuKKH1jI80w2NtFSq0IydPF0L20r4SqoYikk3yqcqapyd+SclqfwDx14YceeG2N+pcZcN5hlHNNww+NnTWIyrGtXd8FmmGdXA4luNpulCv7enFpVqVOV4rl6KKK+hPggooooAKKKKACiiigAooooAKKKfGjSSJGoLM7qigAkksQAABzkk0eui6vsG+x/UN/wQV+Ajy/D34u/GHUV+yN4n1rw94c8O3LweY5s/Dqa+dXmg23ceYLm81SK3k8yLBm04hOYy1f0GDwEAQf7VPHP/HkP/kuvnr/AIJ//B5/gT+yL8GfhxdWctlq+leHry+16Ge3ltbhdb13XdV17Uo5opmaTMF3qctvHI5BeCKJgqJtRfsiv8+PEDOlxBxln+Zwkp0KmOnh8LJS5oywmBjHBYacOiVWlh41mlpzVJO7bbf+8HgZwg+BfCbgfh2rTdLGUMkoY/MoTgqdSGZ5xKeb5hSqLdyw2KxtTCqUve5KEFokorzw+PQCR/ZR44/4/R/8iUf8J6P+gUf/AANH/wAiV523U/U/zpK+OP1g9G48bjvpn9mH/r8877Z/4C+X5f2X/b3b/wCHbyn/AAgQ/wCgqf8AwCH/AMl0eAumq/Wy/ld16HQB54PAQBB/tU8c/wDHkP8A5LoPj0Akf2UeOP8Aj9H/AMiV6HXzw3U/U/zoA9E/4T0f9Ao/+Bo/+RKXjxuO+mf2Yf8Ar8877Z/4C+X5f2X/AG92/wDh28+c16L4C6ar9bL+V3QAf8IEP+gqf/AIf/JdA8BAEH+1Txz/AMeQ/wDkuvQ6KAPPD49AJH9lHjj/AI/R/wDIlH/Cej/oFH/wNH/yJXnbdT9T/OkoA9G48bjvpn9mH/r8877Z/wCAvl+X9l/292/+Hbyn/CBD/oKn/wAAh/8AJdHgLpqv1sv5Xdeh0AeejwEMj/ianqP+XIev/X3RXoa9R9R/OigD54IOTwep7H1pMH0P5Gvohup+p/nSUAeeeAgQNVyMc2XX/t7r0OvPPHpIGlYOOb3p/wBuled5PqfzNAH0PXzywOTwep7H1oUnI5PUdz619DUAfPGD6H8jXongIEDVcjHNl1/7e69Drzzx6SBpWDjm96f9ulAHodFfPGT6n8zSqTkcnqO59aABgcng9T2PrSYPofyNfQ9FAHnngIEDVcjHNl1/7e69Drzzx6SBpWDjm96f9uled5PqfzNAH0PXzywOTwep7H1oUnI5PUdz619DUAfLnifw7YeLPDev+F9Xg8/SvEejaloeowkD97ZapZzWVynzBhloZ3AJBAODjiv5GfiB4O1L4feN/FfgjV0Kaj4V1/VNDuiUKLK+nXctutxGCTmG5jRLiBwSrwyI6sVYE/3E1/Nl/wAFc/g1/wAIb8bdA+K+m2wj0j4q6II9SeNMInivwrFaadeM+wbIhe6LLos0YYB57iG/ly5Dlf6q+ipxYss4rzXhXE1eXD8R4FYnBRk9P7UypVKvJBN2Tr5fUxkptayeFpR10t/mZ+018MJcReGHDXiZgMN7THeH+cyy/NqkI+8uG+J54fCutVkk3KODzzD5VTpRfu045lippxvLm/JSiiiv7+P8MgooooAKKKKACiiigAp8cbyukcaNJJIypHGilnd2IVURVBLMxICqASSQAM0yv3h/4Jm/sMWr2mj/ALR/xd0dbiScpffC3wtqUGYoolbdB411O1lGJJJWG/w3BMmxIwushXaTTZovieP+O8m8POHcTn+cSc+V+wy/AU5Rjiczx84ydHCUOa/KmoyqV6zjKOHoQqVZKTjGE/2HwO8FOLfHnj3L+B+FKSpe0j9dzzO8RTnPL+Hcko1IQxWaY3kcXNxdSFDB4SM4VMdjatDDQnTjOpWpc/8AsU/8Evxr9npXxR/aSsLq10y5SHUPDvwuZ5rO8vYHCy2994yljaO5soJFIki0CB4ruRSh1OaBRLp8v7veH/DugeFNIsfD/hjRdL8P6HpkC22n6Ro1jbadp1lAn3Yra0tI4oIkGScIgySSckk1s9OlFf5kceeI3E/iHmk8wz7GzeHjOTwGU0JzhlmW0ndRhhsO5OMqvLpVxVXnxNZ/HU5VCEf+jTwS8AfDnwG4bo5FwVk9FY+pQpxzvijG0qNbiLiDExSc62YY9QU4Yf2ic8PluG9ll+ET/c0FUlVq1CiiivhD9rCiiigAooooAKKKKACiiigAooooAKKKKACiiigAooooAKKKKACiiigAooooAKKKKACiiigAooooAKKKKACiiigAooooAKKKKACiiigAooooAKKKKACvnf8AaD/ZT+An7UXhuTw18aPh3onipUgki0vXjALHxXoDvkibQvEtl5OraeVlKzPbR3JsbtkVL60uod0TfRFFdOExmLwGIpYvA4mvg8VQkp0cRhqs6FalJdYVKcozi+js9VdO6bR5+aZVlmd4DE5XnOX4LNctxlN0sVgMww1HGYTEU3vCth68KlKouq5ouzSas0mfxqftyf8ABGj4ufs6wa18Rvgncaj8YvhDYrPf31pFaKfiH4O06PLyS6xpVnGsPiDTLSLDT61ocMcsUazXF9o2n2cD3R/FMggkEEEEggjBBHBBB5BB4IPSv9NYgMCrAMrAhlIBBBGCCDwQRwQeCK/kY/4LX/sJaB8EvFmj/tJ/CnRYdG8A/EvWptH8deH9OgWHTfDnj+eGfULfU9Ot4lEdnpniu1tr6aa1REt7PV7G4aNlTVLe2g/qjwr8XMVnmMocNcTSpzzCtBxy7NYxjSeLqU4OX1XGU4qNNYmcIydGvTjCNaUfZTp+2lGdT/M76TP0WMs4MyjG+Ifh3CvRyTB1IVOIOGqlSeJjldCvVjSWZZTXqOeIlgKVapTji8HXnWnhYTeIo1vqtOpSofgfRRRX9Dn8EBRRRQAUUUUAFFFFABX2J+wV8Cbj9or9qf4W/DgQGXTJtUu/EOuu0bPbx6T4W0288QTw3LLbXQSPUJNPh0xWaFgZb2MfLncvx3X9H3/BEH9n5rXSPHP7Qmu6dLFLqV1aeGfAt5LAUEmn2ces23ii4t5ZbUiWG4vpbOzZrS6UpNpkqTqQQrfE+InEC4a4PzrMoz5MTLDSwWBaaUvruNvh6MoX3dHnliWv5KMnZ2sfsXgHwLLxD8V+EcgqUXVy6nmEM4zpNN01lGT2x2Kp1Wk+WOLdKngIvT97i6aur3X9S0MUcEUcMSLHHGoVURQqqB6KoAGTknAGSSepqSvnjJ9T+ZpVJyOT1Hc+tf5+n+6yVlZbLRAwOTwep7H1pMH0P5GvoeigDzzwECBquRjmy6/9vdeh15549JA0rBxze9P+3SvO8n1P5mgD6Hr55YHJ4PU9j60KTkcnqO59a+hqAPnjB9D+Rr0TwECBquRjmy6/9vdeh15549JA0rBxze9P+3SgD0OivnjJ9T+ZpVJyOT1Hc+tAAwOTwep7H1pMH0P5GvoeigDzzwECBquRjmy6/wDb3XodeeePSQNKwcc3vT/t0rzvJ9T+ZoA+iF6j6j+dFfPAJyOT1Hc+tFAH0O3U/U/zpK89Pj0ZP/EqPU/8vo9f+vSk/wCE9H/QKP8A4Gj/AORKADx700r63v8AK0rzqvRuPG476Z/Zh/6/PO+2f+Avl+X9l/292/8Ah28p/wAIEP8AoKn/AMAh/wDJdAHna9R9R/OvoevPB4CAIP8Aap45/wCPIf8AyXQfHoBI/so8cf8AH6P/AJEoA9Drzzx700r63v8AK0o/4T0f9Ao/+Bo/+RKXjxuO+mf2Yf8Ar8877Z/4C+X5f2X/AG92/wDh28gHnNKvUfUfzr0T/hAh/wBBU/8AgEP/AJLoHgIAg/2qeOf+PIf/ACXQB6HRXnh8egEj+yjxx/x+j/5Eo/4T0f8AQKP/AIGj/wCRKADx700r63v8rSvOq9G48bjvpn9mH/r8877Z/wCAvl+X9l/292/+Hbyn/CBD/oKn/wAAh/8AJdAHna9R9R/OvoevPB4CAIP9qnjn/jyH/wAl0Hx6ASP7KPHH/H6P/kSgD0OvgT/go18If+Fwfs+6xp9la/aPEfhSO+8aeGwib5nvdDgjkvbOEAb3fUdHk1CzhiUgPdS2zEMY1FfXH/Cej/oFH/wNH/yJQyr46RlYf2cunAqykC9FwL0YII/0XYEFtgj59+/+Hbz7HD2d4zhvPMpz/AS5cZlGYYXH0E21GcsPVjUdGpa96VeClRqxs1KnOcWmnY+T474OyrxB4M4o4IzymqmVcU5HmOSYz3VKdGGPw1SjDFUU9FiMHVlTxeGmmnTxFGlUi1KKa/iLIIJB4IOCPQikr67/AG4PgLP+z5+0H4u8LW9uY/C+vSDxf4NnWLybeTQtbkllazgUFgqaPqSX+jhC7P5dlHKxxKufkSv9e8iznBcQ5Nlee5dP2mCzbA4bH4aV05KniaUaipzs2o1aTk6VWG8KsJwaTi0f8qXGnCWb8B8XcScGZ9ReHzjhfOswyTMKdpKEq+X4mph3WouSTnhsTGEcRhaqXLWw9WlVg3GabKKKK9U+YCiiigAooooA+vP2HvgFF+0T+0J4U8HapC8vhLRlm8YeNQu7954d0OW3LWDMpUqmsalcado8jq6PFFfyTRnfGAf69LS0trC1trGyt4bSzs4IrW1tbeNIYLe3gjWKGCGKMKkUUUaqkcaKqoihVAAAr+fP/gjFZxv8SPjLfmMGW38F6DaJLgbkS71qaWSMH7wEhso2IHBMYzyFr+hSv86fpQ5/jsx8RP7Eq1Zf2fw/lmCp4TDpv2axGZYenj8XiXG9vbVY1cPQlL/n3hqSSVm3/vx+zb4HybIPAP8A1ww+Hg88474izivmeOlCPt3gcgxtfJMsy6M0r/VcNPDY7GQhd/7RmOJk2/dUSiiiv5tP9CAooooAKKKKACiiigAooooAKKKKACiiigAooooAKKKKACiiigAooooAKKKKACiiigAooooAKKKKACiiigAooooAKKKKACiiigAooooAKKKKACiiigAooooAKKKKACviH/go78JofjN+xT+0B4S+yi71Gw8C6h410JFQPcf234CKeLrGK0OCyXF8dHfTcqV8yG9lhYiOV8/b1Vb6zttRsrvT7yCK5s762ns7q3nRZYZ7e5ieGaGWNwVkjljdkdGBVlYggg135Vj6uVZnl2Z0W1Wy/HYXG07Oz58LXhWir+bhZ+TPE4lyTDcS8O57w7jFF4XPcnzLKMRzRUkqWY4OthJy5Xu4xquS6ppNNPU/zMiCpIPBBII9wcGkr2H9oXwBF8Kfjv8AGT4Z24cWvgL4n+OfCVmXYsz2WgeJNS0yylLEksJrW2ilViSWVwxJJzXj1f6R4evTxWHoYmk70sRRpV6be7p1YRqQfzjJM/57cfgq+W47G5dioqOJwGLxOCxEU7qNfC1p0K0U9LpVKcknZbBRRRWxyBRRRQAUUUUAbPh3QdT8Ua7pHhzRbSa/1bW9Rs9L06yt42lnury9njt7eGONFZmZ5JFGApwMkjAr++/4FfArTf2bv2f/AIR/CDT1t5H8I6NqVpf30Eaq2o393qcurXt7I32W0kY3F7qVzOFkhBjMrICwG9v5e/8Agjf+z2PiT+0WPir4j0NNV8GfCG3e5mt7yLNrd+I/Eui69ZaEQs9heWk39nmCfUB5jRNBdR2EqMXZAf7EuPG4wM6YNMPteed9sH/br5Yj+y/7e7f/AA7ef5P8f+Jli8zy/hfD1L0srgsfmCi9HjsVTthqU10lh8JJ1PTGWesdP9QfoM+HTyvhvPfEnH0OXFcSVXkuRynFqUcly2tzY/E0m0r08fmkI0Ha+uUpp8s9fOaVeo+o/nXon/CBD/oKn/wCH/yXQPAQBB/tU8c/8eQ/+S6/nc/vc9Dorzw+PQCR/ZR44/4/R/8AIlH/AAno/wCgUf8AwNH/AMiUAHj3ppX1vf5WledV6Nx43HfTP7MP/X5532z/AMBfL8v7L/t7t/8ADt5T/hAh/wBBU/8AgEP/AJLoA87XqPqP519D154PAQBB/tU8c/8AHkP/AJLoPj0Akf2UeOP+P0f/ACJQB6HXnnj3ppX1vf5WlH/Cej/oFH/wNH/yJS8eNx30z+zD/wBfnnfbP/AXy/L+y/7e7f8Aw7eQDzmlXqPqP516J/wgQ/6Cp/8AAIf/ACXQPAQBB/tU8c/8eQ/+S6APQ6K88Pj0Akf2UeOP+P0f/IlH/Cej/oFH/wADR/8AIlAB496aV9b3+VpXnVejceNx30z+zD/1+ed9s/8AAXy/L+y/7e7f/Dt5T/hAh/0FT/4BD/5LoA87XqPqP50V6KPAQyP+Jqeo/wCXIev/AF90UAedN1P1P86SnEHJ4PU9j60mD6H8jQB6J4C6ar9bL+V3XodeeeAgQNVyMc2XX/t7r0OgAr54bqfqf519D188sDk8Hqex9aAG16L4C6ar9bL+V3XneD6H8jXongIEDVcjHNl1/wC3ugD0OiiigD54bqfqf50lOYHJ4PU9j60mD6H8jQB6J4C6ar9bL+V3XodeeeAgQNVyMc2XX/t7r0OgAr54bqfqf519D188sDk8Hqex9aAG16L4C6ar9bL+V3XneD6H8jXongIEDVcjHNl1/wC3ugD4D/4Km/s+n4q/AxfiNoVj9o8XfB+S61t/Jj3XN74MvFjTxLa/KAXGneRaa6pkYrDbWGoLEu+5bP8AMNX9117ZWmpWd3p9/bxXdjf209neWs8aywXNrcxNDcQTROGSSKaJ3jkR1KsjFWBBIr+Pb9sb9n+8/Zx+O3izwKsM3/CM3k58R+B7yQMVu/CmrTTSWMXmtkyz6VMlzo125wZLnT5JgojljJ/uf6K3HkcVl2YcAY+v/tGXOrmuRKctamAr1E8xwdO+l8Li6ixcIK8pQxmIkkoUHb/F39pl4JSyzP8AIvHHI8I/qPEEcNwzxo6NP3aGdYLDuOQ5rW5U3bMssoTyutVly06dXKsBBt1sar/LVFFFf2Cf5QhRRRQAUUUUAfub/wAEV7Hfqf7QWpbf+Pex+HNkGx/z9z+Mp2UH/tyUsB0+XPVa/euvxL/4Ivad5Xgz446ttx9s8S+ENP3+v9nabrNwF+i/2mT/AMC96/bSv8vvpCV/b+L3FzTvGnPJ6C8vY5DlcJL/AMGKb+Z/0ifQQwTwX0VvC2MlaeIpcV42TtbmWK424jq0n/4IdJX62uFFFFfjB/XgUUUUAFFFFABRRRQAUUUUAFFFFABRRRQAUUUUAFFFFABRRRQAUUUUAFFFFABRRRQAUUUUAFFFFABRRRQAUUUUAFFFFABRRRQAUUUUAFFFFABRRRQAUUUUAFFFFABRRRQB/BD/AMFRPD48M/t7/tJ6cqbBceN7fXSMYy3ifw9o3iRnx/tnVS5PQ7sivgWv1Y/4LSaP/Zn/AAUE+K95t2jXtB+G+rA4wH8rwD4f0csPXnSSCfUHPOa/Kev9E+Da7xPCPC9du8qnD+Tym73vP+z8Op6/41I/wK8XcEsv8VPEjBRjyww/HXFUKUe1H+28bKj99Jwfz67hRRRX0p+eBRRRQAVpaNpV5rmq6do+nwS3N7ql9aafaQQxySyzXN5PHbQRRxxJJI7ySyIipHG7szAKrMQDm1+vv/BIf9lp/jF8b1+KniXTZZfA3wkkttZhllti9tf+OLa802+8N2Aee1kt2FqPN1efypvtCfZLeNkSO6Eg8nPc6wfDuT5jnmPf+y5bhZ4icL8sq9RWhh8LBu9qmKxE6WHp6NKVRSeibPqeCOEM14+4t4f4OyWLeYcQZlRwNOry88MHh3zVcdmNaN1ehluBp4nHV0mnKnh5Qjecop/0EfsLfs16Z+zR8BPCHhs2a23jHX9C0TXPiBKYYY5ZfE89kZ7m2kZLaCaQaULr+y42nLMyWgk2o8kgP6IeAumq/Wy/ld153tI6Kfyr0TwECBquRjmy6/8Ab3X+dubZni86zPH5tj6ntcZmOKrYvET6e0rTc3GC+zTgmoU4LSFOMYqySR/vlwxw5lfCPDuScL5LQWHyrIcswmV4GlpzKhg6MaMZ1ZJL2les4utiKr96rXqVKs25TbfodFFFeee6fPDdT9T/ADpKcwOTwep7H1pMH0P5GgD0TwF01X62X8ruvQ6888BAgarkY5suv/b3XodABXzw3U/U/wA6+h6+eWByeD1PY+tADa9F8BdNV+tl/K7rzvB9D+Rr0TwECBquRjmy6/8Ab3QB6HRRRQB88N1P1P8AOkpzA5PB6nsfWkwfQ/kaAPRPAXTVfrZfyu69DrzzwECBquRjmy6/9vdeh0AKvUfUfzooXqPqP50UADdT9T/OkpW6n6n+dJQB5549JA0rBxze9P8At0rzvJ9T+Zr0Tx700r63v8rSvOqAHKTkcnqO59a+hq+eF6j6j+dfQ9ABXnnj0kDSsHHN70/7dK9Drzzx700r63v8rSgDzvJ9T+ZpVJyOT1Hc+tNpV6j6j+dAH0PRRRQB5549JA0rBxze9P8At0rzvJ9T+Zr0Tx700r63v8rSvOqAHKTkcnqO59a+hq+eF6j6j+dfQ9ABXnnj0kDSsHHN70/7dK9Drzzx700r63v8rSgDzvJ9T+Zr4J/4KBfs/n4xfCKbxRoVn5/jj4apd65piwx7rnVdBMav4g0YbQXlk+zwpqVjGA7tdWRtoFDXshP3rRtVvlYBlb5WUgEMp4IIPBBBwQeCK+g4V4kzDhHiHKeI8rny4zKsXTxMIttQr0tYYnCVbauji8POrhqyWvs6suVqSTXwnib4fZD4qcB8T+H/ABJS9plPE2V1sBVqRjGdbBYm8a2AzPCqXurF5Zj6WGx+Fb932+Hgp3g5J/xnkEEgjBHBB6g+hor9Cf8Agov+y8/7Pnxmudd8Oae0Hw0+Jct5r3hkwxkWmjaqZBJr3hkFQEiWyuZlvNNiCqg0u9toIjK9ncFPz2r/AFr4Y4iy3izIMr4iymp7TA5rhKeJpJte0ozd418NWSbUcRha8amHrxTajVpzSbVm/wDlv8RuAuIPC/jfiTgLifDvD51w1mdbL8TaMlRxVKNqmDzHCOSUp4LMsFUw+PwVRpOeGxFKUlGTcUUUUV7p8UFFFFAH9IP/AARv07yvgB8RNVIwb34s31kCf4l07wn4WmGPUBtRYZ5GdwByCB+u9fmL/wAEldM+wfsordbdv9s/EbxZqOcct5UGj6Vu9xjTQo/3a/Tqv8pPGbELE+KXG9RO6jnuIoX/AOwWFPDW+XsbfI/6dPoj4H+zvo1eDeHceV1OC8BjmrWv/aVXEZipf9vLFKV+t79Qooor8yP6MCiiigAooooAKKKKACiiigAooooAKKKKACiiigAooooAKKKKACiiigAooooAKKKKACiiigAooooAKKKKACiiigAooooAKKKKACiiigAooooAKKKKACiiigAooooAKKKKAP4yf+C72mfYP23ra62lf7Y+D3gjUckY3+XqPibS9wPcf8S3b3xtx2r8Xa/d/wD4OBrDyv2svhfqQXAvPgFoVqWAwGex8ffEJ2JPdgl5GpPOFVBxX4QV/oB4a1Pa8B8LS3tlNCn/AOCXKj+HJY/wt+kPh/qvjb4lUkrc3E+Lr/8AhVTo4pv5utf5hRRRX3B+MhRRRQB0fhHwvrHjXxPoHhPQLC51LWPEWsabounWVpFJNPcXuqXsFhaxIkSSOWkuLiKMYRvmYDBJxX9/X7Dv7Mmjfsn/ALOvgf4X2UUJ8QvYWniLx9qESRr/AGn441TTNPTW5hIlvbSTW9mbWDS7GSeJZ2srG3MwEhYD+cH/AII0/sjHxj4wvP2k/Gmmeb4a8G3U2k+A4pm2rc+NLWXRtQfWgsd0kskGkWU7Q24ktpbWS+uHfeJ7DYf6+a/lHx440WNxtDg/AVU8NllRYrOJwldVsxlC2Hwsmm044CjOUqkb6YmvKE4qeGTP9P8A6E/hBLJcnxfitnmF5cy4iw88t4Vp1oNVMJw+qsZY3MoxnFONTOsVRp06E0n/AMJ2DhWo1HRzGakV5549JA0rBxze9P8At0r0OvPPHvTSvre/ytK/nU/vk87yfU/maVScjk9R3PrTaVeo+o/nQB9D0UUUAeeePSQNKwcc3vT/ALdK87yfU/ma9E8e9NK+t7/K0rzqgByk5HJ6jufWvoavnheo+o/nX0PQAV5549JA0rBxze9P+3SvQ6888e9NK+t7/K0oA87yfU/maVScjk9R3PrTaVeo+o/nQB9D0UUUAeeePSQNKwcc3vT/ALdK87yfU/ma9E8e9NK+t7/K0rzqgBwJyOT1Hc+tFIvUfUfzooA9FPj0ZP8AxKj1P/L6PX/r0pP+E9H/AECj/wCBo/8AkSvO26n6n+dJQB6Nx43HfTP7MP8A1+ed9s/8BfL8v7L/ALe7f/Dt5T/hAh/0FT/4BD/5Lo8BdNV+tl/K7r0OgDzweAgCD/ap45/48h/8l0Hx6ASP7KPHH/H6P/kSvQ6+eG6n6n+dAHon/Cej/oFH/wADR/8AIlLx43HfTP7MP/X5532z/wABfL8v7L/t7t/8O3nzmvRfAXTVfrZfyu6AD/hAh/0FT/4BD/5LoHgIAg/2qeOf+PIf/Jdeh0UAeeHx6ASP7KPHH/H6P/kSj/hPR/0Cj/4Gj/5Erztup+p/nSUAejceNx30z+zD/wBfnnfbP/AXy/L+y/7e7f8Aw7eU/wCECH/QVP8A4BD/AOS6PAXTVfrZfyu69DoA88HgIAg/2qeOf+PIf/JdB8egEj+yjxx/x+j/AORK9Dr54bqfqf50Aeif8J6P+gUf/A0f/IlLx43HfTP7MP8A1+ed9s/8BfL8v7L/ALe7f/Dt585r0XwF01X62X8rugA/4QIf9BU/+AQ/+S6B4CAIP9qnjn/jyH/yXXodFAHxv+1D8PPD37SXwg8SfDbWdKhttQnj/tLwprclwJZNA8UWKSHTNRjAtN/kSF5LHUIkYNPpt3dwqySOkifyYeLPC2ueCfEut+EvEthNpmu+HtSutK1SynXDwXdpK0UgB+7JE+0SQzIWimhdJYmaN1Y/2IN1P1P86/Jr/gpD+y+3ijR3+PXgrTy+v+HrOODx7YWsWZdV8P2yhLfXwkY3SXmhxgQ3zFWaTSAkrOkembZP6k+jZ4oLhvOXwVnWIUMkz/ExlllarO1PLs7qKNOFNybtTw2aKMKE/swxcMNO0I1cRUP81/2hX0bp+IXCUfF/hHAOtxjwNl84cRYTDU718/4PoOderWUIputj+G5TrYykrKpWyurj6TlVnhcDQPwzooor/QQ/wnCiiigD+sH/AIJl6Z/Z37GfwrkK7JNTufG2oyAjk7/HHiG1iY8c7oLWJgeflIxX3vXyX+wnpn9k/sj/AALtdu3zfBcGo4xjP9r317qu4Djh/tm/PfdnmvrSv8h/ELE/W+PeNcVe6r8V8QVI9fclmuLcEn2UOVLyR/1U+A+X/wBleCPg/lzjyywfhjwJh6ita9WnwxlirSa6OVXnlLzbCiiivjz9XCiiigAooooAKKKKACiiigAooooAKKKKACiiigAooooAKKKKACiiigAooooAKKKKACiiigAooooAKKKKACiiigAooooAKKKKACiiigAooooAKKKKACiiigAooooAKKKKAP5O/wDg4VsPL+OPwH1Pbj7X8LtXsd3r9g8U3c+3/gP9oZH+8fWv566/pH/4OJLIR+L/ANmHUcHN14d+Jlnntix1LwfMB06g35PXuMAck/zcV/efhLU9r4ecNS/lw2Lp/wDgrMcZT/8AbbH+I30pKCw/j14hwtbmx+VV/nieHsoxF/n7W/4hRRRX6KfgAV9G/sp/s6+LP2pPjf4L+EfhSCQf21qljL4i1URrJb+HfCseoWcGua9dK9xaCSOwtrkGG3W4ilvLuS2s4WE1wlfPdnZ3OoXdtYWUMlzeXlxDa2tvEpaSe4nkWKGKNRyzySOqKByWYAcmv7ZP+CTP7Dlr+yz8GLXx14v0+P8A4XD8VNNstY1u4fd5vh3wzqdjpGo6b4QQJe3Fs0tpcQm71S4WGCaTUJWtiZLeyt5H+B8ReNKPBPD9bGxlCWa4znwuT4eSUufFON5YmcHvh8FCSrVbpxnN0aDt7dSX7l4AeD+M8YeOsLlVSFWnwzlDo5nxXjoOUPZZbGranl9GrG3Ljs3qQnhcNaSnSoxxeNiprByhL7j+En7O3hr4OfDnwf8ADbwncpZ6J4Q0LTNGtkjsWU3D2FlBazXs2++lY3N9JC11dOXdpLiWSR2d3Z29FPj0Akf2UeOP+P0f/Ileh188N1P1P86/gqvXrYmvWxOIqTrV8RVqVq1WpJzqVatWTnUqTk23KU5ycpNtttts/wBvcFg8Ll2DwuX4HD0sJgsDh6OEwmFoQjTo4fDYenGjQoUacUowp0qUIwhCKSjGKS0R6J/wno/6BR/8DR/8iUvHjcd9M/sw/wDX5532z/wF8vy/sv8At7t/8O3nzmvRfAXTVfrZfyu6yOkP+ECH/QVP/gEP/kugeAgCD/ap45/48h/8l16HRQB54fHoBI/so8cf8fo/+RKP+E9H/QKP/gaP/kSvO26n6n+dJQB6Nx43HfTP7MP/AF+ed9s/8BfL8v7L/t7t/wDDt5T/AIQIf9BU/wDgEP8A5Lo8BdNV+tl/K7r0OgDzweAgCD/ap45/48h/8l0Hx6ASP7KPHH/H6P8A5Er0Ovnhup+p/nQB6J/wno/6BR/8DR/8iUvHjcd9M/sw/wDX5532z/wF8vy/sv8At7t/8O3nzmvRfAXTVfrZfyu6AD/hAh/0FT/4BD/5LoHgIAg/2qeOf+PIf/Jdeh0UAeeHx6ASP7KPHH/H6P8A5Eo/4T0f9Ao/+Bo/+RK87bqfqf50lAHo3Hjcd9M/sw/9fnnfbP8AwF8vy/sv+3u3/wAO3lP+ECH/AEFT/wCAQ/8AkujwF01X62X8ruvQ6APPR4CGR/xNT1H/AC5D1/6+6K9DXqPqP50UAfPBByeD1PY+tJg+h/I19EN1P1P86SgDzzwECBquRjmy6/8Ab3XodeeePSQNKwcc3vT/ALdK87yfU/maAPoevnlgcng9T2PrQpORyeo7n1r6GoA+eMH0P5GvRPAQIGq5GObLr/2916HXnnj0kDSsHHN70/7dKAPQ6K+eMn1P5mlUnI5PUdz60ADA5PB6nsfWkwfQ/ka+h6KAPPPAQIGq5GObLr/2916HXnnj0kDSsHHN70/7dK87yfU/maAPoevnlgcng9T2PrQpORyeo7n1r6GoA+eMH0P5GvRPAQIGq5GObLr/ANvdeh15549JA0rBxze9P+3SgD0OivnjJ9T+ZpVJyOT1Hc+tAAwOTwep7H1qC4tobuCa1uoI7i2uYpILi3njWWGeCZDHLDLG4ZJI5EZkdGBVlJUggmvo2imm0002mmmmnZprVNNapp6prYUoxnGUJxUoyTjKMkpRlGSs4yTummm000007M/kx/bi/ZYu/gH47k8R+GrCc/C3xleSz6FcJGzweHtVl8y4uvC9zLgiPywstzo5lw1xpwaJXnmsbuSvhWv7M/2kPhl4V+L/AIEuvAHjCyW70fXbXUITIqp9q068QWr2WqafKyt5N9p9wEuLeTBQspimSSCSWN/5L/jr8FPFnwE+IereA/FULMbZzdaJq8cbJZa/ok0jix1WzZsjEqqY7mAO7Wl5HPayMWi3N/o34AeLcOOMmjw5neJX+teSYaMXUqyXPnWW0uWnTx8W3eeMoJwpZhHWU5Oni02q1WNH/n++nN9Fqr4N8WVOP+DcvkvDLjDH1Jqhhqb9jwhxDiXOvXyapGC5aOVY6Sq4rIp2jTowVfK2o/VMNPFeOUhzg7cbsHbnOM44zjJxnrjnFLRX9GH8An6SeC/+C42v/ALwB4B+FGofsq22qDwL4P8AD/heHX4/i7NY22vjQ9MttOl1eC1/4Vvdi0F/LA101kbu5ktDMIJJpWXzH3/+Iiy8/wCjTLb/AMPTL/8AOvr8ofEHh7SvE2ny6bq1ss8D5aNxhZ7aXBCz28uC0ci5PTKuCUkV0ZlPxz44+H+q+DbotIrXekzSEWmoxodhzkiG5UZ8m4VQcqSUkALRs2HVP5t4k8B+BKeLxWZy4feLhjMRWxWIrPM85VSFfEVHVqyqxhmEY8s6k5NThGMFezUfdP8AQnw/+m14118sy3h2nxzDLK2VYHC5dgMHHh3hOWHq4LAYelhsNDC1K+RVKrnSoUYQlRq1KlVxTmqlW83D+iT/AIiLLz/o0y2/8PTL/wDOvo/4iLLz/o0y2/8AD0y//Ovr+Zyivlf+IO+HH/ROR/8ADrnf/wA8v6u/K36X/wATZ/SB/wCi/l/4jXB/l/1T/l+L7n9Mf/ERZef9GmW3/h6Zf/nX0f8AERZef9GmW3/h6Zf/AJ19fzOUUf8AEHfDj/onI/8Ah1zv/wCeX9XflY/4mz+kD/0X8v8AxGuD/L/qn/L8X3P6Y/8AiIsvP+jTLb/w9Mv/AM6+j/iIsvP+jTLb/wAPTL/86+v5nKKP+IO+HH/ROR/8Oud//PL+rvysf8TZ/SB/6L+X/iNcH+X/AFT/AJfi+5/TH/xEWXn/AEaZbf8Ah6Zf/nX0f8RFl5/0aZbf+Hpl/wDnX1/M5RR/xB3w4/6JyP8A4dc7/wDnl/V35WP+Js/pA/8ARfy/8Rrg/wAv+qf8vxfc/pj/AOIiy8/6NMtv/D0y/wDzr6P+Iiy8/wCjTLb/AMPTL/8AOvr+Zyij/iDvhx/0Tkf/AA653/8APL+rvysf8TZ/SB/6L+X/AIjXB/l/1T/l+L7n9Mf/ABEWXn/Rplt/4emX/wCdfR/xEWXn/Rplt/4emX/519fzOUUf8Qd8OP8AonI/+HXO/wD55f1d+Vj/AImz+kD/ANF/L/xGuD/L/qn/AC/F9z+mP/iIsvP+jTLb/wAPTL/86+j/AIiLLz/o0y2/8PTL/wDOvr+Zyij/AIg74cf9E5H/AMOud/8Azy/q78rH/E2f0gf+i/l/4jXB/l/1T/l+L7n9Mf8AxEWXn/Rplt/4emX/AOdfR/xEWXn/AEaZbf8Ah6Zf/nX1/M5RR/xB3w4/6JyP/h1zv/55f1d+Vj/ibP6QP/Rfy/8AEa4P8v8Aqn/L8X3P6Y/+Iiy8/wCjTLb/AMPTL/8AOvo/4iLLz/o0y2/8PTL/APOvr+Zyij/iDvhx/wBE5H/w653/APPL+rvysf8AE2f0gf8Aov5f+I1wf5f9U/5fi+5/TH/xEWXn/Rplt/4emX/519H/ABEWXn/Rplt/4emX/wCdfX8zlFH/ABB3w4/6JyP/AIdc7/8Anl/V35WP+Js/pA/9F/L/AMRrg/y/6p/y/F9z+mP/AIiLLz/o0y2/8PTL/wDOvo/4iLLz/o0y2/8AD0y//Ovr+Zyij/iDvhx/0Tkf/Drnf/zy/q78rH/E2f0gf+i/l/4jXB/l/wBU/wCX4vuf0x/8RFl5/wBGmW3/AIemX/519H/ERZef9GmW3/h6Zf8A519fzOUUf8Qd8OP+icj/AOHXO/8A55f1d+Vj/ibP6QP/AEX8v/Ea4P8AL/qn/L8X3P6Y/wDiIsvP+jTLb/w9Mv8A86+j/iIsvP8Ao0y2/wDD0y//ADr6/mcoo/4g74cf9E5H/wAOud//ADy/q78rH/E2f0gf+i/l/wCI1wf5f9U/5fi+5/TH/wARFl5/0aZbf+Hpl/8AnX0f8RFl5/0aZbf+Hpl/+dfX8zlFH/EHfDj/AKJyP/h1zv8A+eX9XflY/wCJs/pA/wDRfy/8Rrg/y/6p/wAvxfc/pj/4iLLz/o0y2/8AD0y//Ovo/wCIiy8/6NMtv/D0y/8Azr6/mcoo/wCIO+HH/ROR/wDDrnf/AM8v6u/Kx/xNn9IH/ov5f+I1wf5f9U/5fi+5/TH/AMRFl5/0aZbf+Hpl/wDnX0f8RFl5/wBGmW3/AIemX/519fzOUUf8Qd8OP+icj/4dc7/+eX9XflY/4mz+kD/0X8v/ABGuD/L/AKp/y/F9z+mP/iIsvP8Ao0y2/wDD0y//ADr6P+Iiy8/6NMtv/D0y/wDzr6/mcoo/4g74cf8AROR/8Oud/wDzy/q78rH/ABNn9IH/AKL+X/iNcH+X/VP+X4vuf0x/8RFl5/0aZbf+Hpl/+dfR/wARFl5/0aZbf+Hpl/8AnX1/M5RR/wAQd8OP+icj/wCHXO//AJ5f1d+Vj/ibP6QP/Rfy/wDEa4P8v+qf8vxfc/pj/wCIiy8/6NMtv/D0y/8Azr6P+Iiy8/6NMtv/AA9Mv/zr6/mcoo/4g74cf9E5H/w653/88v6u/Kx/xNn9IH/ov5f+I1wf5f8AVP8Al+L7n9Mf/ERZef8ARplt/wCHpl/+dfR/xEWXn/Rplt/4emX/AOdfX8zlFH/EHfDj/onI/wDh1zv/AOeX9XflY/4mz+kD/wBF/L/xGuD/AC/6p/y/F9z+mP8A4iLLz/o0y2/8PTL/APOvo/4iLLz/AKNMtv8Aw9Mv/wA6+v5nKKP+IO+HH/ROR/8ADrnf/wA8v6u/Kx/xNn9IH/ov5f8AiNcH+X/VP+X4vuf0x/8AERZef9GmW3/h6Zf/AJ19H/ERZef9GmW3/h6Zf/nX1/M5RR/xB3w4/wCicj/4dc7/APnl/V35WP8AibP6QP8A0X8v/Ea4P8v+qf8AL8X3P6Y/+Iiy8/6NMtv/AA9Mv/zr6P8AiIsvP+jTLb/w9Mv/AM6+v5nKKP8AiDvhx/0Tkf8Aw653/wDPL+rvysf8TZ/SB/6L+X/iNcH+X/VP+X4vuf0x/wDERZef9GmW3/h6Zf8A519H/ERZef8ARplt/wCHpl/+dfX8zlFH/EHfDj/onI/+HXO//nl/V35WP+Js/pA/9F/L/wARrg/y/wCqf8vxfc/pj/4iLLz/AKNMtv8Aw9Mv/wA6+j/iIsvP+jTLb/w9Mv8A86+v5nKKP+IO+HH/AETkf/Drnf8A88v6u/Kx/wATZ/SB/wCi/l/4jXB/l/1T/l+L7n6X/wDBRL/gonJ+3y/wlkl+EkXwuf4XL42TdH41fxedcXxgfCrANu8L+Gxp/wDZp8NMRgXhuvt5z5H2ceb+aFFFfc5Pk+W5Bl2GynKcN9Uy/Ce1+r4f2tev7P29apiKv73E1a1aXNWrVJ+/Uly83LG0FGK/FeLOLOIOOOIMw4p4ox/9qZ7mn1X69jvquDwft3g8Hh8vwzeGwGHwuEpunhMLQpP2VCnz8ntKnNUlOciiiv0T/wCCcv7DniL9sr4x2FnewXNj8KPB13Y6x8QtdTahudPttQ08zeGdNf7XaSjVNXt7kobiBnbTrQy3nlySrb29xea5pgcly7F5rmdeOGwOCoyrYitLW0Y2UYQjvUq1JuNOjTj71SrOEI+9JGXDHDWdcY5/lXDPD2CqZhnGc4ung8Fhqd0nOd3OrWnZqjhsNSjUxGKxE/3eHw1KrWqNQpyZ97/8EWf2C0+I/i+L9p74oaSZPCHgbUYJPhxpVz8qav4x0+60vUrTxHMsV7FNJp+joJBYxS2sltc6mDNI2LAQ3H9ZoAAAAAAAAA6ADgAewFeMXXhHQPAHhLwR4K8Kadb6P4c8K6ND4f0XTbQOtvZ6ZpFlp1hZW8YkeSQrFbwRoGkkkkbGZJHYljgZPqfzNfwPxxxhjeNM9xGa4lSpYaN8PluC5uaODwUJN06faVao262JqJLnrTlypU404R/3E8GvCnJ/CDgrA8M5c6eJzCo1jeIM3VNQqZtm9WEY169n70MLQjGOGwFCTbo4WlDnc6861Wp9D188sDk8Hqex9aFJyOT1Hc+tfQ1fHn6ufPGD6H8jXongIEDVcjHNl1/7e69Drzzx6SBpWDjm96f9ulAHodFfPGT6n8zSqTkcnqO59aABgcng9T2PrSYPofyNfQ9FAHnngIEDVcjHNl1/7e69Drzzx6SBpWDjm96f9uled5PqfzNAH0PXzywOTwep7H1oUnI5PUdz619DUAfPGD6H8jXongIEDVcjHNl1/wC3uvQ6888ekgaVg45ven/bpQB6HRXzxk+p/M0qk5HJ6jufWgAYHJ4PU9j60mD6H8jX0PRQB554CBA1XIxzZdf+3uvQ6888ekgaVg45ven/AG6V53k+p/M0AfRC9R9R/OivngE5HJ6jufWigD6Hbqfqf50leenx6Mn/AIlR6n/l9Hr/ANelJ/wno/6BR/8AA0f/ACJQAePemlfW9/laV51Xo3Hjcd9M/sw/9fnnfbP/AAF8vy/sv+3u3/w7eU/4QIf9BU/+AQ/+S6APO16j6j+dfQ9eeDwEAQf7VPHP/HkP/kug+PQCR/ZR44/4/R/8iUAeh155496aV9b3+VpR/wAJ6P8AoFH/AMDR/wDIlLx43HfTP7MP/X5532z/AMBfL8v7L/t7t/8ADt5APOaVeo+o/nXon/CBD/oKn/wCH/yXQPAQBB/tU8c/8eQ/+S6APQ6K88Pj0Akf2UeOP+P0f/IlH/Cej/oFH/wNH/yJQAePemlfW9/laV51Xo3Hjcd9M/sw/wDX5532z/wF8vy/sv8At7t/8O3lP+ECH/QVP/gEP/kugDzteo+o/nX0PXng8BAEH+1Txz/x5D/5LoPj0Akf2UeOP+P0f/IlAHodeeePemlfW9/laUf8J6P+gUf/AANH/wAiUvHjcd9M/sw/9fnnfbP/AAF8vy/sv+3u3/w7eQDzmlXqPqP516J/wgQ/6Cp/8Ah/8l0DwEAQf7VPHP8Ax5D/AOS6APQ6K88Pj0Akf2UeOP8Aj9H/AMiUf8J6P+gUf/A0f/IlAB496aV9b3+VpXw9+1N+zZ4d/aP+H8+h3Qt9P8Y6Mk974L8SPHl9O1IoC9jduimWTR9U8tIL+FQ/lkQ3kUbz2sSn7i48bjvpn9mH/r8877Z/4C+X5f2X/b3b/wCHbyn/AAgQ/wCgqf8AwCH/AMl16mSZ1mfDua4HO8nxVTBZll2IhicLiKb1hOOjjOLvGpSqwcqVajNSp1qM50qkZQnJP5rjDhDh3j3hnOuD+LMsoZxw9n+Bq4DM8BiE+WrRqWlGpTnG1ShisNVjTxODxVGUK+FxVKjiKE4VqUJr+LLxp4M8S/D3xRrPg3xdpVzo3iHQbySy1GwuVw8ciHKSxOMpPa3ERS4tbmFngubeSOeF3jdWPL1/UR+2v+wVY/tA+E5fE3hG6tLX4t+GbGVtFnktUs4PFFjEGlPhvVLr7Qyo7tubSb6YMtndO0MrR2tzNJF/MVrWi6r4d1bUdC13T7rStY0i8uNP1LTr6F7e7sry1kaGe3nhkCukkciMrAjqMjIwa/1B8KfFDK/EzIY4uk6WEz3Awp0s8ylT97DV2rLFYZSbnUy/FSUpYeo3J0pc2HqydSnzT/5u/pO/Rt4l+jrxtUyvFLEZpwXnNWviODeKHStTzDBwalPLcwlTiqVDPMtjOFLG0EoRxEPZ4/DQjh8QqdLMqpfWNpqVpPY39vFdWlwhjmgmUOjqfUHoQcFWGGVgGUggGrdFfqTSknGSTi0000mmmrNNPRprRp6NH81QnOnKM4SlCcJKUJwk4yjKLvGUZJpxkmk00001dM+QfiH8LLvw00uq6Msl5oRJaReXudNz1WcAZktx/BcDlR8swDASSeO1+jzKrqyOqujqVZWAZWVhgqwOQQQcEEYIr5u+IvwiKefrfhSDKfPNeaPGMlAAWeXT1HLLwS1qMsvPkZG2JfhM74bdPnxeXQcqesquFjrKHeVFbyj1dPWUfsXj7sf2vg7xAjiPZZXn1WMK/u08NmM2owrvRRp4t6RhVe0a+kKm1Xln79T5yopWUqSrAqykggjBBHBBB5BBpK+LP1sKKKKACiiigAooooAKKKKACiiigAooooAKKKKACiiigAooooAKKKKACiiigAooooAKKKKACiiigAooooAKKKKACiiigAooooAKKKKACiiigAooooAKKKKACiiigAoor1f4J/Bfx78f/iR4a+F3w40eXWPEviXUbWyhRWjjt7G3nuoLafU7+4mkihtrCxE6y3M0kihU4Xc7IrZ1q1HDUauIxFWnQoUKc61atVnGnSpUqcXOpUqTk1GEIRTlKUmoxim20kdGDweKzDF4bAYHDV8ZjcbiKOFwmEw1KdfE4nE4ipGlQw9CjTUqlWtWqTjTp04RlOc5KMU20juv2Vv2ZfiB+1d8X/Dvwq8BWTtJf3NrdeI9bdI2sfC/hhb+ztNV8Qah5txarJFZJeJ5Fok6XF/dSQWdv+9nQ1/eJ+zD+zj4A/ZY+EHhr4TfD6wW3sdLtra51zUnMxvPEnid9OsbPWPEV/51zdmO61OSyjkNvDMbW0iWK1tUSCFBXzD+wr+zN4E/Yv8AhPZeEtE0ePVPG+tRWuo+PvF7ztDeazrcllZR3VsqF76ODSrC4t3TTbSCXyYY2kl+e4uLm4n+3v8AhPR/0Cj/AOBo/wDkSv4o8VPEipxlj1l2WVKlPhzL6reHi+aEsyxMbwePrwdmoRTlHB0pq9OnKVSajVqyjD/Yf6M/0fcP4S5J/b/ENGjiOP8APcLBY6p7lWPD+X1OSqsjwdVOUXWlOMama4qk+TEYiFPD0pVMPhadWsePemlfW9/laV51Xo3Hjcd9M/sw/wDX5532z/wF8vy/sv8At7t/8O3lP+ECH/QVP/gEP/kuvyI/qk87XqPqP519D154PAQBB/tU8c/8eQ/+S6D49AJH9lHjj/j9H/yJQB6HXnnj3ppX1vf5WlH/AAno/wCgUf8AwNH/AMiUvHjcd9M/sw/9fnnfbP8AwF8vy/sv+3u3/wAO3kA85pV6j6j+deif8IEP+gqf/AIf/JdA8BAEH+1Txz/x5D/5LoA9Dorzw+PQCR/ZR44/4/R/8iUf8J6P+gUf/A0f/IlAB496aV9b3+VpXnVejceNx30z+zD/ANfnnfbP/AXy/L+y/wC3u3/w7eU/4QIf9BU/+AQ/+S6APO16j6j+dfQ9eeDwEAQf7VPHP/HkP/kug+PQCR/ZR44/4/R/8iUAeh155496aV9b3+VpR/wno/6BR/8AA0f/ACJS8eNx30z+zD/1+ed9s/8AAXy/L+y/7e7f/Dt5APOaVeo+o/nXon/CBD/oKn/wCH/yXQPAQBB/tU8c/wDHkP8A5LoA9Dorzw+PQCR/ZR44/wCP0f8AyJR/wno/6BR/8DR/8iUAHj3ppX1vf5WledV6Nx43HfTP7MP/AF+ed9s/8BfL8v7L/t7t/wDDt5T/AIQIf9BU/wDgEP8A5LoA87XqPqP50V6KPAQyP+Jqeo/5ch6/9fdFAHnTdT9T/OkpxByeD1PY+tJg+h/I0AeieAumq/Wy/ld16HXnngIEDVcjHNl1/wC3uvQ6ACvnhup+p/nX0PXzywOTwep7H1oAbXovgLpqv1sv5Xded4PofyNeieAgQNVyMc2XX/t7oA9DooooA+eG6n6n+dJTmByeD1PY+tJg+h/I0AeieAumq/Wy/ld16HXnngIEDVcjHNl1/wC3uvQ6ACvnhup+p/nX0PXzywOTwep7H1oAbXovgLpqv1sv5Xded4PofyNeieAgQNVyMc2XX/t7oA9DooooA+eG6n6n+dJTmByeD1PY+tJg+h/I0AeieAumq/Wy/ld16HXnngIEDVcjHNl1/wC3uvQ6ACvxp/bY/YusPjjpt18QPAFrbaf8V9KtSZoF8u3tfG9jbJ8mn3znbHHrUESiPS9RkIWVQmn3zi3+z3Fl+y1fPLA5PB6nsfWvpOE+K874LzzB5/kOKlhcdhJWlF3lh8Xh5NOtg8ZSTSr4WvGKjUptppqNWlKnWp06kPz/AMT/AAx4P8X+Dc14G43yyGZZNmdO8Zx5aeOyzHU4yWEzbKsU4Tlg8ywU5udCvGMoyjKph8RTr4SviKFX+NvU9M1HRdRvdI1exutN1TTbqey1DT72CS2u7O7tpGintrm3mVJYZoZFZJI3VWVgQQCKo1/RT+2Z+xNpXx1sLnx14Dt7TRvivp9sS42pbWHjW2t48R2GqOFCQ6tHGoj03Vn4YBLK/Y23kXFj/Pbr2ga14X1nUfD3iLTL3Rtb0i7msdS0zUIJLa8s7qBykkU0Mqq6sCODjaykMpZSCf8ATjwx8UMi8TMmWMwE44TN8LCnHOMlqVFLEYGtJW9rSvyvEYCtJP6vioxSf8OrGnXjOmv+cn6Rn0buNfo7cWyynPKVTNOFsyrVp8KcYYehKGX5zhYPm+r4hJzjgM6wlNxWPy2pUcov/aMLPEYOpSryyKKKK/TD+dTxf4ifCq18QibV9CSO01oBpJrcbY7bUiOTu6LDdsekvEcrEiYBm81flC7s7qwuZrO8gltrm3kaOaGZGSSN16qysAR6jsQQRwRX6L15546+Hml+MrYygJZazChFtqCIP3mB8sF4oGZYSeFb/WQklkJUvG/ymd8OQxfPisDGNPFO8qlLSNOu+rXSFV99IzesrSvJ/p3B/H1XLPZZbnM518v0hQxTvOvglolGaScq2GXbWrRXwc8FGmviKitjXNB1Tw5qEum6tbPbXEROCeYpo8kLNBIPllicDKspODlWCurKMevz2cJ0pyp1IyhOEnGcJJxlGS0aaeqaP3ajWpYilTr0KkK1GrCNSlVpyU6dSEleMoSi2pRad007BRRRUGgUUUUAFFFFABRRRQAUUUUAFFFFABRRRQAUUUUAFFFFABRRRQAUUUUAFFFFABRRRQAUUUUAFFFFABRRRQAUUUUAFFFFABRRRQAUUUUAFFFFABRRXrnwS+B3xK/aE8f6P8N/hb4bv/EfiPV5SNtrbXUtnptrHG81xqOrXNvBcLYWFvFE7y3Mq7cgRxrJK6RtlXr0cNRq4jEVadDD0Kc61etWnGnSo0qcXKdSpUm1GEIRTlKUmoxSbbSOnB4LF5ji8NgMvwuIxuOxtelhcHg8LRqYjE4rE15xp0aGHoUoyqVa1WpKMKdOEZTnJqMU2zB+Gfwx8c/F/wAZaF4C+Hvh3UvEvibxDqNrpthY6daT3JWW7lESzXLQRyfZ7WEEy3FxIBHFEjuxwK/tx/4Jv/sG+Fv2OfhhBealp+n3/wAYPF1jbXHi3xVE+pGeOyvbLSLpvDVva6hFa/2faafqVrKZIxarcXE6+fcSglba21P2Dv8Agnf8L/2NPA0SS2WleMPixrKWdx4s8cXtjZXjQ3Vld3V1Z2Xhaa50y2v9L0y18+EsC32i6uraK5mfMUCRforX8d+KfipU4oqVciyKrUo8PUalq9dc1OpnFWnK6nOL5ZwwEJJSoYeaUqslHEV4qSpUqH+s30aPozUPDahh+NONcPh8Xx5iqLlgsE3DEYfhPD16fLKjSmnOlWzqrTlKGMxtJyhhoTngsFUlTeJxOM+eG6n6n+dJTmByeD1PY+tJg+h/I1+IH9knongLpqv1sv5Xdeh1554CBA1XIxzZdf8At7r0OgAr54bqfqf519D188sDk8Hqex9aAG16L4C6ar9bL+V3XneD6H8jXongIEDVcjHNl1/7e6APQ6KKKAPnhup+p/nSU5gcng9T2PrSYPofyNAHongLpqv1sv5Xdeh1554CBA1XIxzZdf8At7r0OgAr54bqfqf519D188sDk8Hqex9aAG16L4C6ar9bL+V3XneD6H8jXongIEDVcjHNl1/7e6APQ6KKKAPnhup+p/nSU5gcng9T2PrSYPofyNAHongLpqv1sv5Xdeh1554CBA1XIxzZdf8At7r0OgBV6j6j+dFC9R9R/OigAbqfqf50lK3U/U/zpKAPPPHpIGlYOOb3p/26V53k+p/M16J496aV9b3+VpXnVADlJyOT1Hc+tfQ1fPC9R9R/OvoegArzzx6SBpWDjm96f9uleh155496aV9b3+VpQB53k+p/M0qk5HJ6jufWm0q9R9R/OgD6HooooA888ekgaVg45ven/bpXneT6n8zXonj3ppX1vf5WledUAOUnI5PUdz619DV88L1H1H86+h6ACvPPHpIGlYOOb3p/26V6HXnnj3ppX1vf5WlAHneT6n8zSqTkcnqO59abSr1H1H86APoeiiigDzzx6SBpWDjm96f9uled5PqfzNeiePemlfW9/laV51QA5Scjk9R3PrX0NXzwvUfUfzr6HoAK/OT9u39jHwZ+0Rpln4h0mKy8MfFaztLqLTfFCQiODW4rVIDbaR4nWFDJdWnztHa6gFe900srR+fbLJZy/o3Xnnj3ppX1vf5Wle5w7xHnXCmb4XPMgx1bL8xwk+anWpO8akG17TD4ilK9PEYasly1qFWMqdSO6uk18bx94f8ACPifwtmfBvG+S4XPMgzWlyYjC4iNqlGrFP2GNwOJhavgcwwk37TC43DTp16FRXhOzlGX8X/xB+HnjD4XeKdS8G+OdEu9B1/S5Sk9pdJ8k0RJEV5ZXC7oL2xuVG+2vLaSSCZDlHOCBxVf1YftA/s3/Dv9onwwdE8YWP2XWbKOVvDvi2wjjTW9CuXGR5cpAF5p8rhftml3Ja2uFAdPIuo4LmL+dD4//s3fEf8AZ38Svo/jDTmudFu5pR4e8XWEUr6FrtupJXypyD9k1BIwDd6Zclbm3bLIJrZormX/AEb8JvG3I/EbDUsuxjo5RxZSpXxGVzqctDH8kb1MVlFSpJyrU2k51MHKUsVhkpX9vRh9Zl/z+/Sh+hzxp4AZhiM9yqOL4q8L8ViGsBxLSo8+MyT207Ucu4qoUIKGErqUo0aGa04Qy3MZcnL9TxdX6hT+fqKKK/cT+MzmPFPhPSPF2ntY6nCN6hja3kYUXNpIR9+JyOVJA8yJsxyADcMhWHxt4w8F6v4Ovzb30ZltJWb7FqESn7PdRg8YPPlzKMeZA53oeQXQq7feFZuraRp2uWM2napax3dpOuHjkHKt/DJE4+aKVDykiFXQ8givDzjJKGZwc48tHFxjaFZLSaW0KyWso9Iy+KHS691/Z8KcZY3h2qqFTnxWVVJ3q4Vy96i5Nc1bCuTtCfWVJtU6uvNyTaqR/PGivUPH3w11HwjM95aiS+0KR/3V2FzJaFmwsF4qjCnkKkwAjlOPuOwjry+vzPFYWvg606GIpunUg9U9mukoSWkoy3Uk2n6po/ofLsxwWa4SljcBXhiMPVWkovWMlbmp1IP3qdSF7ThNKS7WabKKKK5zuCiiigAooooAKKKKACiiigAooooAKKKKACiiigAooooAKKKKACiiigAooooAKKKKACiiigAooooAKKKKACiiigAooooAKKKKACiiv0u/YT/4JpfGD9sXXLXWrmxv/A3wds7gHV/Heq2N9Zrq6obxJNO8HNNptzaatfLcWb215dHdYaYzAXDyXJisp/OzbN8tyPAV8zzbGUcDgsPG9SvWlZNtPlp04pOdWtUaap0aUZ1Kj0hF2Z9BwtwrxDxrneD4d4XyrFZxnGPny0MHhIczUE17TEYirJxo4XCUVJSxGLxNSlh6EXzVakU0fN/7LP7JPxg/a3+IFp4F+F2gTzwq6P4g8V31rqCeFfCli8d1Kt7r2q2lleJaicWdxFY2oR7rULlPs9rDIwkKf2S/s3/sO/CP9jHwHovh7wTYR6t4u1GOeTxd4+1O1sX1/X76FmKbLuKyt57LTLeO+mt7HS43aG2gJDvcXMlzd3P09+z3+zd8JP2YvAVh8PfhL4YstD0u1Xdf6m1rYnxB4guzLcTG/wDEOrWtnaTareKbmWOGW4XFvb7La3SKBFQdp496aV9b3+VpX8Z+I/ipmHGVWeXZf7XL+HKdS8MK5cuIzGUJXhXzBwbXKmlOjhIylSou0pyrVYxqR/1z+j99GjIvCPDUc+zz6rn3H+IoWrZkoOeByGFWFquByKNWMZc7jJ0sTmtSFPFYqPNClDCYapUoVPO8n1P5mlUnI5PUdz602lXqPqP51+SH9Sn0PRRRQB5549JA0rBxze9P+3SvO8n1P5mvRPHvTSvre/ytK86oAcpORyeo7n1r6Gr54XqPqP519D0AFeeePSQNKwcc3vT/ALdK9Drzzx700r63v8rSgDzvJ9T+ZpVJyOT1Hc+tNpV6j6j+dAH0PRRRQB5549JA0rBxze9P+3SvO8n1P5mvRPHvTSvre/ytK86oAcpORyeo7n1r6Gr54XqPqP519D0AFeeePSQNKwcc3vT/ALdK9Drzzx700r63v8rSgDzvJ9T+ZpVJyOT1Hc+tNpV6j6j+dAH0PRRRQB5549JA0rBxze9P+3SvO8n1P5mvRPHvTSvre/ytK86oAcCcjk9R3PrRSL1H1H86KAPRT49GT/xKj1P/AC+j1/69KT/hPR/0Cj/4Gj/5Erztup+p/nSUAejceNx30z+zD/1+ed9s/wDAXy/L+y/7e7f/AA7eU/4QIf8AQVP/AIBD/wCS6PAXTVfrZfyu69DoA88HgIAg/wBqnjn/AI8h/wDJdB8egEj+yjxx/wAfo/8AkSvQ6+eG6n6n+dAHon/Cej/oFH/wNH/yJS8eNx30z+zD/wBfnnfbP/AXy/L+y/7e7f8Aw7efOa9F8BdNV+tl/K7oAP8AhAh/0FT/AOAQ/wDkugeAgCD/AGqeOf8AjyH/AMl16HRQB54fHoBI/so8cf8AH6P/AJEo/wCE9H/QKP8A4Gj/AORK87bqfqf50lAHo3Hjcd9M/sw/9fnnfbP/AAF8vy/sv+3u3/w7eU/4QIf9BU/+AQ/+S6PAXTVfrZfyu69DoA88HgIAg/2qeOf+PIf/ACXQfHoBI/so8cf8fo/+RK9Dr54bqfqf50Aeif8ACej/AKBR/wDA0f8AyJS8eNx30z+zD/1+ed9s/wDAXy/L+y/7e7f/AA7efOa9F8BdNV+tl/K7oAP+ECH/AEFT/wCAQ/8AkugeAgCD/ap45/48h/8AJdeh0UAeeHx6ASP7KPHH/H6P/kSj/hPR/wBAo/8AgaP/AJErztup+p/nSUAejceNx30z+zD/ANfnnfbP/AXy/L+y/wC3u3/w7eU/4QIf9BU/+AQ/+S6PAXTVfrZfyu69DoA88HgIAg/2qeOf+PIf/JdB8egEj+yjxx/x+j/5Er0Ovnhup+p/nQB6J/wno/6BR/8AA0f/ACJS8eNx30z+zD/1+ed9s/8AAXy/L+y/7e7f/Dt585r0XwF01X62X8rugA/4QIf9BU/+AQ/+S65Txr8CfCXxF8Oaj4S8a29j4i8P6pEYrvTtQ0wSRng7J4JBdia0u4GPmW15bPFc20oWWCVHUMPbqK2w+Ir4SvRxOFrVcNicPUhWoYihUnSrUa1OSnTq0qtNxnTqQklKE4SUoySaaaOXHYHBZng8Vl2ZYPC5hl+Ow9XCY3A42hSxWExeFrwlTr4bE4avGdGvQrU5Sp1aVWEqdSEnGUWm0fy3/tXf8E/PFXwon1Txr8J4dS8Y/DdXlurjS8G98VeE7cEs4vI7eGM6zpUA5GpWsC3FvCCdQtljhe+l/NgggkEEEEggjBBHBBB5BB6iv7L2AJYEAg5BBGQQcggg8EEdRX5z/tOf8E+PAvxdOoeLvhsbLwB8QphLcXEEcPl+FPEl0wLMdSs7dC2lX074L6np0TJI7PJeWNzLIZ0/s3wr+k0orDZF4jzbSUKOG4ppUnJ2VowWdYalFtu2jzDDQcn7rxOHbdXFH+Rf0mf2dLnPMONfo/0oRcnUxeY+GuJxChG7vOrPhHH4mooRTd5RyLMKsYR9+OXY5JYbLV/PPRXonxL+FHj/AOEHiO48LfELw1qHh7VYWcwm5j32OoQK20Xml6hFvs9Rs3PC3FpNKgbMb7JFZF87r+zMHjMJmGFoY3AYnD4zB4mnGthsVha1Ovh69KavCpSrUpSp1ISWqlGTT7n+Rua5TmmRZjjMnzrLsdlOa5dXqYXH5bmWFr4LH4LE0ny1KGKwmJhTr0KsHpKnUhGS6rUinghuoZbe5ijngmRo5oZUWSKWNxhkdGBVlYHBBBBr5b+Ivwlm0kz614aikuNM+aW605cvPYDktJB1ae1HVgcywAZYyR7nT6poIBBBGQeCD0I9DXPmOWYbM6Psq8bTjd0q0UvaUpPrF9Yuy5oP3ZLs0mu7h/iLMOHcWsRg6nNRm4rE4SbfsMTBPaS+xUir+zrRXPBu3vQc4S/N/p1or6j+Ivwkj1AT634XhSG9w0t3pSAJFdnlmltBwsVweS0PEcp5TZJkS/MEsMsEskM8bwzRO0ckUiskkbqSrI6MAysrAhlIBBBBAIr8wzHLMTllb2VeN4yu6VaKfs6sV1i3tJfag/ei+6ab/o3IeIcv4hwixOCqWqRUVicLUaVfDVGvhnFfFBtP2dWN4VEtGpKUIx0UUV557oUUUUAFFFFABRRRQAUUUUAFFFFABRRRQAUUUUAFFFFABRRRQAUUUUAFFFFABRRRQAUUUUAFFFFABRRRQAUUUUAFaGl6Vqet39ppWjafe6rqd9OltZafp1rNeXt3cSHEcFta26STzyueFjiR3bsDX1D+y9+xb8ev2tvFEWg/CzwjeSaTHOkWs+N9YtNUtPBfh+No7iQSaprdrp97Gsri1lSCxto7i+uZQEht2Adk/ro/Yl/4JbfAv9kmwtfEOpWFp8Svi3NAFv8Axj4j0/S9QstIkzexvH4Ns7nS459EhntbpYru4ea41C4KGNrsWzfZ6/PONvErh/gqlOliKqx+cOF6GT4SpF105K8J42racMDRejvUjKvOLUqOHqRblH978Hfo78deMGJpYrA4d5HwnGq44virMqFT6pJQko1KOU4ZypVc4xSfNFxw84YOjOE4YrG4eoo05/kx+wb/AMEUNf8AFUOk/FL9qlLvwvpD4utG+FgintvENyFa9h83xpbalpaLp9uzx2lxb6TbzNdzwy776W0KGzm/pG8N6r4a8GaLYeG/Cfg3SPDWgaTALXTdF0GOz0nS7G3VmYRWlhY6fBa28e93fZFEq73ZsZYk+wV88N1P1P8AOv434t41z7jPHfW83xP7mlKX1PL6HNDA4KEt40aTk+apJJKpXqupXqWSlUcYxjH/AFr8LfB/grwiyb+y+Fsv/wBrxEKf9q57jFCtnOcVaadp4vFKEFChCTlKhgcNGjg8O5SlToqpOpUn6J/wno/6BR/8DR/8iUvHjcd9M/sw/wDX5532z/wF8vy/sv8At7t/8O3nzmvRfAXTVfrZfyu6+SP1IP8AhAh/0FT/AOAQ/wDkugeAgCD/AGqeOf8AjyH/AMl16HRQB54fHoBI/so8cf8AH6P/AJEo/wCE9H/QKP8A4Gj/AORK87bqfqf50lAHo3Hjcd9M/sw/9fnnfbP/AAF8vy/sv+3u3/w7eU/4QIf9BU/+AQ/+S6PAXTVfrZfyu69DoA88HgIAg/2qeOf+PIf/ACXQfHoBI/so8cf8fo/+RK9Dr54bqfqf50Aeif8ACej/AKBR/wDA0f8AyJS8eNx30z+zD/1+ed9s/wDAXy/L+y/7e7f/AA7efOa9F8BdNV+tl/K7oAP+ECH/AEFT/wCAQ/8AkugeAgCD/ap45/48h/8AJdeh0UAeeHx6ASP7KPHH/H6P/kSj/hPR/wBAo/8AgaP/AJErztup+p/nSUAejceNx30z+zD/ANfnnfbP/AXy/L+y/wC3u3/w7eU/4QIf9BU/+AQ/+S6PAXTVfrZfyu69DoA88HgIAg/2qeOf+PIf/JdB8egEj+yjxx/x+j/5Er0Ovnhup+p/nQB6J/wno/6BR/8AA0f/ACJS8eNx30z+zD/1+ed9s/8AAXy/L+y/7e7f/Dt585r0XwF01X62X8rugA/4QIf9BU/+AQ/+S6B4CAIP9qnjn/jyH/yXXodFAHnh8egEj+yjxx/x+j/5Eo/4T0f9Ao/+Bo/+RK87bqfqf50lAHo3Hjcd9M/sw/8AX5532z/wF8vy/sv+3u3/AMO3lP8AhAh/0FT/AOAQ/wDkujwF01X62X8ruvQ6APPR4CGR/wATU9R/y5D1/wCvuivQ16j6j+dFAHzwQcng9T2PrSYPofyNfRDdT9T/ADpKAPPPAQIGq5GObLr/ANvdeh15549JA0rBxze9P+3SvO8n1P5mgD6Hr55YHJ4PU9j60KTkcnqO59a+hqAPnjB9D+Rr0TwECBquRjmy6/8Ab3XodeeePSQNKwcc3vT/ALdKAPQ6K+eMn1P5mlUnI5PUdz60ADA5PB6nsfWkwfQ/ka+h6KAPPPAQIGq5GObLr/2916HXnnj0kDSsHHN70/7dK87yfU/maAPoevnlgcng9T2PrQpORyeo7n1r6GoA+eMH0P5GvRPAQIGq5GObLr/2916HXnnj0kDSsHHN70/7dKAPQ6K+eMn1P5mlUnI5PUdz60ADA5PB6nsfWkwfQ/ka+h6KAPPPAQIGq5GObLr/ANvdeh15549JA0rBxze9P+3SvO8n1P5mgD6Hr55YHJ4PU9j60KTkcnqO59a+hqAPnjB9D+Rr0TwECBquRjmy6/8Ab3XodeeePSQNKwcc3vT/ALdKAPQ6K+eMn1P5mlUnI5PUdz60ADA5PB6nsfWkwfQ/ka+h6KAPnPVvhB8OPjR4W17wf8TPCel+KdEuBamKO/hxeafOyXafbdJ1GIx32l3yA4W7sbiCbaTGzNG7I34nftP/APBKXx/8PzqHi34DXN38R/CMfmXM3hO68pfHWjwDc5S0WNYrXxRBEo4+xx2uqsWSKPTLsh7g/v149JA0rBxze9P+3SvO8n1P5mv0ngHxW4w8OsQnkmPdbLJ1PaYrI8fz4jK8S3bnlGjzxnhK8klfE4OpQqytFVXVpr2b/nzxw+jJ4UePmAlDjHJFheIaNB0ct4yyVUsDxJgEl+6pzxfsqlLM8HTbdsBmlHF4aCnUlh44etJVo/xs39hfaXeXOnanZ3Wn6hZTy215Y31vLa3drcQuY5oLi3nRJoZopFZJI5EV0ZSrAEEVUr+p744/sofBv4/W8kni/wAPJYeJfK8q08Z6AItO8RW5C7YhcXCxPBqsEfRbbVbe7jjUuIPIdvMH5C/tE/8ABMj48fBlr7XPBtofi54Ht/MmGo+GLSQeJtPtVy2dW8KhprxzGoZpLjRZNVt1jQz3BtFOxf7n8P8A6QfBHGio4PH4iPC+ez5YPAZrXpxweIquytgM0ap4etzSajCjiVhMVOT5adGqlzv/ABc8c/oJeMfhDLGZvkmBn4kcF0HOqs84awlaebYHDRu+fO+G4yxGPwqpxUpVsVl88zy6lTj7XEYvDuXs4/m3XlXxA+GVh4sje/sBFY66i/LPt2wXwUfLFdhRw+PlS5ALqMCQSIqhfWpoZreWSC4ikgnido5YZkaOWORCVZJI3CujqQQysAQQQRmoq/cMThsPjaEqNeEatKautm07e7OEvsyW8ZL8U2n/ABpl2ZY7J8ZDGYGtPDYmi2m0tJRuuelWpy0nTla06c01dJ6SSa/O7U9Lv9HvZ9P1K2ltLu3cpJFKpU8dGU8q6MMMkiFkdSGVipBNCvuzxl4H0jxlZeVeIIL+FW+xalEoM8DHJCP0863Y/fhc8ZLRskmHHxt4m8Lav4U1B7DVICnJa3uUBa2u4gcCWCQgBh03KQHjJAdVJAr80zjI6+WTdSPNWwknaFZLWDe0KyXwy7S+GfS0rxX9D8K8Y4LiOkqM+TC5pThethHLSqopc1bCylrUpveVNt1KW0uaPLUnzlFFFeEfZBRRRQAUUUUAFFFFABRRRQAUUUUAFFFFABRRRQAUUUUAFFFFABRRRQAUUUUAFFFFABRRRQAUV0nhjwd4p8aatZaH4U8Pa14i1bUbiO1s9P0TS77VbyeeV0jSOK1sILi4kbdImVSNm+YfLyM/tB+y1/wRm+JXjx9L8UfH/Un+G3haU291/wAI1p8izeOb2FvssywXVlf6VNp+hiSF50mN7Jc3kMyCGbS1O9k8TPuI8j4Ywn1zPszw2XUnFulTqy5sViWrrlwmDpqWJxDuuVunTcIN3qThG8l9nwT4eca+I2ZrKuC+Hcwz3ExnGGJr4ekqeXZepW/eZnmmIdLL8BFRfOo4nEQq1YprD0q1S0H+OvgH4Z+O/ihr9j4Y8BeFde8U63qM6QW1joek6hqs5ZnjVpHjsLe4kjhhEqyXEzKEhizJIVUZr95v2Uv+CLF3JJpnjH9p3Vlt7WS3tL21+HnhbUd16HmglaW38VahdaM8EJjdoA1hpMzyDLl9RjkjML/0Wfs9/sn/AAH/AGYPDsPh/wCEHgDRdAmNtFb6n4lksrO58W68USASS614gNtHfXfnTW6XJtVeKwhmJNraQIERfoyv5k408dszzNVcBwlRqZNgpXhLM67hLN68dU3RUHOhl0ZJ/wDLuVfEqylDE0neJ/o34Q/Qq4d4clhs78T8Xh+Lc4hyVafDuDVWHC+BqLlko4qdWNLF59UhJNNYing8ulGUqdXL8SlGq/DfgX8P/BXw20C48L+A/C2heEtBsI7CG10vQNKstJtERWvpMmCxggjd2kmllkkdWkkllklkZpJHZvcq888ekgaVg45ven/bpXneT6n8zX4BUq1K1SdWtUnVq1JSnUq1JyqVKk5O8pznJuUpSbblKTbbd27n9yYfD4fCUKOFwtCjhsNh6cKOHw+Hpwo0KFGnFQp0qNKnGNOnThFKMIQjGMYpJJJH0PXzywOTwep7H1oUnI5PUdz619DVBsfPGD6H8jXongIEDVcjHNl1/wC3uvQ6888ekgaVg45ven/bpQB6HRXzxk+p/M0qk5HJ6jufWgAYHJ4PU9j60mD6H8jX0PRQB554CBA1XIxzZdf+3uvQ6888ekgaVg45ven/AG6V53k+p/M0AfQ9fPLA5PB6nsfWhScjk9R3PrX0NQB88YPofyNeieAgQNVyMc2XX/t7r0OvPPHpIGlYOOb3p/26UAeh0V88ZPqfzNKpORyeo7n1oAGByeD1PY+tJg+h/I19D0UAeeeAgQNVyMc2XX/t7r0OvPPHpIGlYOOb3p/26V53k+p/M0AfQ9fPLA5PB6nsfWhScjk9R3PrX0NQB88YPofyNeieAgQNVyMc2XX/ALe69Drzzx6SBpWDjm96f9ulAHodFfPGT6n8zSqTkcnqO59aABgcng9T2PrSYPofyNfQ9FAHnngIEDVcjHNl1/7e69Drzzx6SBpWDjm96f8AbpXneT6n8zQB9EL1H1H86K+eATkcnqO59aKAPodup+p/nSV56fHoyf8AiVHqf+X0ev8A16Un/Cej/oFH/wADR/8AIlAB496aV9b3+VpXnVejceNx30z+zD/1+ed9s/8AAXy/L+y/7e7f/Dt5T/hAh/0FT/4BD/5LoA87XqPqP519D154PAQBB/tU8c/8eQ/+S6D49AJH9lHjj/j9H/yJQB6HXnnj3ppX1vf5WlH/AAno/wCgUf8AwNH/AMiUvHjcd9M/sw/9fnnfbP8AwF8vy/sv+3u3/wAO3kA85pV6j6j+deif8IEP+gqf/AIf/JdA8BAEH+1Txz/x5D/5LoA9Dorzw+PQCR/ZR44/4/R/8iUf8J6P+gUf/A0f/IlAB496aV9b3+VpXnVejceNx30z+zD/ANfnnfbP/AXy/L+y/wC3u3/w7eU/4QIf9BU/+AQ/+S6APO16j6j+dfQ9eeDwEAQf7VPHP/HkP/kug+PQCR/ZR44/4/R/8iUAeh155496aV9b3+VpR/wno/6BR/8AA0f/ACJS8eNx30z+zD/1+ed9s/8AAXy/L+y/7e7f/Dt5APOaVeo+o/nXon/CBD/oKn/wCH/yXQPAQBB/tU8c/wDHkP8A5LoA9Dorzw+PQCR/ZR44/wCP0f8AyJR/wno/6BR/8DR/8iUAHj3ppX1vf5WledV6Nx43HfTP7MP/AF+ed9s/8BfL8v7L/t7t/wDDt5T/AIQIf9BU/wDgEP8A5LoA87XqPqP519D154PAQBB/tU8c/wDHkP8A5LoPj0Akf2UeOP8Aj9H/AMiUAeh155496aV9b3+VpR/wno/6BR/8DR/8iUvHjcd9M/sw/wDX5532z/wF8vy/sv8At7t/8O3kA85pV6j6j+deif8ACBD/AKCp/wDAIf8AyXQPAQBB/tU8c/8AHkP/AJLoA9Dorzw+PQCR/ZR44/4/R/8AIlH/AAno/wCgUf8AwNH/AMiUAHj3ppX1vf5WledV6Nx43HfTP7MP/X5532z/AMBfL8v7L/t7t/8ADt5T/hAh/wBBU/8AgEP/AJLoA87XqPqP519D9eteeDwEAQf7VPHP/HkP/kug+PQCR/ZR44/4/R/8iUAeIfHn9if9nz9oWO6u/GPg230rxVOjbPG/hMQ6H4mWUjCzXdxDC9nrJXgBNbs9QVV4i8s4YfiH+0J/wSx+L/wskk1X4a6rZfFbw3IbiWGzhjTRfGFrDCUZkm0q4nex1IxpKiLJpuoNdXTqzJpcOVjr+iv/AIT0f9Ao/wDgaP8A5EpePG476Z/Zh/6/PO+2f+Avl+X9l/292/8Ah28/q/BPjTx9wL7LD5dm0swyqnZLJs558fgYwX2MM5VIYrAxSvaODxFClzPmnTnsfzB4xfRA8DvGh4rH59wvDIeJ8QpSfFvCbpZLnNStLV1sfCnRqZZnE5OynVzbAYvE8i5KWIo3ufxQ674e17wvqVxo3iTRdV0DVrRzHdaZrFhdabfW7jPyzWt3FDNGeONyDI5GRXGeIPD2leJtPl03VrZZ4Hy0bjCz20uCFnt5cFo5FyemVcEpIrozKf7TfiB+zT8Nfippx0v4g6BoPiq1CssL6pocUl7ab87msNSjuo9Q0+RsnMtldQScn5ua/Nv4s/8ABHPwbq/2vUvg98Rr7wpesHkh8O+KbGTWdBaQ52QQatDcjWdPgHBMlzHrkvXjkY/q/hT6UXBWeU4YPizA4rhrE1IqnVrOE81yeo37r/fYeksZRU3ry1cFKnST9/Ey5XN/5ieJ37Nvxh4Mr1c28L86y3xDy/D1HXw2FjVp8M8V4dQbnG2Fx2JeU4uVKKt7TDZxSxGIkv3WXxc1SX8iHjj4f6r4Nui0itd6TNIRaajGh2HOSIblRnybhVBypJSQAtGzYdU4Cv3E+Ln7DX7QPw+t7+38R/Dm68WeHdsiTav4RU+KNMlgXO+eW3sozq1jEmA/nahptl5fDhhjI/KH4kfCbUfCU1xf6dBcTaQkjieCWNxe6U6sVaK5jZQ7QowKicqGQjZOFYB5P0edPJ82wzzbhXNcBneWNKdR5djKONeF5tbT9jUnNRX2o1FGrSs1UjZOS/n+nU4t4YzCHC/iXwxnnB3EcW6dCOf5Vi8phmXI1HmofW6NGnOpNtONTDyqYXEcylh5+/Cm/GaKKK8o+iCiiigAooooAKKKKACiiigAooooAKKKKACiiigAooooAKKKKACiitDTdJ1TWLyDT9J0+91K+upUhtrSxtprq4nlc7UjihhR5HdicBVUk+lJtRTlJqMUm3JtJJLVtt6JJatvYqEJ1JRhTjKc5yUYQhFylKTdlGMYpuUm9Ekm29EZ9FfpJ8Bv+CU37Yvx3Wx1Ow+Hq+DfC100LSeIPGOraPpMsUD/AGaR5E8PzagviCR0trqOdFk06COXIjE6tu2/rx+z5/wRW+CngmbT9b+OOu6n8Wb5Ps89z4ZSO88I6BFL/os0tu8+heIZ9Tu/KdLi287+0YoJ1cSNaBQEb8+z/wAUeCuHVUhic4pY3Fw5l9Ryq2PxDnHenOdKSw1CfliMRRf3O37twL9Gvxg4+dCtl/CuJyfLK3I/7Y4m5skwKpT1ValSxNN5jjKTjeSngcDiYtW1V1f+ZvwF8NPHvxR1618M/D/wprXivW7yWGGGx0iyluGVriaOCN55sLb2sJlkRWuLmWGCMHdJIqgkfs58Av8AgiH8X/ESaR4g/aC163+GWiXypeQ+H9FOjeKtcv7VP7PmaC5v9P10WGjvcQ3UyrJGuqvEYGEkUbugr+m/4V+EfhV8EvD8Phb4V/DXR/BehQAbNP0i5lWIuIbeAyyNPFPLLNJHaw+bNJI8srq0kjtJJIzep8eNx30waYfa8877Z/4C+X5f2X/b3b/4dvP4NxL4957mHtMPw5g6WSYd3isXW5MZmMo6WlDmj9VwzavdKliJxunCsmlI/t3w6+hBwVkToY/j/NcTxjj4ck3leEVXKcgp1Fq4VHTqPM8wjGVuWcsRgaVRJqrhJRk4nwl+z9+xr8Af2a7OAfDTwPY6frv2SO21HxRPc6pe6zqjhbRria4uNS1G/aJLi5s47n7JbtHaQOWS3hjjLBvqheo+o/nXon/CBD/oKn/wCH/yXQPAQBB/tU8c/wDHkP8A5Lr8Nx2YY7M8TUxmY4zE47FVXepiMXWqV60/WpUlKVl0je0Vokkf2fk2R5Nw7l9DKshyrL8myzDR5aGAyzCUMFhaS0u40MPCnT5pWvObi5zleU5Sk2z0OivPD49AJH9lHjj/AI/R/wDIlH/Cej/oFH/wNH/yJXIeoHj3ppX1vf5WledV6Nx43HfTP7MP/X5532z/AMBfL8v7L/t7t/8ADt5T/hAh/wBBU/8AgEP/AJLoA87XqPqP519D154PAQBB/tU8c/8AHkP/AJLoPj0Akf2UeOP+P0f/ACJQB6HXnnj3ppX1vf5WlH/Cej/oFH/wNH/yJS8eNx30z+zD/wBfnnfbP/AXy/L+y/7e7f8Aw7eQDzmlXqPqP516J/wgQ/6Cp/8AAIf/ACXQPAQBB/tU8c/8eQ/+S6APQ6K88Pj0Akf2UeOP+P0f/IlH/Cej/oFH/wADR/8AIlAB496aV9b3+VpXnVejceNx30z+zD/1+ed9s/8AAXy/L+y/7e7f/Dt5T/hAh/0FT/4BD/5LoA87XqPqP519D154PAQBB/tU8c/8eQ/+S6D49AJH9lHjj/j9H/yJQB6HXnnj3ppX1vf5WlH/AAno/wCgUf8AwNH/AMiUvHjcd9M/sw/9fnnfbP8AwF8vy/sv+3u3/wAO3kA85pV6j6j+deif8IEP+gqf/AIf/JdA8BAEH+1Txz/x5D/5LoA9Dorzw+PQCR/ZR44/4/R/8iUf8J6P+gUf/A0f/IlAB496aV9b3+VpXnVejceNx30z+zD/ANfnnfbP/AXy/L+y/wC3u3/w7eU/4QIf9BU/+AQ/+S6APO16j6j+dfQ9eeDwEAQf7VPHP/HkP/kug+PQCR/ZR44/4/R/8iUAeh155496aV9b3+VpR/wno/6BR/8AA0f/ACJS8eNx30z+zD/1+ed9s/8AAXy/L+y/7e7f/Dt5APOaVeo+o/nXon/CBD/oKn/wCH/yXQPAQBB/tU8c/wDHkP8A5LoA9Dorzw+PQCR/ZR44/wCP0f8AyJR/wno/6BR/8DR/8iUAHj3ppX1vf5WledV6Nx43HfTP7MP/AF+ed9s/8BfL8v7L/t7t/wDDt5T/AIQIf9BU/wDgEP8A5LoA87XqPqP50V6KPAQyP+Jqeo/5ch6/9fdFAHnTdT9T/OkpxByeD1PY+tJg+h/I0AeieAumq/Wy/ld16HXnngIEDVcjHNl1/wC3uvQ6ACvnhup+p/nX0PXzywOTwep7H1oAbXovgLpqv1sv5Xded4PofyNeieAgQNVyMc2XX/t7oA9DooooA+eG6n6n+dJTmByeD1PY+tJg+h/I0AeieAumq/Wy/ld16HXnngIEDVcjHNl1/wC3uvQ6ACvnhup+p/nX0PXzywOTwep7H1oAbXovgLpqv1sv5Xded4PofyNeieAgQNVyMc2XX/t7oA9DooooA+eG6n6n+dJTmByeD1PY+tJg+h/I0AeieAumq/Wy/ld16HXnngIEDVcjHNl1/wC3uvQ6ACvnhup+p/nX0PXzywOTwep7H1oAbXovgLpqv1sv5Xded4PofyNeieAgQNVyMc2XX/t7oA9DooooA+eG6n6n+dJTmByeD1PY+tJg+h/I0AeieAumq/Wy/ld16HXnngIEDVcjHNl1/wC3uvQ6ACvnhup+p/nX0PXzywOTwep7H1oAbXovgLpqv1sv5Xded4PofyNeieAgQNVyMc2XX/t7oA9DooooA+eG5LZ9TXkHxD+Afwa+K0M8fj/4ceFvEUtxGYpNQuNMittYEbKUZI9asfsurRKVOCIrxAcAkZAI9gYHJ4PU9j60mD6H8jXZgcxx+V4iGLy3HYzL8XT+DE4HE1sJiIap+7WoTp1I6pPSS2R5OdZDkfEeBq5XxDk2VZ7ltb+Nl+c5fhMzwNXRr95hcbRr0J6Nr3qb0bXVn43/ABF/4IU/A34l3Oq6n8J/iB4j+El0Ckn9lXumL450MTXDyMFtIrrWNC1G0gVYmXZLqd7t8zcgARYz+a/xP/4Ib/tl+DpLiXwNp/hf4pWEe5oW0nxFoPhvUpI1EZzLYeJdXsreNzucCOHUrosYyAcsmf6/PAQIGq5GObLr/wBvdeh1+l5R408e5Xyxq5lQzelGyVPN8LDES0tdvE0JYbGTk7ayq4io/wAT+eeKfoh+CHErlUw/D2L4WxMnJuvwvmNXA09bWjHL8ZDMMqowjb3YYfA0Uk2tkrf50vxJ/ZZ/aF+EU00XxE+EnjPw0kBIku7jSpbrTcjyydmqaebvTpeJoj+6un4dT05rwV4pUOHjdCOzIyn07gV/povHG4IkRHGDkOoYY79Qe1fA3j79mL4CfE+Webx58KvCfiW4mJL3V9p5F3u/d/Ol1A8NxG58pMvHIrn5ufnfd+j5b9ImD5Y5xw1JK3v18txyk29L8uFxVGNla9r4tu+jb3X8+cQfQGqJVKnCviHCbu/ZYPiDJXC0eiqZll2LndrZuOVRT3SVuV/wRkEdQR9aK/sk8af8Elf2K/FSO2m/DS58JXjli95onivxo+SdgG2zvvEdzp8YUKwAS1GS+T90A+BS/wDBBH4MeKjft4a+MXjPwqYTAYkvtBsPEUSmbzMgL/aekSsq+Ucb53b5+W4FfbYHx14DxSX1irmuWt6NYzLpVUnezaeAq4y66ptJ23SZ+PZz9CnxryyTWAocM8QwSvGWV57DDNrTRxzvDZTaSvquZx0dpNan8rFFf0j+KP8Ag3j8U2hZ/CX7SOm6yCrssWq/DVtGKsFUqhmh8eanv3MWXeIIwMZKc8+C67/wQR/atsWkOh+LfhtrkSBipm1O60qaTG/G2KSC6QFgF4adQN3LcGvpcL4p+H+LSdLifAQv0xUMXg2vVYvD0Wvno+lz88zH6M/jrlcnHEeHOc1rdcurZZm0X5p5Zj8Wn8tejV9D8MqK/Vm//wCCN/7Z1ozLbeGvC+pbc4a28YeH4QxBIwPtt/bEZAB+YDg88jFc7L/wSI/bjjfanww02Yf34/HvgAL+UviaNv8Ax2vUjx3wVNJrizh7X+bNsFB9N1Ksmt+36X+aqeCXjDSdp+GHHbadv3fC+cVl8nSwk01rum15n5kUV+n2nf8ABHn9vfVWkWz+D9m6w7PNdviH8NYwvmb9nD+LlZs7G+6DjHIyRnobb/gix+35M2JfhZo1oMgbpviJ8PXGCRzi38TTNxknpnj1IzT444LW/FvDnyznL31S6V332620vpfOPgv4vyaS8L+P9f5uEs9gunWWBSW63fU/KCiv2L03/ghz+3BesBeaF4J0gHGWvPGmiThQSMk/2fc3jcAkkBT0OM8V0Wh/8EPv2irxkGveNvAuioSN5tXutXdAduflzYKxXLZAfGV4JyM8lbxG4FoJufFeSysr2o4yGIfTZUPaN76WTvbTpf1MJ9H/AMasbJQo+GfFsHLZ4rK6uBitt5436vGO+t2rdbH4pUV/Q94d/wCCDN9Iqy+Jv2iY7VsIXtNM+Gn2rJZTvUXkvjqHGxsDP2Qh+T7V9TfDD/gg/wDs+SPcS+MfiN458StaG3/cWttaaDaTiX7RuDpBdXd2oGyPBjvVPDZ5YFfAxXjP4eYZS5c6rYucb+5hcszGV2raRnWw1Ck733VTl03PuMu+iF484/2bqcJYXLKdSzVTMeIchhyJvepRwmYYvEwtu4uhzpfZvofyd4J6AmrEFpdXMiRW9vPNI7BUSKKSR3Y8BVVFZmYngAAk+lf3QeCf+CQ/7BPgyOFz8E7bxDqEX3tQ1/xZ47vzMcsAZLCbxS+l/dYKVSyRWILFSSAv2f8AD39n/wCCvwnRY/hx8NfCfg5EUqP7E0uK0O0iUNuZcs24TSbixJO7JJIGPkMw+kLw9RjL+zMjzbG1E2o/W6mEy+lK2z56VTH1En50lK26TP1bI/oG8dYqdKXEXGfDGUUJJOqsrw+Z53iqaaTcfZ4ijktCU46p2xLhfaUlqfwQ/Df9jj9pn4sywR+BPhB4p1VLk4hu7uKz0HT5B+8JK6l4gu9LsCoEUhJ+0YG05IJGf0A+Gf8AwRQ/aQ8TzQP8Rdc8NfDOxcjzlSbT/GOqQjEhP+h6TrVrYSH5I1AXVx80vYIxr+rfywpIVAoyeAuO/sKXB9D+Rr4DNfH/AIqxanDK8BlWUQkmo1HCpmGKg+6qYiUMM2u0sE1ffTQ/c+GfoM+GOVulV4kzriXimvCSlOiq2HyTLasVZ8ksPgqdbMIptNNwzaL5XZWa5j8mf2e/+CHn7Mug3Ml98U9a8Q/F6Sy+zl7C5fUfBmjztKt5ybfw7ry6koVlgbY+ryI3klWQrK4r9ffhR+zZ8CvgdZGw+FHwz8M+CoGEQlfSraU3dz5Mjyxtd311NcXt24kkZi9zPKzYRWJVEC9b4CBA1XIxzZdf+3uvQ6/Lc54x4o4hclnGe5jjacrXw8q8qWE0d1bB0PZYVNWWqop6LXRH9K8JeE/hvwKoPhTgzIcor078uPp4KGJzTVKLUs2xrxOZyTS+GWLcdW0lzO6AADAAA9AMCvnlup+p/nX0PXzywOTwep7H1r5o/Qhtei+Aumq/Wy/ld153g+h/I16J4CBA1XIxzZdf+3ugD0OiiigD54bqfqf50lOYHJ4PU9j60mD6H8jQB6J4C6ar9bL+V3XodeeeAgQNVyMc2XX/ALe69DoAK+eG6n6n+dfQ9fPLA5PB6nsfWgBtei+Aumq/Wy/ld153g+h/I16J4CBA1XIxzZdf+3ugD0OiiigD54bqfqf50lOYHJ4PU9j60mD6H8jQB6J4C6ar9bL+V3XodeeeAgQNVyMc2XX/ALe69DoAK+eG6n6n+dfQ9fPLA5PB6nsfWgBtei+Aumq/Wy/ld153g+h/I16J4CBA1XIxzZdf+3ugD0OiiigD54bqfqf50lOYHJ4PU9j60mD6H8jQB6J4C6ar9bL+V3XodeeeAgQNVyMc2XX/ALe69DoAK+eG6n6n+dfQ9fPLA5PB6nsfWgBtei+Aumq/Wy/ld153g+h/I16J4CBA1XIxzZdf+3ugD0OiiigD54bqfqf50lOYHJ4PU9j60mD6H8jQB6J4C6ar9bL+V3XodeeeAgQNVyMc2XX/ALe69DoAVeo+o/nRQvUfUfzooAG6n6n+dJSt1P1P86SgDzzx6SBpWDjm96f9uled5PqfzNeiePemlfW9/laV51QA5Scjk9R3PrX0NXzwvUfUfzr6HoAK888ekgaVg45ven/bpXodeeePemlfW9/laUAed5PqfzNKpORyeo7n1ptKvUfUfzoA+h6KKKAPPPHpIGlYOOb3p/26V53k+p/M16J496aV9b3+VpXnVADlJyOT1Hc+tfQ1fPC9R9R/OvoegArzzx6SBpWDjm96f9uleh155496aV9b3+VpQB53k+p/M0qk5HJ6jufWm0q9R9R/OgD6HooooA888ekgaVg45ven/bpXneT6n8zXonj3ppX1vf5WledUAOUnI5PUdz619DV88L1H1H86+h6ACvPPHpIGlYOOb3p/26V6HXnnj3ppX1vf5WlAHneT6n8zSqTkcnqO59abSr1H1H86APoeiiigDzzx6SBpWDjm96f9uled5PqfzNeiePemlfW9/laV51QA5Scjk9R3PrX0NXzwvUfUfzr6HoAK888ekgaVg45ven/bpXodeeePemlfW9/laUAed5PqfzNKpORyeo7n1ptKvUfUfzoA+h6KKKAPPPHpIGlYOOb3p/26V53k+p/M16J496aV9b3+VpXnVADlJyOT1Hc+tfQ1fPC9R9R/OvoegArzzx6SBpWDjm96f9uleh155496aV9b3+VpQB53k+p/M0qk5HJ6jufWm0q9R9R/OgD6HooooA888ekgaVg45ven/bpXneT6n8zXonj3ppX1vf5WledUAOUnI5PUdz619DV88L1H1H86+h6ACvPPHpIGlYOOb3p/26V6HXnnj3ppX1vf5WlAHneT6n8zSqTkcnqO59abSr1H1H86APoeiiigDzzx6SBpWDjm96f9uled5PqfzNeiePemlfW9/laV51QA5Scjk9R3PrX0NXzwvUfUfzr6HoAK888ekgaVg45ven/bpXodeeePemlfW9/laUAed5PqfzNKpORyeo7n1ptKvUfUfzoA+h6KKKAPPPHpIGlYOOb3p/26V53k+p/M16J496aV9b3+VpXnVADlJyOT1Hc+tfQ1fPC9R9R/OvoegArzzx6SBpWDjm96f9uleh155496aV9b3+VpQB53k+p/M0qk5HJ6jufWm0q9R9R/OgD6HooooA888ekgaVg45ven/bpXneT6n8zXonj3ppX1vf5WledUAOUnI5PUdz619DV88L1H1H86+h6ACvPPHpIGlYOOb3p/26V6HXnnj3ppX1vf5WlAHneT6n8zSqTkcnqO59abSr1H1H86APoeiiigDzzx6SBpWDjm96f9uled5PqfzNeiePemlfW9/laV51QA5Scjk9R3PrX0NXzwvUfUfzr6HoAK888ekgaVg45ven/bpXodeeePemlfW9/laUAed5PqfzNKpORyeo7n1ptKvUfUfzoA+h6KKKAPPPHpIGlYOOb3p/26V53k+p/M16J496aV9b3+VpXnVADgTkcnqO59aKReo+o/nRQB6KfHoyf+JUep/wCX0ev/AF6Un/Cej/oFH/wNH/yJXnbdT9T/ADpKAPRuPG476Z/Zh/6/PO+2f+Avl+X9l/292/8Ah28p/wAIEP8AoKn/AMAh/wDJdHgLpqv1sv5Xdeh0AeeDwEAQf7VPHP8Ax5D/AOS6D49AJH9lHjj/AI/R/wDIleh188N1P1P86APRP+E9H/QKP/gaP/kSl48bjvpn9mH/AK/PO+2f+Avl+X9l/wBvdv8A4dvPnNei+Aumq/Wy/ld0AH/CBD/oKn/wCH/yXQPAQBB/tU8c/wDHkP8A5Lr0OigDzw+PQCR/ZR44/wCP0f8AyJR/wno/6BR/8DR/8iV523U/U/zpKAPRuPG476Z/Zh/6/PO+2f8AgL5fl/Zf9vdv/h28p/wgQ/6Cp/8AAIf/ACXR4C6ar9bL+V3XodAHng8BAEH+1Txz/wAeQ/8Akug+PQCR/ZR44/4/R/8AIleh188N1P1P86APRP8AhPR/0Cj/AOBo/wDkSl48bjvpn9mH/r8877Z/4C+X5f2X/b3b/wCHbz5zXovgLpqv1sv5XdAB/wAIEP8AoKn/AMAh/wDJdA8BAEH+1Txz/wAeQ/8AkuvQ6KAPPD49AJH9lHjj/j9H/wAiUf8ACej/AKBR/wDA0f8AyJXnbdT9T/OkoA9G48bjvpn9mH/r8877Z/4C+X5f2X/b3b/4dvKf8IEP+gqf/AIf/JdHgLpqv1sv5Xdeh0AeeDwEAQf7VPHP/HkP/kug+PQCR/ZR44/4/R/8iV6HXzw3U/U/zoA9E/4T0f8AQKP/AIGj/wCRKXjxuO+mf2Yf+vzzvtn/AIC+X5f2X/b3b/4dvPnNei+Aumq/Wy/ld0AH/CBD/oKn/wAAh/8AJdA8BAEH+1Txz/x5D/5Lr0OigDzw+PQCR/ZR44/4/R/8iUf8J6P+gUf/AANH/wAiV523U/U/zpKAPRuPG476Z/Zh/wCvzzvtn/gL5fl/Zf8Ab3b/AOHbyn/CBD/oKn/wCH/yXR4C6ar9bL+V3XodAHng8BAEH+1Txz/x5D/5LoPj0Akf2UeOP+P0f/Ileh188N1P1P8AOgD0T/hPR/0Cj/4Gj/5EpePG476Z/Zh/6/PO+2f+Avl+X9l/292/+Hbz5zXovgLpqv1sv5XdAB/wgQ/6Cp/8Ah/8l0DwEAQf7VPHP/HkP/kuvQ6KAPPD49AJH9lHjj/j9H/yJR/wno/6BR/8DR/8iV523U/U/wA6SgD0bjxuO+mf2Yf+vzzvtn/gL5fl/Zf9vdv/AIdvKf8ACBD/AKCp/wDAIf8AyXR4C6ar9bL+V3XodAHng8BAEH+1Txz/AMeQ/wDkug+PQCR/ZR44/wCP0f8AyJXodfPDdT9T/OgD0T/hPR/0Cj/4Gj/5EpePG476Z/Zh/wCvzzvtn/gL5fl/Zf8Ab3b/AOHbz5zXovgLpqv1sv5XdAB/wgQ/6Cp/8Ah/8l0DwEAQf7VPHP8Ax5D/AOS69DooA88Pj0Akf2UeOP8Aj9H/AMiUf8J6P+gUf/A0f/Iledt1P1P86SgD0bjxuO+mf2Yf+vzzvtn/AIC+X5f2X/b3b/4dvKf8IEP+gqf/AACH/wAl0eAumq/Wy/ld16HQB54PAQBB/tU8c/8AHkP/AJLoPj0Akf2UeOP+P0f/ACJXodfPDdT9T/OgD0T/AIT0f9Ao/wDgaP8A5EpePG476Z/Zh/6/PO+2f+Avl+X9l/292/8Ah28+c16L4C6ar9bL+V3QAf8ACBD/AKCp/wDAIf8AyXQPAQBB/tU8c/8AHkP/AJLr0OigDzw+PQCR/ZR44/4/R/8AIlH/AAno/wCgUf8AwNH/AMiV523U/U/zpKAPRuPG476Z/Zh/6/PO+2f+Avl+X9l/292/+Hbyn/CBD/oKn/wCH/yXR4C6ar9bL+V3XodAHng8BAEH+1Txz/x5D/5LoPj0Akf2UeOP+P0f/Ileh188N1P1P86APRP+E9H/AECj/wCBo/8AkSl48bjvpn9mH/r8877Z/wCAvl+X9l/292/+Hbz5zXovgLpqv1sv5XdAB/wgQ/6Cp/8AAIf/ACXQPAQBB/tU8c/8eQ/+S69DooA88Pj0Akf2UeOP+P0f/IlH/Cej/oFH/wADR/8AIledt1P1P86SgD0bjxuO+mf2Yf8Ar8877Z/4C+X5f2X/AG92/wDh28p/wgQ/6Cp/8Ah/8l0eAumq/Wy/ld16HQB54PAQBB/tU8c/8eQ/+S6D49AJH9lHjj/j9H/yJXodfPDdT9T/ADoA9E/4T0f9Ao/+Bo/+RKXjxuO+mf2Yf+vzzvtn/gL5fl/Zf9vdv/h28+c16L4C6ar9bL+V3QAf8IEP+gqf/AIf/JdA8BAEH+1Txz/x5D/5Lr0OigDzw+PQCR/ZR44/4/R/8iUf8J6P+gUf/A0f/Iledt1P1P8AOkoA9G48bjvpn9mH/r8877Z/4C+X5f2X/b3b/wCHbyn/AAgQ/wCgqf8AwCH/AMl0eAumq/Wy/ld16HQB54PAQBB/tU8c/wDHkP8A5LoPj0Akf2UeOP8Aj9H/AMiV6HXzw3U/U/zoA9E/4T0f9Ao/+Bo/+RKXjxuO+mf2Yf8Ar8877Z/4C+X5f2X/AG92/wDh28+c16L4C6ar9bL+V3QAf8IEP+gqf/AIf/JdA8BAEH+1Txz/AMeQ/wDkuvQ6KAPPD49AJH9lHjj/AI/R/wDIlH/Cej/oFH/wNH/yJXnbdT9T/OkoA9G48bjvpn9mH/r8877Z/wCAvl+X9l/292/+Hbyn/CBD/oKn/wAAh/8AJdHgLpqv1sv5Xdeh0AeeDwEAQf7VPHP/AB5D/wCS6D49AJH9lHjj/j9H/wAiV6HXzw3U/U/zoA9E/wCE9H/QKP8A4Gj/AORKXjxuO+mf2Yf+vzzvtn/gL5fl/Zf9vdv/AIdvPnNei+Aumq/Wy/ld0AH/AAgQ/wCgqf8AwCH/AMl0DwEAQf7VPHP/AB5D/wCS69DooA88Pj0Akf2UeOP+P0f/ACJR/wAJ6P8AoFH/AMDR/wDIledt1P1P86SgD0bjxuO+mf2Yf+vzzvtn/gL5fl/Zf9vdv/h28p/wgQ/6Cp/8Ah/8l0eAumq/Wy/ld16HQB56PAQyP+Jqeo/5ch6/9fdFehr1H1H86KAPnooSSeOSfX/Ck2H1H6/4UUUAei+AkONVHHWx9e/2v29q9D2H1H6/4UUUAGw+o/X/AAr54KEknjkn1/woooATYfUfr/hXovgJDjVRx1sfXv8Aa/b2oooA9D2H1H6/4UbD6j9f8KKKAPngoSSeOSfX/Ck2H1H6/wCFFFAHovgJDjVRx1sfXv8Aa/b2r0PYfUfr/hRRQAbD6j9f8K+eChJJ45J9f8KKKAE2H1H6/wCFei+AkONVHHWx9e/2v29qKKAPQ9h9R+v+FGw+o/X/AAoooA+eChJJ45J9f8KTYfUfr/hRRQB6L4CQ41UcdbH17/a/b2r0PYfUfr/hRRQAbD6j9f8ACvngoSSeOSfX/CiigBNh9R+v+Fei+AkONVHHWx9e/wBr9vaiigD0PYfUfr/hRsPqP1/woooA+eChJJ45J9f8KTYfUfr/AIUUUAei+AkONVHHWx9e/wBr9vavQ9h9R+v+FFFABsPqP1/wr54KEknjkn1/woooATYfUfr/AIV6L4CQ41UcdbH17/a/b2oooA9D2H1H6/4UbD6j9f8ACiigD54KEknjkn1/wpNh9R+v+FFFAHovgJDjVRx1sfXv9r9vavQ9h9R+v+FFFABsPqP1/wAK+eChJJ45J9f8KKKAE2H1H6/4V6L4CQ41UcdbH17/AGv29qKKAPQ9h9R+v+FGw+o/X/CiigD54KEknjkn1/wpNh9R+v8AhRRQB6L4CQ41UcdbH17/AGv29q9D2H1H6/4UUUAGw+o/X/CvngoSSeOSfX/CiigBNh9R+v8AhXovgJDjVRx1sfXv9r9vaiigD0PYfUfr/hRsPqP1/wAKKKAPngoSSeOSfX/Ck2H1H6/4UUUAei+AkONVHHWx9e/2v29q9D2H1H6/4UUUAGw+o/X/AAr54KEknjkn1/woooATYfUfr/hXovgJDjVRx1sfXv8Aa/b2oooA9D2H1H6/4UbD6j9f8KKKAPngoSSeOSfX/Ck2H1H6/wCFFFAHovgJDjVRx1sfXv8Aa/b2r0PYfUfr/hRRQAbD6j9f8K+eChJJ45J9f8KKKAE2H1H6/wCFei+AkONVHHWx9e/2v29qKKAPQ9h9R+v+FGw+o/X/AAoooA+eChJJ45J9f8KTYfUfr/hRRQB6L4CQ41UcdbH17/a/b2r0PYfUfr/hRRQAbD6j9f8ACvngoSSeOSfX/CiigBNh9R+v+Fei+AkONVHHWx9e/wBr9vaiigD0PYfUfr/hRsPqP1/woooA+eChJJ45J9f8KTYfUfr/AIUUUAei+AkONVHHWx9e/wBr9vavQ9h9R+v+FFFABsPqP1/wr54KEknjkn1/woooATYfUfr/AIV6L4CQ41UcdbH17/a/b2oooA9D2H1H6/4UbD6j9f8ACiigD54KEknjkn1/wpNh9R+v+FFFAHovgJDjVRx1sfXv9r9vavQ9h9R+v+FFFAChCCDxwR6/4UUUUAf/2Q==', 95343432, 'anilton.fortes@caixa.cv', '2030-09-20 04:36:23', '2020-10-02 00:04:22', '2001-10-20 11:04:22', 23, 'Admin', 2345, 0);
INSERT INTO `utilizador` (`departamento`, `id`, `username`, `password`, `nome`, `foto`, `telefone`, `email`, `create_ut`, `updade_ut`, `delete_ut`, `id_perfil_permission`, `funcao`, `numero_funcionario`, `estado`) VALUES
('IT', 26, 'ffortes', '8d969eef6ecad3c29a3a629280e686', 'jose furtado', 'iVBORw0KGgoAAAANSUhEUgAAAgAAAAIACAYAAAD0eNT6AAAAGXRFWHRTb2Z0d2FyZQBBZG9iZSBJbWFnZVJlYWR5ccllPAAAE3BJREFUeNrs3e11FEcWBuAebQArInATgaUIPERgHIGHCCwiACIARcAQAXIEjCNAGwGzESAn0LNdqAcwC/rsj+q6z3POnPHZH3vWV71z375VXV1VAAAAAAAAAAAAAAAAAAAAAAAAAAAAAAAAAAAAAAAAAAAAAAAAAAAAAAAAAAAAAAAAAAAAAAAAAAAAAAAAAAAAAAAAAAAAAAAAAAAAAAAAAAAAAAAAAAAAAAAAAAAAAAAAAAAAAAAAAAAAAAAAAAAAAAAAAAAAAAAAAAAAAAAAAAAAd7RQAijPwcHiqP06vO9/T9PsNqoJAgAwbVNPDX3f2I+6//iX7rvuPkO6aD/n3T+n77/bz3b/acPC1l8JBADg/o1+2X5+6hr7cib/88+7QPCf7p/PBQMQAIDvN/x9s/+5+64L+1dMk4NNFwo2lhVAAICoDX9/R/9r930YsAwpBPzZBYJzVwUIAFBy03/cfn6vvqzfc2nbfs7azxthAAQA0PRjh4FTewdAAIC5Nf5l+/VH1/y5u/MuCKyVAgQAyLnxr9qvZ1V5m/imljYRnrafV20YuFAOEAAgh6afNvCddHf8hyoyuDQNeGF5AAQAmLL5n3R3/Br/+F6YCIAAAGM3/rS2/7Iy6p/ap6WBNgQ8VwoQAGDIxp8a/utqPqfyRbFtP08cMAS3/E1TArhR80/j/veaf5ZSMHvX/o1ednsyABMAcNdvGgCYAMDtmv9jd/2znQY8VwowAYC7NP+0ye9EJWYtTQF+86QACABwk8af1pDfuusvxrYLAd4xAN/+3ikBfG7+6bz+d5p/UerqcknA3xRMAODK5m8XebmeeK8ACACg+QsBIACA5q/5CwEgAIDmjxAAAgAU2fxT0/+g+Yf2yIFBhP4dVAKCNn93/rztpkBgAgBBAkB6zv+xSlBdnhNw7LAgTACg/Ob/XPPnK3V1efAThPMvJSBQ819Wly/2gX+EgEVrt/t0dDCEYQmAKM3fpj+uY1MgsX4XlYAgXmv+XHeNdEERBAAo5O4/rflb9+c6dft5pgxEYQmA0pu/0T+3ZSkAEwAowEvNnztcMyAAwIzv/tMhLyuV4JaO2mvnRBkonSUASg4A6bS/pUpwB+lgoIcOCMIEAObX/JeaP/eQlo1MATABgBkGgLTxr1YJTAHABIA4zX+l+WMKACYAxAsA1v4xBQATAII1/6XmjykAmAAQLwB41S+9TwGaZvdAGTABgHybf635M8QUoNtXAgIAZOoPJWAgvysBpbEEQEkTgI+VY38ZTtoMuFUGTAAgr+b/WPNnYCZMCACQoV+VgIHZX0JRLAFQwt1/uvP/qBKM4LhpdufKgAkAuDMjFpsBEQAgI78oAcIm3I4lAOafYu3+Z1yWATABgAya/1LzxxQABADisfufsVlyogiWAJj7BOB9+3WkEozsgTcEYgIA0zX/Q82fiSyVAAEA/AgTj+CJAAB+hAnIPgBmzx4A5pteDxbvTAGYStPs/H5iAgAmAAQMoK4/BACY4Me3rjz/jwAKAgB+fGFkPysBAgAIALgGQQCAEdiFjQAAAgABWf9n8muwO4wKBABw94XrEAQAGOaivXwCAHLgWkQAAD+6uBZBAIAhGbuSC48CIgDAiGy8wrUIAgAB/aQEZKJWAgQA8KOLaxEEAAAgX15nyfxS68Fipwpk5LhpdufKgAkAQCw2AiIAAAACAPR/wToFEBMAEAAISQAgNw6mQgAAAAQAAEAAAAAEAABAAAAABAD4kaUSkBmvBEYAAAjIOQAIAACAAAAACAAAgAAAAAgAcEMXSkBmtkqAAADDO1cCMvNfJUAAAAAEAABAAAAABAAAQAAAAAQA+IGtEpAZT6YgAMDQmmYnAJAbZ1MgAAAAAgAAIABAb6y54noEAYCArLmSjabZuR4RAAAAAQCGslUCMmH8jwAAI/L2NXJh/I8AAAAIADCkjRKQib+UAAEAABAAYEA2XuFaBAGAaDx3TUZciwgAMLKtEuA6BAEAP7wwOm+nRAAAAQDXIAgAMAKHASEAgABAQHZf4xoEAYCA7L5man8rAXO2UAJmm14PFjtVYEKPmma3UQZMAMAUANcfCAAwAmuwTKa9+3f9IQCAAIBrDwQAGItHAZnKVgkQAMBdGPH8RwkQAEAAwLUHAgCMpXsroJ3YTGGrBAgA4E6MeOHTdYcAABP7SwkY2UYJEABgelslwDUHAgDxGMUyNk8AIADA1KzFInTC3XgZEPNPsQeLd+3XUiUYKXT63cQEANyR4VoDAQCmYk0WAQAEAALaKAEj8dgpAgDkoml228qJgJgAgACAKQAM4MJTJwgAkB/7AHD3DwIAJgDQO+v/FMXzrJSTZg8WO1VgQI+aZidoIgBAhgHAgUAMxgFAFPebqQQUxIiWobjzRwAAP9IIlzB/RlqUlWjtA2AY1v8RACDzAGAfAL2z/k+Rv5dKQGGMaumbO38EAJiBMyWgZ38qASUy1qK8VHuw+Nh+HaoEPTl2BDAmADAPGyWgJ87/RwCAGTGypS+WlBAAwASAgGwqpVj2AFBmsj1YvG+/jlSCe3rQNLsLZcAEAEwBiONc80cAgPl5owTck70kFM0SAOWmW48Dcj8e/8MEAGbKDm7uaqv5IwDAfBnhIjzCD1gCoOyE6+2A3I23/2ECAO7kCOZC80cAgPmzDIDQCAIAfsxBaITEHgDKT7kHi7ft12OV4AbS+P+BMmACAO7oiMXECAEA/KgjLIIAALPVnee+VgmukQ7/ERYRAMCdHcFo/oRiEyBx0q53A3A1Z/9jAgDu8AjG2f8IAFCwUyXAtQGXLAEQK/EeLD60X7VK8I2HTbPbKgMmAOBOjzjONH8EACjfWgn4hidECMkSAPFSr6OB+cLRv5gAQCBvlIDOWgkwAYBYUwCbAUls/sMEAEwBCGaj+SMAQDyvlEAIVAIEAAjGC4LCSyf/+fsjAIA7QPztIRabAImdgA8W79uvI5UI50E3BQITAAjKyYDxrDV/MAEAjwTG47W/YAIAn1gPjmOj+YMJAOwnAIftV5oCHKpG8R61AWCjDGACAB4JjGOr+YMAAN+yGbB8L5QAvrAEAPs0fLB43X6tVKLYu/+HygACAHwvANTV5V4AyvPEyX8gAIApgLt/EACUAEwB3P2DAABCgCmAu38QAMAUAHf/IACAKQDu/kEAAFMA3P2DAACmALj7BwEAZh8AvCNgvn5rA8CZMsAVv3FKAN/XvSPAEcHzs9H8wQQA+pgCvG8/tWrMhjf+gQkA9DIF8BKZ+Vhr/mACAH1OAtIU4EglspbC2nEbALZKASYA0JenSpC9U80fTABgiCmAxwLz5bE/EABgsADgscB82fgHt/1NUwK4GRsCs3Wm+YMJAIwxCXjXfi1VIgs2/oEJAIzGhsB8vND8QQCAUbQN57yyFJCDdOLfK2WAu7EEAHdNz84GmJLRP5gAwGSeKMFkjP5BAIBpWAqYjNE/9MASANw3RVsKGJPRP5gAQDZ+6xoTw3uq+YMJAOQ0BVi1X69VYlDnbfM/VgYwAYBstI1p3X6tVWJQpiwgAECW0gFB58oACAAQawqQ7lA9GjicWgmgP/YAQN+p+mCxU4XBQpbfLDABgCybv7tUQACAgASAYQPWUhVAAIAcHSoBIABAPE4EHJYJAAgAkKWflWBQPykBCACQo1oJ1BfmwCM10Gei9gjg4DwKCCYAkFvzX6qCOoMAAPFoTOOw0RIEAMjKL0qgzjAX1tKgjyR9sEjP/39UiXHYBwAmAJCLx0owauBSbxAAIAu/KoF6w5wYo8H970br9uuDSowqvXr5YfcKZsAEACaxUoLRpT0XlgHABAAmnQB8rLwEaArbptk9VAYwAYApmv+J5j+Zuq3/ShnABADGbv6p8X8QAEwBwAQAYnmt+WcxBXiuDGACAGPd/a+6AEAejptmd64MIADAkM0/nUX/zt1/VrZdCPBYINz0t0wJQPMvQJ3+Lt2+DEAAgF6b/0rzz9pRFwK8LRAEAOil8aeNZm8rm/7mFAJOlAKuZg8A/Ljxp2afGskfGv8sbdrPi6bZbZQCBADQ+OM5az9P2yCwVQoQAEDjj2fdTQQEARAA4PPb/FLTX2n8YYLAG0sDCAAQt/Gnt8n9XnmrXFQpAJy2QeBMKRAAIMbd/qpr/LWKUF0eIvSm/bxykBACAJTV9Pfvjk9Nf6kiXGHdfv40FUAAgHk3fiN+7jsVWNs0iAAA82n6v3ZN34Y++pBeMnTafs4sESAAgKZPTGlp4E9hAAEANH2EAWEAAQA0fYQBYQABADR9hAEQAEDTRxgAAQA0fYQBEADQ9FUEYQAEADR9iGJdOX0QAQBNH8K62E8GhAEEADR9EAaEAQQAsm/6R9Xl2fsrTR96DQPr9vOmDQPnyoEAQG5NP93p1yoCg9p2k4FTLylCAGCKpl9XX16ve6QiMIk0DUhvLDwTBhAAGLLpH37V9JcqAlnZ7xdYKwUCAH01/v1mvpVqQPb2mwfTfoGNciAAcNumX7dff1TW9WHOtu3ntLJEgADANU1/P+JPjd+6PpRlPxXwSCECAJ8b/9FXd/se3YOy7R8p9BQBAoC7fXf7ENSmmwqslUIAoPzGX7dfz9ztA19Jk4D0OOHaVEAAoLzGv6o8vgdcb3/I0EYpBADm2/TTHf5J1/hrFQFuORV4YXlAAGBejT81e2N+oA9p02B6lNDygABAxo1/WX3ZzQ/Qt3U3FRAEBAAyafz73fxL1QBGsOmCwEYpBACmafyr6nLUX6sGIAggAGj8AGNKbyU8tWFQAEDjB2LaVp4cEADQ+IHQQeCp9w4IANy98S/br5eVo3qBedpU9ggIANy68ac7/qVqAIIAAkD5jb/uGv9KNYACrSvnCAgA/KPx74/sTc/yO7kPKN2rLghcKIUAELn5ryob/IB4LroQ8EopBIBojT9t7Esb/JaqAQSWzhB4an+AABCh8e/H/c9UA+CzdRcELAsIAEU2/3S3/7oy7gf4HssCAkCRd/2p8XtLH8D10rLAkzYInCvFwP1JCQZt/qnpf9D8AW4s7ZF63/5+PlcKEwB3/QAxbbtpwEYpBIA5NP+UXt9W1voB+pL2BpgICABZN/9Vdfl4nwN9APqV9gT85iTBHnuWEvTW/FPjf635AwxivzfA0qoJQFbNPzX+lUoAjOKpxwUFgKkbv81+ANNYtyHgiTIIAFM1/3fV5VgKgAlCQOUEQQFgggDwXvMHmFzaHPhICLhDH1OCOzX/15o/QBbSb/G7biqLCcDgzX+lEgB5TQKaZnesDCYAQzX/E80fIM9JQHeDhglA780/7fR/qxIAWfN0gADQa/P/tMZUOeQHYA6cEyAA9NL8Pe4HMD/p2OAzZRAA7hMAbPoDmJ/0WOCxdwdc0d+U4Mrmv9L8AWYpTW/fejzQBOAuzb9uv95X1v0B5symQAHg1gEgrfsvVQJg9uwHEABu3PzT8/4vVQKgCGk/wEPHBQsA1zX/ujL6ByjNpg0Aj5Thq36nBP/npeYPUJxlt7EbE4Dv3v077Q+gXJYCTACuvPsHoEyHfucFgO/d/T9vv2qVACjaqv29XyqDJYB980+p8ENl7R8gAq8ONgH47JnmDxDGkQ2BJgD7x/4++P8DQCjb6vJdAWE3BJoAXN79AxBLuvk7MQFw9w9APKEfC4w+AXD3DxDXYeQpQNgJgLt/ACJPASJPAFauewBTgKhTgJATAM/9A/D1FKBpdg9MAOLc/Wv+AHyaAkQ8FyDqBCDd/deueQA626bZPTQBKLv5P9b8AfhGHe0dARGXAH53nQMQvT+EWgLw6B8A13gQ5ZHAaBOAx65tAK6wMgEocwJg8x8AVwmzGTDMBKBt/keaPwDXqLt+IQAUxOY/APSLTpglAON/AG4oxDJAiAmA8T8AtxBiGSDKEoDxPwD6xldCLAEY/wNwS8UvAxQfABz+A8AdPWxDwLbY/hjgD+jwHwD0j4AB4BfXMAD6xz9FWALYuYYBuIum2RXbJ4ueAER7tSMA+ogAcEkAAEAfCRgArP8DoI98R9F7AKz/A3Bfpe4DKHYCYP0fAP0kYACorP8DoJ+EDAA/u2YB0E/iBYAj1ywA+sn3lbmx4WBx2H59dM0C0JMHTbO7MAGQ1gAwBRAAMrR0rQKgr8QLADYAAqCvBAwAtWsVAH3lx0rdBOgEQAB6VdqJgMVNAJwACMBA/aWojYAlLgEcukwBGEAtAOTNI4AA6C8BA4AnAADQXwIGAEsAAOgv1yjuKQBPAAAwlJKeBBAAACBgAChqCcAjgADoMwEDAAAQMwCYAACgz5gAAAARAoAzAADQZwIGAGcAAKDPBAwAAMANlPVqQ2cAADCwUs4CEAAAQAAQAAAgQgAoZg+AUwAB0G8CBgAAQAAAAAQAAKDUALD05wRAvzEBAAAEAABAAAAAAQAAEAAAAAEAABAAAAABIBv/9ucEgHgB4MifEwDiBYBzf04AiBcA/vbnBIB4AQAAAAAAAAAAAAAAAAAAAAAAAAAAAAAAAAAAAAAAAAAAAAAAAAAAAAAAAAAAAAAAAAAAAAAAAAAAAAAAAAAAAAAAAAAAAAAAAAAAAAAAAAAAAAAAAAAAAAAAAAAAAAAAAAAAAAAAAAAAAAAAAAAAAAAAAAAAAAAAAAAAAAAAAAAAABjZ/wQYAGVy88shRG24AAAAAElFTkSuQmCC', 2147483647, 'f.furtado@caixa.cv', '2002-10-20 09:55:08', '2020-10-02 22:55:08', '2020-10-02 21:55:08', 23, 'Admin', 1234, 1),
('IT', 27, 'admin', '5994471abb01112afcc18159f6cc74b4f511b99806da59b3caf5a9c173cacfc5', 'administrador', 'iVBORw0KGgoAAAANSUhEUgAAAgAAAAIACAYAAAD0eNT6AAAAGXRFWHRTb2Z0d2FyZQBBZG9iZSBJbWFnZVJlYWR5ccllPAAAE3BJREFUeNrs3e11FEcWBuAebQArInATgaUIPERgHIGHCCwiACIARcAQAXIEjCNAGwGzESAn0LNdqAcwC/rsj+q6z3POnPHZH3vWV71z375VXV1VAAAAAAAAAAAAAAAAAAAAAAAAAAAAAAAAAAAAAAAAAAAAAAAAAAAAAAAAAAAAAAAAAAAAAAAAAAAAAAAAAAAAAAAAAAAAAAAAAAAAAAAAAAAAAAAAAAAAAAAAAAAAAAAAAAAAAAAAAAAAAAAAAAAAAAAAAAAAAAAAAAAAAAAAAAAAd7RQAijPwcHiqP06vO9/T9PsNqoJAgAwbVNPDX3f2I+6//iX7rvuPkO6aD/n3T+n77/bz3b/acPC1l8JBADg/o1+2X5+6hr7cib/88+7QPCf7p/PBQMQAIDvN/x9s/+5+64L+1dMk4NNFwo2lhVAAICoDX9/R/9r930YsAwpBPzZBYJzVwUIAFBy03/cfn6vvqzfc2nbfs7azxthAAQA0PRjh4FTewdAAIC5Nf5l+/VH1/y5u/MuCKyVAgQAyLnxr9qvZ1V5m/imljYRnrafV20YuFAOEAAgh6afNvCddHf8hyoyuDQNeGF5AAQAmLL5n3R3/Br/+F6YCIAAAGM3/rS2/7Iy6p/ap6WBNgQ8VwoQAGDIxp8a/utqPqfyRbFtP08cMAS3/E1TArhR80/j/veaf5ZSMHvX/o1ednsyABMAcNdvGgCYAMDtmv9jd/2znQY8VwowAYC7NP+0ye9EJWYtTQF+86QACABwk8af1pDfuusvxrYLAd4xAN/+3ikBfG7+6bz+d5p/UerqcknA3xRMAODK5m8XebmeeK8ACACg+QsBIACA5q/5CwEgAIDmjxAAAgAU2fxT0/+g+Yf2yIFBhP4dVAKCNn93/rztpkBgAgBBAkB6zv+xSlBdnhNw7LAgTACg/Ob/XPPnK3V1efAThPMvJSBQ819Wly/2gX+EgEVrt/t0dDCEYQmAKM3fpj+uY1MgsX4XlYAgXmv+XHeNdEERBAAo5O4/rflb9+c6dft5pgxEYQmA0pu/0T+3ZSkAEwAowEvNnztcMyAAwIzv/tMhLyuV4JaO2mvnRBkonSUASg4A6bS/pUpwB+lgoIcOCMIEAObX/JeaP/eQlo1MATABgBkGgLTxr1YJTAHABIA4zX+l+WMKACYAxAsA1v4xBQATAII1/6XmjykAmAAQLwB41S+9TwGaZvdAGTABgHybf635M8QUoNtXAgIAZOoPJWAgvysBpbEEQEkTgI+VY38ZTtoMuFUGTAAgr+b/WPNnYCZMCACQoV+VgIHZX0JRLAFQwt1/uvP/qBKM4LhpdufKgAkAuDMjFpsBEQAgI78oAcIm3I4lAOafYu3+Z1yWATABgAya/1LzxxQABADisfufsVlyogiWAJj7BOB9+3WkEozsgTcEYgIA0zX/Q82fiSyVAAEA/AgTj+CJAAB+hAnIPgBmzx4A5pteDxbvTAGYStPs/H5iAgAmAAQMoK4/BACY4Me3rjz/jwAKAgB+fGFkPysBAgAIALgGQQCAEdiFjQAAAgABWf9n8muwO4wKBABw94XrEAQAGOaivXwCAHLgWkQAAD+6uBZBAIAhGbuSC48CIgDAiGy8wrUIAgAB/aQEZKJWAgQA8KOLaxEEAAAgX15nyfxS68Fipwpk5LhpdufKgAkAQCw2AiIAAAACAPR/wToFEBMAEAAISQAgNw6mQgAAAAQAAEAAAAAEAABAAAAABAD4kaUSkBmvBEYAAAjIOQAIAACAAAAACAAAgAAAAAgAcEMXSkBmtkqAAADDO1cCMvNfJUAAAAAEAABAAAAABAAAQAAAAAQA+IGtEpAZT6YgAMDQmmYnAJAbZ1MgAAAAAgAAIABAb6y54noEAYCArLmSjabZuR4RAAAAAQCGslUCMmH8jwAAI/L2NXJh/I8AAAAIADCkjRKQib+UAAEAABAAYEA2XuFaBAGAaDx3TUZciwgAMLKtEuA6BAEAP7wwOm+nRAAAAQDXIAgAMAKHASEAgABAQHZf4xoEAYCA7L5man8rAXO2UAJmm14PFjtVYEKPmma3UQZMAMAUANcfCAAwAmuwTKa9+3f9IQCAAIBrDwQAGItHAZnKVgkQAMBdGPH8RwkQAEAAwLUHAgCMpXsroJ3YTGGrBAgA4E6MeOHTdYcAABP7SwkY2UYJEABgelslwDUHAgDxGMUyNk8AIADA1KzFInTC3XgZEPNPsQeLd+3XUiUYKXT63cQEANyR4VoDAQCmYk0WAQAEAALaKAEj8dgpAgDkoml228qJgJgAgACAKQAM4MJTJwgAkB/7AHD3DwIAJgDQO+v/FMXzrJSTZg8WO1VgQI+aZidoIgBAhgHAgUAMxgFAFPebqQQUxIiWobjzRwAAP9IIlzB/RlqUlWjtA2AY1v8RACDzAGAfAL2z/k+Rv5dKQGGMaumbO38EAJiBMyWgZ38qASUy1qK8VHuw+Nh+HaoEPTl2BDAmADAPGyWgJ87/RwCAGTGypS+WlBAAwASAgGwqpVj2AFBmsj1YvG+/jlSCe3rQNLsLZcAEAEwBiONc80cAgPl5owTck70kFM0SAOWmW48Dcj8e/8MEAGbKDm7uaqv5IwDAfBnhIjzCD1gCoOyE6+2A3I23/2ECAO7kCOZC80cAgPmzDIDQCAIAfsxBaITEHgDKT7kHi7ft12OV4AbS+P+BMmACAO7oiMXECAEA/KgjLIIAALPVnee+VgmukQ7/ERYRAMCdHcFo/oRiEyBx0q53A3A1Z/9jAgDu8AjG2f8IAFCwUyXAtQGXLAEQK/EeLD60X7VK8I2HTbPbKgMmAOBOjzjONH8EACjfWgn4hidECMkSAPFSr6OB+cLRv5gAQCBvlIDOWgkwAYBYUwCbAUls/sMEAEwBCGaj+SMAQDyvlEAIVAIEAAjGC4LCSyf/+fsjAIA7QPztIRabAImdgA8W79uvI5UI50E3BQITAAjKyYDxrDV/MAEAjwTG47W/YAIAn1gPjmOj+YMJAOwnAIftV5oCHKpG8R61AWCjDGACAB4JjGOr+YMAAN+yGbB8L5QAvrAEAPs0fLB43X6tVKLYu/+HygACAHwvANTV5V4AyvPEyX8gAIApgLt/EACUAEwB3P2DAABCgCmAu38QAMAUAHf/IACAKQDu/kEAAFMA3P2DAACmALj7BwEAZh8AvCNgvn5rA8CZMsAVv3FKAN/XvSPAEcHzs9H8wQQA+pgCvG8/tWrMhjf+gQkA9DIF8BKZ+Vhr/mACAH1OAtIU4EglspbC2nEbALZKASYA0JenSpC9U80fTABgiCmAxwLz5bE/EABgsADgscB82fgHt/1NUwK4GRsCs3Wm+YMJAIwxCXjXfi1VIgs2/oEJAIzGhsB8vND8QQCAUbQN57yyFJCDdOLfK2WAu7EEAHdNz84GmJLRP5gAwGSeKMFkjP5BAIBpWAqYjNE/9MASANw3RVsKGJPRP5gAQDZ+6xoTw3uq+YMJAOQ0BVi1X69VYlDnbfM/VgYwAYBstI1p3X6tVWJQpiwgAECW0gFB58oACAAQawqQ7lA9GjicWgmgP/YAQN+p+mCxU4XBQpbfLDABgCybv7tUQACAgASAYQPWUhVAAIAcHSoBIABAPE4EHJYJAAgAkKWflWBQPykBCACQo1oJ1BfmwCM10Gei9gjg4DwKCCYAkFvzX6qCOoMAAPFoTOOw0RIEAMjKL0qgzjAX1tKgjyR9sEjP/39UiXHYBwAmAJCLx0owauBSbxAAIAu/KoF6w5wYo8H970br9uuDSowqvXr5YfcKZsAEACaxUoLRpT0XlgHABAAmnQB8rLwEaArbptk9VAYwAYApmv+J5j+Zuq3/ShnABADGbv6p8X8QAEwBwAQAYnmt+WcxBXiuDGACAGPd/a+6AEAejptmd64MIADAkM0/nUX/zt1/VrZdCPBYINz0t0wJQPMvQJ3+Lt2+DEAAgF6b/0rzz9pRFwK8LRAEAOil8aeNZm8rm/7mFAJOlAKuZg8A/Ljxp2afGskfGv8sbdrPi6bZbZQCBADQ+OM5az9P2yCwVQoQAEDjj2fdTQQEARAA4PPb/FLTX2n8YYLAG0sDCAAQt/Gnt8n9XnmrXFQpAJy2QeBMKRAAIMbd/qpr/LWKUF0eIvSm/bxykBACAJTV9Pfvjk9Nf6kiXGHdfv40FUAAgHk3fiN+7jsVWNs0iAAA82n6v3ZN34Y++pBeMnTafs4sESAAgKZPTGlp4E9hAAEANH2EAWEAAQA0fYQBYQABADR9hAEQAEDTRxgAAQA0fYQBEADQ9FUEYQAEADR9iGJdOX0QAQBNH8K62E8GhAEEADR9EAaEAQQAsm/6R9Xl2fsrTR96DQPr9vOmDQPnyoEAQG5NP93p1yoCg9p2k4FTLylCAGCKpl9XX16ve6QiMIk0DUhvLDwTBhAAGLLpH37V9JcqAlnZ7xdYKwUCAH01/v1mvpVqQPb2mwfTfoGNciAAcNumX7dff1TW9WHOtu3ntLJEgADANU1/P+JPjd+6PpRlPxXwSCECAJ8b/9FXd/se3YOy7R8p9BQBAoC7fXf7ENSmmwqslUIAoPzGX7dfz9ztA19Jk4D0OOHaVEAAoLzGv6o8vgdcb3/I0EYpBADm2/TTHf5J1/hrFQFuORV4YXlAAGBejT81e2N+oA9p02B6lNDygABAxo1/WX3ZzQ/Qt3U3FRAEBAAyafz73fxL1QBGsOmCwEYpBACmafyr6nLUX6sGIAggAGj8AGNKbyU8tWFQAEDjB2LaVp4cEADQ+IHQQeCp9w4IANy98S/br5eVo3qBedpU9ggIANy68ac7/qVqAIIAAkD5jb/uGv9KNYACrSvnCAgA/KPx74/sTc/yO7kPKN2rLghcKIUAELn5ryob/IB4LroQ8EopBIBojT9t7Esb/JaqAQSWzhB4an+AABCh8e/H/c9UA+CzdRcELAsIAEU2/3S3/7oy7gf4HssCAkCRd/2p8XtLH8D10rLAkzYInCvFwP1JCQZt/qnpf9D8AW4s7ZF63/5+PlcKEwB3/QAxbbtpwEYpBIA5NP+UXt9W1voB+pL2BpgICABZN/9Vdfl4nwN9APqV9gT85iTBHnuWEvTW/FPjf635AwxivzfA0qoJQFbNPzX+lUoAjOKpxwUFgKkbv81+ANNYtyHgiTIIAFM1/3fV5VgKgAlCQOUEQQFgggDwXvMHmFzaHPhICLhDH1OCOzX/15o/QBbSb/G7biqLCcDgzX+lEgB5TQKaZnesDCYAQzX/E80fIM9JQHeDhglA780/7fR/qxIAWfN0gADQa/P/tMZUOeQHYA6cEyAA9NL8Pe4HMD/p2OAzZRAA7hMAbPoDmJ/0WOCxdwdc0d+U4Mrmv9L8AWYpTW/fejzQBOAuzb9uv95X1v0B5symQAHg1gEgrfsvVQJg9uwHEABu3PzT8/4vVQKgCGk/wEPHBQsA1zX/ujL6ByjNpg0Aj5Thq36nBP/npeYPUJxlt7EbE4Dv3v077Q+gXJYCTACuvPsHoEyHfucFgO/d/T9vv2qVACjaqv29XyqDJYB980+p8ENl7R8gAq8ONgH47JnmDxDGkQ2BJgD7x/4++P8DQCjb6vJdAWE3BJoAXN79AxBLuvk7MQFw9w9APKEfC4w+AXD3DxDXYeQpQNgJgLt/ACJPASJPAFauewBTgKhTgJATAM/9A/D1FKBpdg9MAOLc/Wv+AHyaAkQ8FyDqBCDd/deueQA626bZPTQBKLv5P9b8AfhGHe0dARGXAH53nQMQvT+EWgLw6B8A13gQ5ZHAaBOAx65tAK6wMgEocwJg8x8AVwmzGTDMBKBt/keaPwDXqLt+IQAUxOY/APSLTpglAON/AG4oxDJAiAmA8T8AtxBiGSDKEoDxPwD6xldCLAEY/wNwS8UvAxQfABz+A8AdPWxDwLbY/hjgD+jwHwD0j4AB4BfXMAD6xz9FWALYuYYBuIum2RXbJ4ueAER7tSMA+ogAcEkAAEAfCRgArP8DoI98R9F7AKz/A3Bfpe4DKHYCYP0fAP0kYACorP8DoJ+EDAA/u2YB0E/iBYAj1ywA+sn3lbmx4WBx2H59dM0C0JMHTbO7MAGQ1gAwBRAAMrR0rQKgr8QLADYAAqCvBAwAtWsVAH3lx0rdBOgEQAB6VdqJgMVNAJwACMBA/aWojYAlLgEcukwBGEAtAOTNI4AA6C8BA4AnAADQXwIGAEsAAOgv1yjuKQBPAAAwlJKeBBAAACBgAChqCcAjgADoMwEDAAAQMwCYAACgz5gAAAARAoAzAADQZwIGAGcAAKDPBAwAAMANlPVqQ2cAADCwUs4CEAAAQAAQAAAgQgAoZg+AUwAB0G8CBgAAQAAAAAQAAKDUALD05wRAvzEBAAAEAABAAAAAAQAAEAAAAAEAABAAAAABIBv/9ucEgHgB4MifEwDiBYBzf04AiBcA/vbnBIB4AQAAAAAAAAAAAAAAAAAAAAAAAAAAAAAAAAAAAAAAAAAAAAAAAAAAAAAAAAAAAAAAAAAAAAAAAAAAAAAAAAAAAAAAAAAAAAAAAAAAAAAAAAAAAAAAAAAAAAAAAAAAAAAAAAAAAAAAAAAAAAAAAAAAAAAAAAAAAAAAAAAAAAAAAAAAABjZ/wQYAGVy88shRG24AAAAAElFTkSuQmCC', 0, 'anilton_andrade@hotmail.com', '2020-10-20 01:59:00', '2020-10-20 15:02:41', '2020-10-20 14:02:41', 10, 'Admin', 0, 1);

--
-- Índices para tabelas despejadas
--

--
-- Índices para tabela `gerador`
--
ALTER TABLE `gerador`
  ADD PRIMARY KEY (`id`),
  ADD KEY `fk_gerador_grupo` (`id_grupo`);

--
-- Índices para tabela `grupo`
--
ALTER TABLE `grupo`
  ADD PRIMARY KEY (`id`);

--
-- Índices para tabela `grupo_acesso`
--
ALTER TABLE `grupo_acesso`
  ADD PRIMARY KEY (`id`),
  ADD KEY `fk_grupo_utilizador` (`id_grupo`),
  ADD KEY `fk_utilizador_grupo` (`id_utilizador`);

--
-- Índices para tabela `historico_gerador`
--
ALTER TABLE `historico_gerador`
  ADD PRIMARY KEY (`id`),
  ADD KEY `fk_historico_gerador` (`id_gerador`);

--
-- Índices para tabela `justificativa`
--
ALTER TABLE `justificativa`
  ADD PRIMARY KEY (`id`),
  ADD KEY `fk_justificativa_tempovida` (`id_temp_vida`),
  ADD KEY `fk_justitificativa_utilizador` (`id_utilizador`);

--
-- Índices para tabela `perfilutilizador`
--
ALTER TABLE `perfilutilizador`
  ADD PRIMARY KEY (`id`);

--
-- Índices para tabela `perfil_permissao`
--
ALTER TABLE `perfil_permissao`
  ADD PRIMARY KEY (`id`),
  ADD KEY `fk_perfilutilizador_permissoes` (`id_perf_util`),
  ADD KEY `fk_permissoes_perfilutilizador` (`id_per`);

--
-- Índices para tabela `permissoes`
--
ALTER TABLE `permissoes`
  ADD PRIMARY KEY (`id`);

--
-- Índices para tabela `tempo_vida`
--
ALTER TABLE `tempo_vida`
  ADD PRIMARY KEY (`id`),
  ADD KEY `fk_tempovida_gerador` (`id_gerador`);

--
-- Índices para tabela `utilizador`
--
ALTER TABLE `utilizador`
  ADD PRIMARY KEY (`id`),
  ADD UNIQUE KEY `username` (`username`),
  ADD UNIQUE KEY `email` (`email`),
  ADD UNIQUE KEY `numero_funcionario` (`numero_funcionario`),
  ADD KEY `fk_utilizador_perfilutilizador` (`id_perfil_permission`);

--
-- AUTO_INCREMENT de tabelas despejadas
--

--
-- AUTO_INCREMENT de tabela `gerador`
--
ALTER TABLE `gerador`
  MODIFY `id` int(10) NOT NULL AUTO_INCREMENT, AUTO_INCREMENT=13;

--
-- AUTO_INCREMENT de tabela `grupo`
--
ALTER TABLE `grupo`
  MODIFY `id` int(10) NOT NULL AUTO_INCREMENT, AUTO_INCREMENT=8;

--
-- AUTO_INCREMENT de tabela `grupo_acesso`
--
ALTER TABLE `grupo_acesso`
  MODIFY `id` int(10) NOT NULL AUTO_INCREMENT, AUTO_INCREMENT=8;

--
-- AUTO_INCREMENT de tabela `historico_gerador`
--
ALTER TABLE `historico_gerador`
  MODIFY `id` int(10) NOT NULL AUTO_INCREMENT;

--
-- AUTO_INCREMENT de tabela `justificativa`
--
ALTER TABLE `justificativa`
  MODIFY `id` int(10) NOT NULL AUTO_INCREMENT;

--
-- AUTO_INCREMENT de tabela `perfilutilizador`
--
ALTER TABLE `perfilutilizador`
  MODIFY `id` int(10) NOT NULL AUTO_INCREMENT, AUTO_INCREMENT=38;

--
-- AUTO_INCREMENT de tabela `perfil_permissao`
--
ALTER TABLE `perfil_permissao`
  MODIFY `id` int(10) NOT NULL AUTO_INCREMENT, AUTO_INCREMENT=51;

--
-- AUTO_INCREMENT de tabela `permissoes`
--
ALTER TABLE `permissoes`
  MODIFY `id` int(10) NOT NULL AUTO_INCREMENT, AUTO_INCREMENT=10;

--
-- AUTO_INCREMENT de tabela `tempo_vida`
--
ALTER TABLE `tempo_vida`
  MODIFY `id` int(10) NOT NULL AUTO_INCREMENT;

--
-- AUTO_INCREMENT de tabela `utilizador`
--
ALTER TABLE `utilizador`
  MODIFY `id` int(15) NOT NULL AUTO_INCREMENT, AUTO_INCREMENT=28;

--
-- Restrições para despejos de tabelas
--

--
-- Limitadores para a tabela `gerador`
--
ALTER TABLE `gerador`
  ADD CONSTRAINT `fk_gerador_grupo` FOREIGN KEY (`id_grupo`) REFERENCES `grupo` (`id`);

--
-- Limitadores para a tabela `grupo_acesso`
--
ALTER TABLE `grupo_acesso`
  ADD CONSTRAINT `fk_grupo_utilizador` FOREIGN KEY (`id_grupo`) REFERENCES `grupo` (`id`),
  ADD CONSTRAINT `fk_utilizador_grupo` FOREIGN KEY (`id_utilizador`) REFERENCES `utilizador` (`id`);

--
-- Limitadores para a tabela `historico_gerador`
--
ALTER TABLE `historico_gerador`
  ADD CONSTRAINT `fk_historico_gerador` FOREIGN KEY (`id_gerador`) REFERENCES `gerador` (`id`);

--
-- Limitadores para a tabela `justificativa`
--
ALTER TABLE `justificativa`
  ADD CONSTRAINT `fk_justificativa_tempovida` FOREIGN KEY (`id_temp_vida`) REFERENCES `tempo_vida` (`id`),
  ADD CONSTRAINT `fk_justitificativa_utilizador` FOREIGN KEY (`id_utilizador`) REFERENCES `utilizador` (`id`);

--
-- Limitadores para a tabela `perfil_permissao`
--
ALTER TABLE `perfil_permissao`
  ADD CONSTRAINT `fk_perfilutilizador_permissoes` FOREIGN KEY (`id_perf_util`) REFERENCES `perfilutilizador` (`id`),
  ADD CONSTRAINT `fk_permissoes_perfilutilizador` FOREIGN KEY (`id_per`) REFERENCES `permissoes` (`id`);

--
-- Limitadores para a tabela `tempo_vida`
--
ALTER TABLE `tempo_vida`
  ADD CONSTRAINT `fk_tempovida_gerador` FOREIGN KEY (`id_gerador`) REFERENCES `gerador` (`id`);

--
-- Limitadores para a tabela `utilizador`
--
ALTER TABLE `utilizador`
  ADD CONSTRAINT `fk_utilizador_perfilutilizador` FOREIGN KEY (`id_perfil_permission`) REFERENCES `perfilutilizador` (`id`);
COMMIT;

/*!40101 SET CHARACTER_SET_CLIENT=@OLD_CHARACTER_SET_CLIENT */;
/*!40101 SET CHARACTER_SET_RESULTS=@OLD_CHARACTER_SET_RESULTS */;
/*!40101 SET COLLATION_CONNECTION=@OLD_COLLATION_CONNECTION */;
