-- MySQL dump 10.13  Distrib 5.5.62, for Win64 (AMD64)
--
-- Host: localhost    Database: monogerador
-- ------------------------------------------------------
-- Server version	5.5.5-10.4.13-MariaDB

/*!40101 SET @OLD_CHARACTER_SET_CLIENT=@@CHARACTER_SET_CLIENT */;
/*!40101 SET @OLD_CHARACTER_SET_RESULTS=@@CHARACTER_SET_RESULTS */;
/*!40101 SET @OLD_COLLATION_CONNECTION=@@COLLATION_CONNECTION */;
/*!40101 SET NAMES utf8 */;
/*!40103 SET @OLD_TIME_ZONE=@@TIME_ZONE */;
/*!40103 SET TIME_ZONE='+00:00' */;
/*!40014 SET @OLD_UNIQUE_CHECKS=@@UNIQUE_CHECKS, UNIQUE_CHECKS=0 */;
/*!40014 SET @OLD_FOREIGN_KEY_CHECKS=@@FOREIGN_KEY_CHECKS, FOREIGN_KEY_CHECKS=0 */;
/*!40101 SET @OLD_SQL_MODE=@@SQL_MODE, SQL_MODE='NO_AUTO_VALUE_ON_ZERO' */;
/*!40111 SET @OLD_SQL_NOTES=@@SQL_NOTES, SQL_NOTES=0 */;

--
-- Table structure for table `banco_horas`
--

DROP TABLE IF EXISTS `banco_horas`;
/*!40101 SET @saved_cs_client     = @@character_set_client */;
/*!40101 SET character_set_client = utf8 */;
CREATE TABLE `banco_horas` (
  `id` int(10) NOT NULL,
  `id_gerador` varchar(100) NOT NULL,
  `last_count_horas` time NOT NULL,
  `update_ut` timestamp NOT NULL DEFAULT current_timestamp() ON UPDATE current_timestamp(),
  KEY `fk_bancohoras_gerador` (`id_gerador`),
  CONSTRAINT `fk_bancohoras_gerador` FOREIGN KEY (`id_gerador`) REFERENCES `gerador` (`id`)
) ENGINE=InnoDB DEFAULT CHARSET=utf8;
/*!40101 SET character_set_client = @saved_cs_client */;

--
-- Dumping data for table `banco_horas`
--

LOCK TABLES `banco_horas` WRITE;
/*!40000 ALTER TABLE `banco_horas` DISABLE KEYS */;
/*!40000 ALTER TABLE `banco_horas` ENABLE KEYS */;
UNLOCK TABLES;

--
-- Table structure for table `email_server`
--

DROP TABLE IF EXISTS `email_server`;
/*!40101 SET @saved_cs_client     = @@character_set_client */;
/*!40101 SET character_set_client = utf8 */;
CREATE TABLE `email_server` (
  `id` int(11) NOT NULL AUTO_INCREMENT,
  `host` varchar(100) NOT NULL,
  `smtp_auth` tinyint(1) NOT NULL,
  `smtp_security` varchar(30) NOT NULL,
  `username` varchar(100) NOT NULL,
  `password` varchar(100) NOT NULL,
  `port` int(11) NOT NULL,
  `ativo` tinyint(1) NOT NULL,
  PRIMARY KEY (`id`)
) ENGINE=InnoDB AUTO_INCREMENT=127 DEFAULT CHARSET=utf8;
/*!40101 SET character_set_client = @saved_cs_client */;

--
-- Dumping data for table `email_server`
--

LOCK TABLES `email_server` WRITE;
/*!40000 ALTER TABLE `email_server` DISABLE KEYS */;
INSERT INTO `email_server` VALUES (126,' webmail.caixa.cv',0,'','sysger@caixa.cv','',25,1);
/*!40000 ALTER TABLE `email_server` ENABLE KEYS */;
UNLOCK TABLES;

--
-- Table structure for table `gerador`
--

DROP TABLE IF EXISTS `gerador`;
/*!40101 SET @saved_cs_client     = @@character_set_client */;
/*!40101 SET character_set_client = utf8 */;
CREATE TABLE `gerador` (
  `id` varchar(100) NOT NULL,
  `descricao` text NOT NULL,
  `fabricante` text NOT NULL,
  `modelo` text NOT NULL,
  `potencia` text NOT NULL,
  `hora_trabalho` text NOT NULL,
  `foto` longtext CHARACTER SET utf8mb4 COLLATE utf8mb4_bin DEFAULT NULL CHECK (json_valid(`foto`)),
  `ip` text DEFAULT NULL,
  `telefone` varchar(20) DEFAULT NULL,
  `data_manutencao` date DEFAULT NULL,
  `n_imobilizado` int(10) NOT NULL,
  `balcao` int(10) NOT NULL,
  `id_grupo` int(10) DEFAULT NULL,
  `latitude` varchar(50) NOT NULL,
  `longitude` varchar(50) NOT NULL,
  `create_ut` datetime DEFAULT NULL,
  `update_ut` timestamp NULL DEFAULT current_timestamp() ON UPDATE current_timestamp(),
  `delete_ut` datetime DEFAULT NULL,
  `estado` tinyint(1) NOT NULL,
  PRIMARY KEY (`id`),
  KEY `fk_gerador_grupo` (`id_grupo`),
  CONSTRAINT `fk_gerador_grupo` FOREIGN KEY (`id_grupo`) REFERENCES `grupo` (`id`)
) ENGINE=InnoDB DEFAULT CHARSET=utf8;
/*!40101 SET character_set_client = @saved_cs_client */;

--
-- Dumping data for table `gerador`
--

LOCK TABLES `gerador` WRITE;
/*!40000 ALTER TABLE `gerador` DISABLE KEYS */;
INSERT INTO `gerador` VALUES ('0eec5ef2fca19cd896b2c1ebafaa8eec','aaaa','penta','ggfggffg','543','23',NULL,NULL,NULL,'2020-12-09',0,0,4,'17.022668241121053','-25.194782974998247','2007-12-20 07:48:15','2020-12-18 00:49:44','2017-12-20 12:16:34',1),('708f889e0903d276d96588e40ff03fd5','Gerador Ag Asa Ucla','Volvo','P450','450','23',NULL,NULL,NULL,'2020-09-16',0,0,8,'14.909287','-23.519038','2020-11-20 03:01:53','2021-01-21 15:20:54',NULL,1),('8775cd8327a0535694395dd35fcc4009','Gerador Ag ASA I','Volvo','VP450','450','23',NULL,NULL,NULL,'2020-09-07',0,0,9,'16.078199467390547','-22.83873172089032','2022-11-20 03:36:35','2020-11-26 17:15:20',NULL,1),('d48d8e49610450d5a542fa7e1b4fa515','Gerador Vp450 da fazenda','Volvo','VP450','450','23',NULL,NULL,NULL,'2020-11-26',0,0,4,'15.096621619139649','-23.609567839138226','2026-11-20 03:17:37','2020-11-26 17:14:47',NULL,1);
/*!40000 ALTER TABLE `gerador` ENABLE KEYS */;
UNLOCK TABLES;

--
-- Table structure for table `gerador_config`
--

DROP TABLE IF EXISTS `gerador_config`;
/*!40101 SET @saved_cs_client     = @@character_set_client */;
/*!40101 SET character_set_client = utf8 */;
CREATE TABLE `gerador_config` (
  `id` int(11) NOT NULL AUTO_INCREMENT,
  `gerador_id` varchar(100) NOT NULL,
  `ip` varchar(100) DEFAULT NULL,
  `key_auth` varchar(300) NOT NULL,
  `gerador_status` tinyint(1) DEFAULT NULL,
  `avariado` tinyint(1) DEFAULT NULL,
  `rede_publica` tinyint(1) DEFAULT NULL,
  `qua_aut_trans` tinyint(1) DEFAULT NULL,
  `low_fuel` tinyint(1) DEFAULT NULL,
  `update_ut` datetime NOT NULL DEFAULT current_timestamp() ON UPDATE current_timestamp(),
  PRIMARY KEY (`id`),
  UNIQUE KEY `gerador_id` (`gerador_id`),
  CONSTRAINT `config_gerador_id` FOREIGN KEY (`gerador_id`) REFERENCES `gerador` (`id`) ON DELETE CASCADE ON UPDATE CASCADE
) ENGINE=InnoDB AUTO_INCREMENT=8 DEFAULT CHARSET=utf8;
/*!40101 SET character_set_client = @saved_cs_client */;

--
-- Dumping data for table `gerador_config`
--

LOCK TABLES `gerador_config` WRITE;
/*!40000 ALTER TABLE `gerador_config` DISABLE KEYS */;
INSERT INTO `gerador_config` VALUES (3,'708f889e0903d276d96588e40ff03fd5',NULL,'5eb9929eed1116d707d229d60e699eda2ab96ca2e55e9013e4d9a2b1c46b9203',0,0,0,0,0,'2021-01-29 17:21:16'),(5,'8775cd8327a0535694395dd35fcc4009','172.17.75.12','754a5be052011cdbf15210b37ade6263acf5466ce513ade897c7af6ce0c854de',0,1,0,1,1,'2020-12-24 00:28:20'),(6,'d48d8e49610450d5a542fa7e1b4fa515',NULL,'4906231b42136f2d269508a31b906283c98479fc20aa8ad44d969efa78d9e407',1,0,1,0,0,'2020-12-03 09:48:09'),(7,'0eec5ef2fca19cd896b2c1ebafaa8eec',NULL,'ea7a1e71398ffc21535c02a3866ac58a3ed90cb0b8bfc24493378c66749c5813',NULL,NULL,NULL,NULL,NULL,'2020-12-07 19:48:15');
/*!40000 ALTER TABLE `gerador_config` ENABLE KEYS */;
UNLOCK TABLES;

--
-- Table structure for table `gerador_historico`
--

DROP TABLE IF EXISTS `gerador_historico`;
/*!40101 SET @saved_cs_client     = @@character_set_client */;
/*!40101 SET character_set_client = utf8 */;
CREATE TABLE `gerador_historico` (
  `id` int(10) NOT NULL AUTO_INCREMENT,
  `gerador_id` varchar(100) NOT NULL,
  `gerador_status` tinyint(1) DEFAULT NULL,
  `avariado` tinyint(1) DEFAULT NULL,
  `rede_publica` tinyint(1) DEFAULT NULL,
  `power_edificio` tinyint(1) NOT NULL,
  `qua_aut_trans` tinyint(1) DEFAULT NULL,
  `low_fuel` tinyint(1) DEFAULT NULL,
  `create_h_ut` datetime NOT NULL DEFAULT current_timestamp() ON UPDATE current_timestamp(),
  PRIMARY KEY (`id`),
  KEY `fk_historico_gerador` (`gerador_id`),
  CONSTRAINT `historico_gerador_id` FOREIGN KEY (`gerador_id`) REFERENCES `gerador` (`id`) ON DELETE CASCADE ON UPDATE CASCADE
) ENGINE=InnoDB AUTO_INCREMENT=786 DEFAULT CHARSET=utf8;
/*!40101 SET character_set_client = @saved_cs_client */;

--
-- Dumping data for table `gerador_historico`
--

LOCK TABLES `gerador_historico` WRITE;
/*!40000 ALTER TABLE `gerador_historico` DISABLE KEYS */;
INSERT INTO `gerador_historico` VALUES (1,'708f889e0903d276d96588e40ff03fd5',0,0,0,0,0,0,'2020-11-21 00:23:06'),(2,'708f889e0903d276d96588e40ff03fd5',1,0,1,0,0,0,'2020-11-21 00:32:17'),(3,'708f889e0903d276d96588e40ff03fd5',1,1,1,0,0,0,'2020-11-21 00:32:22'),(4,'708f889e0903d276d96588e40ff03fd5',0,1,1,0,0,0,'2020-11-21 00:32:29'),(5,'708f889e0903d276d96588e40ff03fd5',0,1,0,0,0,0,'2020-11-21 00:32:34'),(6,'708f889e0903d276d96588e40ff03fd5',0,0,0,0,0,0,'2020-11-21 00:32:38'),(7,'708f889e0903d276d96588e40ff03fd5',1,1,0,0,0,0,'2020-11-21 00:32:47'),(8,'708f889e0903d276d96588e40ff03fd5',1,1,1,0,0,0,'2020-11-21 00:32:53'),(9,'708f889e0903d276d96588e40ff03fd5',0,1,1,0,0,0,'2020-11-21 00:32:56'),(10,'708f889e0903d276d96588e40ff03fd5',0,0,1,0,0,0,'2020-11-21 00:33:01'),(11,'708f889e0903d276d96588e40ff03fd5',0,0,0,0,0,0,'2020-11-21 00:33:05'),(12,'708f889e0903d276d96588e40ff03fd5',0,0,0,0,0,0,'2020-11-22 00:04:39'),(13,'708f889e0903d276d96588e40ff03fd5',0,0,0,0,0,0,'2020-11-22 00:05:07'),(14,'708f889e0903d276d96588e40ff03fd5',0,0,0,0,0,0,'2020-11-22 00:06:40'),(15,'708f889e0903d276d96588e40ff03fd5',0,0,0,0,0,0,'2020-11-22 00:07:22'),(16,'708f889e0903d276d96588e40ff03fd5',0,1,0,0,0,0,'2020-11-22 00:11:51'),(17,'708f889e0903d276d96588e40ff03fd5',0,1,0,0,0,0,'2020-11-22 00:18:48'),(18,'708f889e0903d276d96588e40ff03fd5',0,1,0,0,0,0,'2020-11-22 00:25:17'),(19,'708f889e0903d276d96588e40ff03fd5',0,1,0,0,0,0,'2020-11-22 00:25:22'),(20,'708f889e0903d276d96588e40ff03fd5',0,1,0,0,0,0,'2020-11-22 00:42:27'),(21,'708f889e0903d276d96588e40ff03fd5',0,1,0,0,0,0,'2020-11-22 00:43:31'),(22,'708f889e0903d276d96588e40ff03fd5',0,1,0,0,0,0,'2020-11-22 00:43:33'),(23,'708f889e0903d276d96588e40ff03fd5',0,1,0,0,0,0,'2020-11-22 00:45:14'),(24,'708f889e0903d276d96588e40ff03fd5',0,1,0,0,0,0,'2020-11-22 00:46:45'),(25,'708f889e0903d276d96588e40ff03fd5',0,1,0,0,0,0,'2020-11-22 00:47:44'),(26,'708f889e0903d276d96588e40ff03fd5',0,1,0,0,0,0,'2020-11-22 00:47:46'),(27,'708f889e0903d276d96588e40ff03fd5',0,1,0,0,0,0,'2020-11-22 00:52:43'),(28,'708f889e0903d276d96588e40ff03fd5',0,1,0,0,0,0,'2020-11-22 00:53:42'),(29,'708f889e0903d276d96588e40ff03fd5',0,1,0,0,0,0,'2020-11-22 00:53:56'),(30,'708f889e0903d276d96588e40ff03fd5',0,1,0,0,0,0,'2020-11-22 00:53:58'),(31,'708f889e0903d276d96588e40ff03fd5',0,1,0,0,0,0,'2020-11-22 00:55:39'),(32,'708f889e0903d276d96588e40ff03fd5',0,1,0,0,0,0,'2020-11-22 00:58:06'),(33,'708f889e0903d276d96588e40ff03fd5',0,1,0,0,0,0,'2020-11-22 01:00:05'),(34,'708f889e0903d276d96588e40ff03fd5',0,1,0,0,0,0,'2020-11-22 01:01:02'),(35,'708f889e0903d276d96588e40ff03fd5',0,1,0,0,0,0,'2020-11-22 01:05:30'),(36,'708f889e0903d276d96588e40ff03fd5',0,1,0,0,0,0,'2020-11-22 01:06:20'),(37,'708f889e0903d276d96588e40ff03fd5',0,1,0,0,0,0,'2020-11-22 01:07:34'),(38,'708f889e0903d276d96588e40ff03fd5',0,1,0,0,0,0,'2020-11-22 01:09:22'),(39,'708f889e0903d276d96588e40ff03fd5',0,1,0,0,0,0,'2020-11-22 01:09:40'),(40,'708f889e0903d276d96588e40ff03fd5',0,1,0,0,0,0,'2020-11-22 01:13:36'),(41,'708f889e0903d276d96588e40ff03fd5',0,1,0,0,0,0,'2020-11-22 01:15:06'),(42,'708f889e0903d276d96588e40ff03fd5',0,1,0,0,0,0,'2020-11-22 01:16:45'),(43,'708f889e0903d276d96588e40ff03fd5',0,1,0,0,0,0,'2020-11-22 01:19:30'),(44,'708f889e0903d276d96588e40ff03fd5',0,1,0,0,0,0,'2020-11-22 01:22:19'),(45,'708f889e0903d276d96588e40ff03fd5',0,1,0,0,0,0,'2020-11-22 01:23:01'),(46,'708f889e0903d276d96588e40ff03fd5',1,1,0,0,0,0,'2020-11-22 01:25:23'),(47,'708f889e0903d276d96588e40ff03fd5',1,1,0,0,0,0,'2020-11-22 01:49:33'),(48,'708f889e0903d276d96588e40ff03fd5',1,0,0,0,0,0,'2020-11-22 02:01:52'),(49,'708f889e0903d276d96588e40ff03fd5',1,1,0,0,0,0,'2020-11-22 02:02:49'),(50,'708f889e0903d276d96588e40ff03fd5',1,1,0,0,0,0,'2020-11-22 02:06:30'),(51,'708f889e0903d276d96588e40ff03fd5',1,1,0,0,0,0,'2020-11-22 02:11:29'),(52,'708f889e0903d276d96588e40ff03fd5',1,1,0,0,0,0,'2020-11-22 02:14:34'),(53,'708f889e0903d276d96588e40ff03fd5',1,1,0,0,0,0,'2020-11-22 02:15:23'),(54,'708f889e0903d276d96588e40ff03fd5',1,0,0,0,0,0,'2020-11-22 02:15:39'),(55,'708f889e0903d276d96588e40ff03fd5',1,0,0,0,0,0,'2020-11-22 02:24:39'),(56,'708f889e0903d276d96588e40ff03fd5',1,1,0,0,0,0,'2020-11-22 02:26:37'),(57,'708f889e0903d276d96588e40ff03fd5',1,0,0,0,0,0,'2020-11-22 02:36:31'),(58,'8775cd8327a0535694395dd35fcc4009',1,1,0,0,0,0,'2020-11-22 03:43:23'),(59,'8775cd8327a0535694395dd35fcc4009',1,0,0,0,0,0,'2020-11-22 03:43:59'),(60,'8775cd8327a0535694395dd35fcc4009',1,0,0,0,0,0,'2020-11-22 03:45:06'),(61,'8775cd8327a0535694395dd35fcc4009',1,0,0,0,0,0,'2020-11-22 03:46:11'),(62,'8775cd8327a0535694395dd35fcc4009',1,0,0,0,0,0,'2020-11-22 03:46:45'),(63,'8775cd8327a0535694395dd35fcc4009',1,0,0,0,0,0,'2020-11-22 03:47:33'),(64,'8775cd8327a0535694395dd35fcc4009',1,0,0,0,0,0,'2020-11-22 03:51:23'),(65,'8775cd8327a0535694395dd35fcc4009',1,0,0,0,0,0,'2020-11-22 03:51:25'),(66,'8775cd8327a0535694395dd35fcc4009',1,0,0,0,0,0,'2020-11-22 03:51:27'),(67,'8775cd8327a0535694395dd35fcc4009',1,0,0,0,0,0,'2020-11-22 03:52:14'),(68,'8775cd8327a0535694395dd35fcc4009',1,0,0,0,0,0,'2020-11-22 03:52:36'),(69,'8775cd8327a0535694395dd35fcc4009',1,0,0,0,0,0,'2020-11-22 03:52:38'),(70,'8775cd8327a0535694395dd35fcc4009',1,0,0,0,0,0,'2020-11-22 03:52:57'),(71,'8775cd8327a0535694395dd35fcc4009',1,0,0,0,0,0,'2020-11-22 03:56:00'),(72,'8775cd8327a0535694395dd35fcc4009',1,0,0,0,0,0,'2020-11-22 03:57:00'),(73,'8775cd8327a0535694395dd35fcc4009',1,0,0,0,0,0,'2020-11-22 03:57:02'),(74,'8775cd8327a0535694395dd35fcc4009',1,0,0,0,0,0,'2020-11-22 03:59:01'),(75,'8775cd8327a0535694395dd35fcc4009',1,0,0,0,0,0,'2020-11-22 04:00:29'),(76,'8775cd8327a0535694395dd35fcc4009',1,0,0,0,0,0,'2020-11-23 16:41:23'),(77,'8775cd8327a0535694395dd35fcc4009',1,0,0,0,0,0,'2020-11-23 16:42:36'),(78,'8775cd8327a0535694395dd35fcc4009',1,0,0,0,0,0,'2020-11-23 16:45:12'),(79,'8775cd8327a0535694395dd35fcc4009',1,0,0,0,0,0,'2020-11-23 16:46:08'),(80,'8775cd8327a0535694395dd35fcc4009',1,0,0,0,0,0,'2020-11-23 16:46:15'),(81,'8775cd8327a0535694395dd35fcc4009',1,0,0,0,0,0,'2020-11-23 16:46:41'),(82,'8775cd8327a0535694395dd35fcc4009',1,0,0,0,0,0,'2020-11-23 16:50:28'),(83,'8775cd8327a0535694395dd35fcc4009',1,0,0,0,0,0,'2020-11-23 16:50:34'),(84,'8775cd8327a0535694395dd35fcc4009',1,0,0,0,0,0,'2020-11-23 16:51:01'),(85,'8775cd8327a0535694395dd35fcc4009',1,0,0,0,0,0,'2020-11-23 16:51:07'),(86,'8775cd8327a0535694395dd35fcc4009',1,0,0,0,0,0,'2020-11-23 16:53:44'),(87,'8775cd8327a0535694395dd35fcc4009',1,0,0,0,0,0,'2020-11-23 16:57:29'),(88,'8775cd8327a0535694395dd35fcc4009',1,0,0,0,0,0,'2020-11-23 17:00:39'),(89,'8775cd8327a0535694395dd35fcc4009',1,0,0,0,0,0,'2020-11-23 17:00:43'),(90,'8775cd8327a0535694395dd35fcc4009',1,0,0,0,0,0,'2020-11-23 17:01:33'),(91,'8775cd8327a0535694395dd35fcc4009',1,0,0,0,0,0,'2020-11-23 17:01:37'),(92,'8775cd8327a0535694395dd35fcc4009',1,0,0,0,0,0,'2020-11-23 17:10:35'),(93,'8775cd8327a0535694395dd35fcc4009',1,0,0,0,0,0,'2020-11-23 17:10:41'),(94,'8775cd8327a0535694395dd35fcc4009',1,0,0,0,0,0,'2020-11-23 17:11:16'),(95,'8775cd8327a0535694395dd35fcc4009',1,0,0,0,0,0,'2020-11-23 17:12:00'),(96,'8775cd8327a0535694395dd35fcc4009',1,0,0,0,0,0,'2020-11-23 17:12:41'),(97,'8775cd8327a0535694395dd35fcc4009',1,0,0,0,0,0,'2020-11-23 17:12:47'),(98,'8775cd8327a0535694395dd35fcc4009',1,0,0,0,0,0,'2020-11-23 17:12:54'),(99,'8775cd8327a0535694395dd35fcc4009',1,0,0,0,0,0,'2020-11-23 17:13:02'),(100,'8775cd8327a0535694395dd35fcc4009',1,0,0,0,0,0,'2020-11-23 17:13:09'),(101,'8775cd8327a0535694395dd35fcc4009',1,0,0,0,0,0,'2020-11-23 17:13:16'),(102,'8775cd8327a0535694395dd35fcc4009',1,0,0,0,0,0,'2020-11-23 17:13:23'),(103,'8775cd8327a0535694395dd35fcc4009',1,0,0,0,0,0,'2020-11-23 17:13:30'),(104,'8775cd8327a0535694395dd35fcc4009',1,0,0,0,0,0,'2020-11-23 17:13:37'),(105,'8775cd8327a0535694395dd35fcc4009',1,0,0,0,0,0,'2020-11-23 17:13:44'),(106,'8775cd8327a0535694395dd35fcc4009',1,0,0,0,0,0,'2020-11-23 17:13:51'),(107,'8775cd8327a0535694395dd35fcc4009',1,0,0,0,0,0,'2020-11-23 17:13:58'),(108,'8775cd8327a0535694395dd35fcc4009',1,0,0,0,0,0,'2020-11-23 17:14:05'),(109,'8775cd8327a0535694395dd35fcc4009',1,0,0,0,0,0,'2020-11-23 17:14:12'),(110,'8775cd8327a0535694395dd35fcc4009',1,0,0,0,0,0,'2020-11-23 17:14:19'),(111,'8775cd8327a0535694395dd35fcc4009',1,0,0,0,0,0,'2020-11-23 17:14:26'),(112,'8775cd8327a0535694395dd35fcc4009',1,0,0,0,0,0,'2020-11-23 17:14:33'),(113,'8775cd8327a0535694395dd35fcc4009',1,1,0,0,0,0,'2020-11-23 17:38:49'),(114,'8775cd8327a0535694395dd35fcc4009',1,1,0,0,0,0,'2020-11-23 17:38:58'),(115,'8775cd8327a0535694395dd35fcc4009',1,1,0,0,0,0,'2020-11-23 17:39:22'),(116,'8775cd8327a0535694395dd35fcc4009',1,1,0,0,0,0,'2020-11-23 17:41:01'),(117,'8775cd8327a0535694395dd35fcc4009',1,1,0,0,0,0,'2020-11-23 17:43:06'),(118,'8775cd8327a0535694395dd35fcc4009',1,1,0,0,0,0,'2020-11-23 17:44:05'),(119,'8775cd8327a0535694395dd35fcc4009',1,0,0,0,0,0,'2020-11-23 19:19:25'),(120,'8775cd8327a0535694395dd35fcc4009',0,1,0,0,0,0,'2020-11-23 21:57:48'),(121,'8775cd8327a0535694395dd35fcc4009',0,0,0,0,0,0,'2020-11-23 21:58:01'),(122,'8775cd8327a0535694395dd35fcc4009',0,1,0,0,0,0,'2020-11-23 21:59:09'),(123,'8775cd8327a0535694395dd35fcc4009',1,0,0,0,0,0,'2020-11-23 21:59:21'),(124,'8775cd8327a0535694395dd35fcc4009',0,0,0,0,0,0,'2020-11-23 21:59:34'),(125,'8775cd8327a0535694395dd35fcc4009',0,1,0,0,0,0,'2020-11-23 22:01:51'),(126,'8775cd8327a0535694395dd35fcc4009',0,0,0,0,0,0,'2020-11-23 22:02:06'),(127,'8775cd8327a0535694395dd35fcc4009',0,0,1,0,0,0,'2020-11-23 22:02:17'),(128,'8775cd8327a0535694395dd35fcc4009',0,0,0,0,0,0,'2020-11-23 22:02:29'),(129,'8775cd8327a0535694395dd35fcc4009',1,0,1,0,0,0,'2020-11-23 22:03:06'),(130,'8775cd8327a0535694395dd35fcc4009',0,0,0,0,0,0,'2020-11-23 22:03:19'),(131,'8775cd8327a0535694395dd35fcc4009',0,0,1,0,0,0,'2020-11-23 22:19:05'),(132,'8775cd8327a0535694395dd35fcc4009',0,0,0,0,0,0,'2020-11-23 22:19:17'),(133,'8775cd8327a0535694395dd35fcc4009',1,0,0,0,0,0,'2020-11-23 22:19:31'),(134,'8775cd8327a0535694395dd35fcc4009',0,0,0,0,0,0,'2020-11-23 22:19:43'),(135,'8775cd8327a0535694395dd35fcc4009',0,0,1,0,0,0,'2020-11-23 22:19:48'),(136,'8775cd8327a0535694395dd35fcc4009',1,1,1,0,0,0,'2020-11-23 22:20:01'),(137,'8775cd8327a0535694395dd35fcc4009',0,0,0,0,0,0,'2020-11-23 22:20:12'),(138,'8775cd8327a0535694395dd35fcc4009',0,0,1,0,0,0,'2020-11-23 22:20:30'),(139,'8775cd8327a0535694395dd35fcc4009',0,0,0,0,0,0,'2020-11-23 22:20:41'),(140,'8775cd8327a0535694395dd35fcc4009',1,0,0,0,0,0,'2020-11-23 22:24:41'),(141,'8775cd8327a0535694395dd35fcc4009',0,0,0,0,0,0,'2020-11-23 22:24:52'),(142,'8775cd8327a0535694395dd35fcc4009',1,0,0,0,0,0,'2020-11-23 22:27:27'),(143,'8775cd8327a0535694395dd35fcc4009',0,0,0,0,0,0,'2020-11-23 22:27:38'),(144,'8775cd8327a0535694395dd35fcc4009',0,1,0,0,0,0,'2020-11-23 22:27:56'),(145,'8775cd8327a0535694395dd35fcc4009',0,0,0,0,0,0,'2020-11-23 22:28:22'),(146,'8775cd8327a0535694395dd35fcc4009',1,0,0,0,0,0,'2020-11-25 23:06:58'),(147,'8775cd8327a0535694395dd35fcc4009',0,0,0,0,0,0,'2020-11-25 23:07:10'),(148,'8775cd8327a0535694395dd35fcc4009',1,0,0,0,0,0,'2020-11-25 23:07:22'),(149,'8775cd8327a0535694395dd35fcc4009',0,0,0,0,0,0,'2020-11-25 23:07:33'),(150,'8775cd8327a0535694395dd35fcc4009',0,1,0,0,0,0,'2020-12-03 12:28:32'),(151,'8775cd8327a0535694395dd35fcc4009',0,1,0,0,0,0,'2020-12-03 12:30:33'),(152,'8775cd8327a0535694395dd35fcc4009',0,1,0,0,0,0,'2020-12-03 12:31:21'),(153,'8775cd8327a0535694395dd35fcc4009',0,1,0,0,0,0,'2020-12-03 12:31:45'),(154,'8775cd8327a0535694395dd35fcc4009',0,1,0,0,0,0,'2020-12-03 12:32:17'),(155,'8775cd8327a0535694395dd35fcc4009',0,1,0,0,0,0,'2020-12-03 12:37:11'),(156,'8775cd8327a0535694395dd35fcc4009',0,1,0,0,0,0,'2020-12-03 12:41:00'),(157,'8775cd8327a0535694395dd35fcc4009',0,1,0,0,0,0,'2020-12-03 12:51:46'),(158,'8775cd8327a0535694395dd35fcc4009',0,1,0,0,0,0,'2020-12-03 12:52:42'),(159,'8775cd8327a0535694395dd35fcc4009',0,1,0,0,0,0,'2020-12-03 12:54:22'),(160,'8775cd8327a0535694395dd35fcc4009',0,1,0,0,0,0,'2020-12-03 12:55:24'),(161,'8775cd8327a0535694395dd35fcc4009',0,1,0,0,0,0,'2020-12-03 12:56:39'),(162,'8775cd8327a0535694395dd35fcc4009',0,1,0,0,0,0,'2020-12-03 12:57:14'),(163,'8775cd8327a0535694395dd35fcc4009',0,1,0,0,0,0,'2020-12-03 13:00:59'),(164,'8775cd8327a0535694395dd35fcc4009',0,1,0,0,0,0,'2020-12-03 13:03:33'),(165,'8775cd8327a0535694395dd35fcc4009',0,1,0,0,0,0,'2020-12-03 13:04:10'),(166,'8775cd8327a0535694395dd35fcc4009',0,1,0,0,0,0,'2020-12-03 13:05:23'),(167,'8775cd8327a0535694395dd35fcc4009',0,1,0,0,0,0,'2020-12-03 19:04:07'),(168,'8775cd8327a0535694395dd35fcc4009',0,1,0,0,0,0,'2020-12-03 19:08:26'),(169,'8775cd8327a0535694395dd35fcc4009',0,1,0,0,0,0,'2020-12-03 19:09:00'),(170,'8775cd8327a0535694395dd35fcc4009',0,1,0,0,0,0,'2020-12-03 19:10:27'),(171,'8775cd8327a0535694395dd35fcc4009',0,1,0,0,0,0,'2020-12-03 19:13:39'),(172,'8775cd8327a0535694395dd35fcc4009',0,1,0,0,0,0,'2020-12-03 19:13:47'),(173,'8775cd8327a0535694395dd35fcc4009',0,1,1,0,1,1,'2020-12-07 15:02:43'),(174,'8775cd8327a0535694395dd35fcc4009',0,1,1,0,1,1,'2020-12-07 15:04:08'),(175,'8775cd8327a0535694395dd35fcc4009',0,1,1,0,1,1,'2020-12-07 15:11:08'),(176,'8775cd8327a0535694395dd35fcc4009',0,1,1,0,1,1,'2020-12-07 15:13:06'),(177,'8775cd8327a0535694395dd35fcc4009',0,1,1,0,1,1,'2020-12-07 15:13:46'),(178,'8775cd8327a0535694395dd35fcc4009',0,1,1,0,1,1,'2020-12-07 15:20:33'),(179,'8775cd8327a0535694395dd35fcc4009',0,1,1,0,1,1,'2020-12-07 15:22:40'),(180,'8775cd8327a0535694395dd35fcc4009',0,1,1,0,1,1,'2020-12-07 15:24:18'),(181,'8775cd8327a0535694395dd35fcc4009',0,1,1,0,1,1,'2020-12-07 15:27:20'),(182,'8775cd8327a0535694395dd35fcc4009',0,1,1,0,1,1,'2020-12-07 15:31:01'),(183,'8775cd8327a0535694395dd35fcc4009',0,1,1,0,1,1,'2020-12-07 15:33:09'),(184,'8775cd8327a0535694395dd35fcc4009',0,1,1,0,1,1,'2020-12-07 15:33:31'),(185,'8775cd8327a0535694395dd35fcc4009',0,1,1,0,1,1,'2020-12-07 15:34:02'),(186,'8775cd8327a0535694395dd35fcc4009',0,1,1,0,1,1,'2020-12-07 15:34:22'),(187,'8775cd8327a0535694395dd35fcc4009',0,1,1,0,1,1,'2020-12-07 15:36:41'),(188,'8775cd8327a0535694395dd35fcc4009',0,1,1,0,1,1,'2020-12-07 15:37:20'),(189,'8775cd8327a0535694395dd35fcc4009',0,1,1,0,1,1,'2020-12-07 15:55:34'),(190,'8775cd8327a0535694395dd35fcc4009',0,1,1,0,1,1,'2020-12-07 15:56:59'),(191,'8775cd8327a0535694395dd35fcc4009',0,1,1,0,1,1,'2020-12-07 15:57:39'),(192,'8775cd8327a0535694395dd35fcc4009',0,1,1,0,1,1,'2020-12-07 15:58:33'),(193,'8775cd8327a0535694395dd35fcc4009',0,1,1,0,1,1,'2020-12-09 12:18:58'),(194,'8775cd8327a0535694395dd35fcc4009',0,1,1,0,1,1,'2020-12-09 12:20:23'),(195,'8775cd8327a0535694395dd35fcc4009',0,1,1,0,1,1,'2020-12-09 16:49:49'),(196,'8775cd8327a0535694395dd35fcc4009',0,1,1,0,1,1,'2020-12-09 16:52:33'),(197,'8775cd8327a0535694395dd35fcc4009',0,1,1,0,1,1,'2020-12-09 16:52:35'),(198,'8775cd8327a0535694395dd35fcc4009',0,1,1,0,1,1,'2020-12-09 16:57:37'),(199,'8775cd8327a0535694395dd35fcc4009',0,1,1,0,1,1,'2020-12-09 16:57:38'),(200,'8775cd8327a0535694395dd35fcc4009',0,1,1,0,1,1,'2020-12-09 19:15:55'),(201,'8775cd8327a0535694395dd35fcc4009',0,1,1,0,1,1,'2020-12-09 19:17:39'),(202,'8775cd8327a0535694395dd35fcc4009',0,1,1,0,1,1,'2020-12-09 19:18:27'),(203,'8775cd8327a0535694395dd35fcc4009',0,1,1,0,1,1,'2020-12-09 19:35:37'),(204,'8775cd8327a0535694395dd35fcc4009',0,1,1,0,1,1,'2020-12-09 19:36:58'),(205,'8775cd8327a0535694395dd35fcc4009',0,1,1,0,1,1,'2020-12-09 19:37:02'),(206,'8775cd8327a0535694395dd35fcc4009',0,1,1,0,1,1,'2020-12-09 19:39:12'),(207,'8775cd8327a0535694395dd35fcc4009',0,1,1,0,1,1,'2020-12-09 19:39:14'),(208,'8775cd8327a0535694395dd35fcc4009',0,1,1,0,1,1,'2020-12-09 19:41:36'),(209,'8775cd8327a0535694395dd35fcc4009',0,1,1,0,1,1,'2020-12-09 19:41:38'),(210,'8775cd8327a0535694395dd35fcc4009',0,1,1,0,1,1,'2020-12-09 19:44:18'),(211,'8775cd8327a0535694395dd35fcc4009',0,1,1,0,1,1,'2020-12-09 19:46:09'),(212,'8775cd8327a0535694395dd35fcc4009',0,1,0,0,0,0,'2020-12-09 19:46:54'),(213,'8775cd8327a0535694395dd35fcc4009',0,1,0,0,0,0,'2020-12-09 19:48:36'),(214,'8775cd8327a0535694395dd35fcc4009',0,1,0,0,0,0,'2020-12-09 19:50:01'),(215,'8775cd8327a0535694395dd35fcc4009',0,1,0,0,0,0,'2020-12-09 19:51:32'),(216,'8775cd8327a0535694395dd35fcc4009',0,1,0,0,0,0,'2020-12-09 19:54:24'),(217,'8775cd8327a0535694395dd35fcc4009',0,1,0,0,0,0,'2020-12-09 19:55:13'),(218,'8775cd8327a0535694395dd35fcc4009',0,1,0,0,0,0,'2020-12-09 19:56:38'),(219,'8775cd8327a0535694395dd35fcc4009',0,1,0,0,0,1,'2020-12-09 19:57:01'),(220,'8775cd8327a0535694395dd35fcc4009',0,1,0,0,0,1,'2020-12-09 19:58:50'),(221,'8775cd8327a0535694395dd35fcc4009',0,1,0,0,0,1,'2020-12-09 20:08:51'),(222,'8775cd8327a0535694395dd35fcc4009',0,1,0,0,0,1,'2020-12-09 20:11:02'),(223,'8775cd8327a0535694395dd35fcc4009',0,1,0,0,0,1,'2020-12-09 20:18:24'),(224,'8775cd8327a0535694395dd35fcc4009',0,1,0,0,0,1,'2020-12-11 21:48:31'),(225,'8775cd8327a0535694395dd35fcc4009',0,1,0,0,0,1,'2020-12-11 21:49:40'),(226,'8775cd8327a0535694395dd35fcc4009',0,1,0,0,0,1,'2020-12-11 21:50:19'),(227,'8775cd8327a0535694395dd35fcc4009',0,1,0,0,0,1,'2020-12-11 21:51:07'),(228,'8775cd8327a0535694395dd35fcc4009',0,1,0,0,0,1,'2020-12-11 21:51:39'),(229,'8775cd8327a0535694395dd35fcc4009',0,1,0,0,0,1,'2020-12-11 21:52:41'),(230,'8775cd8327a0535694395dd35fcc4009',0,1,0,0,0,1,'2020-12-11 21:53:42'),(231,'8775cd8327a0535694395dd35fcc4009',0,1,0,0,0,1,'2020-12-11 21:56:20'),(232,'8775cd8327a0535694395dd35fcc4009',0,1,0,0,0,1,'2020-12-11 21:57:47'),(233,'8775cd8327a0535694395dd35fcc4009',0,1,0,0,0,1,'2020-12-11 22:01:21'),(234,'8775cd8327a0535694395dd35fcc4009',0,1,0,0,0,1,'2020-12-11 22:17:24'),(235,'8775cd8327a0535694395dd35fcc4009',0,1,0,0,0,1,'2020-12-11 22:24:33'),(236,'8775cd8327a0535694395dd35fcc4009',0,1,0,0,0,1,'2020-12-11 22:30:17'),(237,'8775cd8327a0535694395dd35fcc4009',0,1,0,0,0,1,'2020-12-11 22:31:24'),(238,'8775cd8327a0535694395dd35fcc4009',0,1,0,0,0,1,'2020-12-11 22:35:23'),(239,'8775cd8327a0535694395dd35fcc4009',0,1,0,0,0,1,'2020-12-11 22:37:29'),(240,'8775cd8327a0535694395dd35fcc4009',0,1,0,0,0,1,'2020-12-11 22:39:32'),(241,'8775cd8327a0535694395dd35fcc4009',0,1,0,0,0,1,'2020-12-11 22:40:29'),(242,'8775cd8327a0535694395dd35fcc4009',0,1,0,0,0,1,'2020-12-11 22:41:06'),(243,'8775cd8327a0535694395dd35fcc4009',0,1,0,0,0,1,'2020-12-11 23:32:44'),(244,'8775cd8327a0535694395dd35fcc4009',0,1,0,0,0,1,'2020-12-11 23:32:44'),(245,'8775cd8327a0535694395dd35fcc4009',0,1,0,0,0,1,'2020-12-11 23:34:44'),(246,'8775cd8327a0535694395dd35fcc4009',0,1,0,0,0,1,'2020-12-11 23:36:08'),(247,'8775cd8327a0535694395dd35fcc4009',0,1,0,0,0,0,'2020-12-11 23:37:53'),(248,'8775cd8327a0535694395dd35fcc4009',0,1,0,0,0,0,'2020-12-11 23:39:02'),(249,'8775cd8327a0535694395dd35fcc4009',0,1,0,0,0,0,'2020-12-11 23:41:06'),(250,'8775cd8327a0535694395dd35fcc4009',0,1,0,0,0,0,'2020-12-11 23:43:53'),(251,'8775cd8327a0535694395dd35fcc4009',0,1,0,0,0,0,'2020-12-11 23:44:29'),(252,'8775cd8327a0535694395dd35fcc4009',0,1,0,0,0,0,'2020-12-11 23:45:18'),(253,'8775cd8327a0535694395dd35fcc4009',0,1,0,0,0,0,'2020-12-11 23:52:08'),(254,'8775cd8327a0535694395dd35fcc4009',0,1,0,0,0,0,'2020-12-12 00:10:41'),(255,'8775cd8327a0535694395dd35fcc4009',0,1,0,0,0,0,'2020-12-12 00:12:44'),(256,'8775cd8327a0535694395dd35fcc4009',0,1,0,0,0,0,'2020-12-12 00:13:40'),(257,'8775cd8327a0535694395dd35fcc4009',0,1,0,0,0,0,'2020-12-12 00:17:16'),(258,'8775cd8327a0535694395dd35fcc4009',0,1,0,0,0,0,'2020-12-12 00:19:04'),(259,'8775cd8327a0535694395dd35fcc4009',0,1,0,0,0,0,'2020-12-12 00:23:04'),(260,'8775cd8327a0535694395dd35fcc4009',0,1,0,0,0,0,'2020-12-12 00:24:27'),(261,'8775cd8327a0535694395dd35fcc4009',0,1,0,0,0,0,'2020-12-12 00:29:01'),(262,'8775cd8327a0535694395dd35fcc4009',0,1,0,0,0,0,'2020-12-12 00:30:55'),(263,'8775cd8327a0535694395dd35fcc4009',0,1,0,0,0,0,'2020-12-12 00:31:42'),(264,'8775cd8327a0535694395dd35fcc4009',0,1,0,0,0,0,'2020-12-12 00:32:56'),(265,'8775cd8327a0535694395dd35fcc4009',0,1,0,0,0,0,'2020-12-12 00:34:43'),(266,'8775cd8327a0535694395dd35fcc4009',0,1,0,0,0,0,'2020-12-12 00:37:06'),(267,'8775cd8327a0535694395dd35fcc4009',0,1,0,0,0,0,'2020-12-12 00:37:56'),(268,'8775cd8327a0535694395dd35fcc4009',0,1,0,0,0,0,'2020-12-12 00:39:56'),(269,'8775cd8327a0535694395dd35fcc4009',1,1,1,0,1,1,'2020-12-12 00:40:23'),(270,'8775cd8327a0535694395dd35fcc4009',1,1,1,0,1,1,'2020-12-12 00:42:43'),(271,'8775cd8327a0535694395dd35fcc4009',1,1,1,0,0,0,'2020-12-12 00:50:08'),(272,'8775cd8327a0535694395dd35fcc4009',1,1,1,0,0,0,'2020-12-12 00:56:31'),(273,'8775cd8327a0535694395dd35fcc4009',1,1,1,0,0,0,'2020-12-12 01:00:55'),(274,'8775cd8327a0535694395dd35fcc4009',0,1,0,0,0,0,'2020-12-12 01:03:18'),(275,'8775cd8327a0535694395dd35fcc4009',0,1,0,0,0,0,'2020-12-12 01:12:01'),(276,'8775cd8327a0535694395dd35fcc4009',0,1,0,0,0,0,'2020-12-12 01:19:27'),(277,'8775cd8327a0535694395dd35fcc4009',0,1,0,0,0,0,'2020-12-12 01:22:39'),(278,'8775cd8327a0535694395dd35fcc4009',0,1,0,0,0,0,'2020-12-12 01:23:25'),(279,'8775cd8327a0535694395dd35fcc4009',0,1,0,0,0,0,'2020-12-12 01:25:52'),(280,'8775cd8327a0535694395dd35fcc4009',1,0,1,0,0,1,'2020-12-18 01:04:15'),(281,'8775cd8327a0535694395dd35fcc4009',1,0,1,0,0,1,'2020-12-18 01:04:31'),(282,'8775cd8327a0535694395dd35fcc4009',1,0,1,0,0,1,'2020-12-18 01:04:51'),(283,'8775cd8327a0535694395dd35fcc4009',1,0,1,0,0,1,'2020-12-18 01:07:33'),(284,'8775cd8327a0535694395dd35fcc4009',1,0,1,0,0,1,'2020-12-18 01:08:17'),(285,'8775cd8327a0535694395dd35fcc4009',1,0,1,0,0,1,'2020-12-18 01:08:33'),(286,'8775cd8327a0535694395dd35fcc4009',1,0,1,0,0,1,'2020-12-18 01:08:49'),(287,'8775cd8327a0535694395dd35fcc4009',1,0,1,0,0,1,'2020-12-18 01:09:05'),(288,'8775cd8327a0535694395dd35fcc4009',1,0,1,0,0,1,'2020-12-18 01:09:23'),(289,'8775cd8327a0535694395dd35fcc4009',1,0,1,0,0,1,'2020-12-18 01:09:39'),(290,'8775cd8327a0535694395dd35fcc4009',1,0,1,0,0,1,'2020-12-18 01:09:55'),(291,'8775cd8327a0535694395dd35fcc4009',1,0,1,0,0,1,'2020-12-18 01:10:11'),(292,'8775cd8327a0535694395dd35fcc4009',1,0,1,0,0,1,'2020-12-18 01:10:27'),(293,'8775cd8327a0535694395dd35fcc4009',1,0,1,0,0,1,'2020-12-18 01:10:44'),(294,'8775cd8327a0535694395dd35fcc4009',1,0,1,0,0,1,'2020-12-18 01:11:00'),(295,'8775cd8327a0535694395dd35fcc4009',1,0,1,0,0,1,'2020-12-18 01:11:16'),(296,'8775cd8327a0535694395dd35fcc4009',1,0,1,0,0,1,'2020-12-18 01:11:33'),(297,'8775cd8327a0535694395dd35fcc4009',1,0,1,0,0,1,'2020-12-18 01:11:49'),(298,'8775cd8327a0535694395dd35fcc4009',1,0,1,0,0,1,'2020-12-18 01:12:05'),(299,'8775cd8327a0535694395dd35fcc4009',1,0,1,0,0,1,'2020-12-18 01:12:23'),(300,'8775cd8327a0535694395dd35fcc4009',1,0,1,0,0,1,'2020-12-18 01:12:40'),(301,'8775cd8327a0535694395dd35fcc4009',1,0,1,0,0,1,'2020-12-18 01:12:56'),(302,'8775cd8327a0535694395dd35fcc4009',1,0,1,0,0,1,'2020-12-18 01:13:14'),(303,'8775cd8327a0535694395dd35fcc4009',1,0,1,0,0,1,'2020-12-18 01:13:31'),(304,'8775cd8327a0535694395dd35fcc4009',1,0,1,0,0,1,'2020-12-18 01:13:47'),(305,'8775cd8327a0535694395dd35fcc4009',1,0,1,0,0,1,'2020-12-18 01:14:03'),(306,'8775cd8327a0535694395dd35fcc4009',1,0,1,0,0,1,'2020-12-18 01:14:20'),(307,'8775cd8327a0535694395dd35fcc4009',1,0,1,0,0,1,'2020-12-18 01:14:36'),(308,'8775cd8327a0535694395dd35fcc4009',1,0,1,0,0,1,'2020-12-18 01:14:53'),(309,'8775cd8327a0535694395dd35fcc4009',1,0,1,0,0,1,'2020-12-18 01:15:09'),(310,'8775cd8327a0535694395dd35fcc4009',1,0,1,0,0,1,'2020-12-18 01:15:25'),(311,'8775cd8327a0535694395dd35fcc4009',1,0,1,0,0,1,'2020-12-18 01:15:41'),(312,'8775cd8327a0535694395dd35fcc4009',1,0,1,0,0,1,'2020-12-18 01:15:58'),(313,'8775cd8327a0535694395dd35fcc4009',1,0,1,0,0,1,'2020-12-18 01:16:15'),(314,'8775cd8327a0535694395dd35fcc4009',1,0,1,0,0,1,'2020-12-18 01:16:32'),(315,'8775cd8327a0535694395dd35fcc4009',1,0,1,0,0,1,'2020-12-18 01:16:51'),(316,'8775cd8327a0535694395dd35fcc4009',1,0,1,0,0,1,'2020-12-18 01:17:07'),(317,'8775cd8327a0535694395dd35fcc4009',1,0,1,0,0,1,'2020-12-18 01:17:27'),(318,'8775cd8327a0535694395dd35fcc4009',0,0,0,0,0,1,'2020-12-18 10:27:49'),(319,'8775cd8327a0535694395dd35fcc4009',0,0,0,0,0,1,'2020-12-18 10:28:06'),(320,'8775cd8327a0535694395dd35fcc4009',0,0,0,0,0,1,'2020-12-18 10:28:22'),(321,'8775cd8327a0535694395dd35fcc4009',0,0,0,0,0,1,'2020-12-18 10:28:38'),(322,'8775cd8327a0535694395dd35fcc4009',0,0,0,0,0,1,'2020-12-18 10:28:56'),(323,'8775cd8327a0535694395dd35fcc4009',0,0,0,0,0,1,'2020-12-18 10:29:12'),(324,'8775cd8327a0535694395dd35fcc4009',0,0,0,0,0,1,'2020-12-18 10:29:28'),(325,'8775cd8327a0535694395dd35fcc4009',0,0,1,0,1,1,'2020-12-18 10:30:06'),(326,'8775cd8327a0535694395dd35fcc4009',0,0,1,0,1,1,'2020-12-18 10:30:28'),(327,'8775cd8327a0535694395dd35fcc4009',0,0,1,0,1,1,'2020-12-18 10:30:50'),(328,'8775cd8327a0535694395dd35fcc4009',0,0,1,0,1,1,'2020-12-18 10:31:14'),(329,'8775cd8327a0535694395dd35fcc4009',0,0,1,0,1,1,'2020-12-18 10:31:36'),(330,'8775cd8327a0535694395dd35fcc4009',0,0,1,0,1,1,'2020-12-18 10:31:57'),(331,'8775cd8327a0535694395dd35fcc4009',0,0,1,0,1,1,'2020-12-18 10:32:41'),(332,'8775cd8327a0535694395dd35fcc4009',0,0,1,0,1,1,'2020-12-18 10:33:19'),(333,'8775cd8327a0535694395dd35fcc4009',0,0,1,0,0,1,'2020-12-18 10:33:22'),(334,'8775cd8327a0535694395dd35fcc4009',0,0,1,0,0,1,'2020-12-18 10:33:38'),(335,'8775cd8327a0535694395dd35fcc4009',0,0,1,0,0,1,'2020-12-18 10:33:55'),(336,'8775cd8327a0535694395dd35fcc4009',0,0,1,0,0,1,'2020-12-18 10:34:13'),(337,'8775cd8327a0535694395dd35fcc4009',0,0,1,0,0,1,'2020-12-18 10:34:29'),(338,'8775cd8327a0535694395dd35fcc4009',0,0,1,0,0,1,'2020-12-18 10:34:45'),(339,'8775cd8327a0535694395dd35fcc4009',0,0,1,0,0,1,'2020-12-18 10:35:01'),(340,'8775cd8327a0535694395dd35fcc4009',0,0,1,0,0,1,'2020-12-18 10:35:17'),(341,'8775cd8327a0535694395dd35fcc4009',0,0,1,0,0,1,'2020-12-18 10:35:34'),(342,'8775cd8327a0535694395dd35fcc4009',0,0,0,0,0,1,'2020-12-18 11:02:53'),(343,'8775cd8327a0535694395dd35fcc4009',0,0,0,0,0,1,'2020-12-18 11:02:57'),(344,'8775cd8327a0535694395dd35fcc4009',0,0,0,0,0,1,'2020-12-18 11:05:22'),(345,'8775cd8327a0535694395dd35fcc4009',0,0,0,0,0,1,'2020-12-18 11:10:05'),(346,'8775cd8327a0535694395dd35fcc4009',0,0,0,0,0,1,'2020-12-18 11:12:07'),(347,'8775cd8327a0535694395dd35fcc4009',0,0,0,0,0,1,'2020-12-18 11:14:26'),(348,'8775cd8327a0535694395dd35fcc4009',0,0,0,0,0,1,'2020-12-18 11:14:32'),(349,'8775cd8327a0535694395dd35fcc4009',0,0,0,0,0,1,'2020-12-18 11:18:32'),(350,'8775cd8327a0535694395dd35fcc4009',0,0,0,0,0,1,'2020-12-18 11:18:42'),(351,'8775cd8327a0535694395dd35fcc4009',0,1,0,0,0,1,'2020-12-18 11:19:13'),(352,'8775cd8327a0535694395dd35fcc4009',0,0,0,0,0,1,'2020-12-18 11:19:25'),(353,'8775cd8327a0535694395dd35fcc4009',0,1,0,0,0,1,'2020-12-18 11:20:23'),(354,'8775cd8327a0535694395dd35fcc4009',0,0,0,0,0,1,'2020-12-18 11:20:37'),(355,'8775cd8327a0535694395dd35fcc4009',0,1,0,0,0,1,'2020-12-18 11:22:25'),(356,'8775cd8327a0535694395dd35fcc4009',0,0,0,0,0,1,'2020-12-18 11:22:38'),(357,'8775cd8327a0535694395dd35fcc4009',0,1,0,0,0,1,'2020-12-18 11:23:16'),(358,'8775cd8327a0535694395dd35fcc4009',0,0,0,0,0,1,'2020-12-18 11:23:38'),(359,'8775cd8327a0535694395dd35fcc4009',1,0,0,0,1,1,'2020-12-18 11:23:56'),(360,'8775cd8327a0535694395dd35fcc4009',1,0,1,0,1,1,'2020-12-18 11:24:14'),(361,'8775cd8327a0535694395dd35fcc4009',0,0,0,0,1,1,'2020-12-18 11:24:59'),(362,'8775cd8327a0535694395dd35fcc4009',1,0,0,0,1,1,'2020-12-18 11:25:38'),(363,'8775cd8327a0535694395dd35fcc4009',0,0,0,0,1,1,'2020-12-18 11:25:56'),(364,'8775cd8327a0535694395dd35fcc4009',0,0,0,0,0,1,'2020-12-18 11:28:05'),(365,'8775cd8327a0535694395dd35fcc4009',0,0,0,0,0,1,'2020-12-18 11:30:14'),(366,'8775cd8327a0535694395dd35fcc4009',0,1,0,0,0,1,'2020-12-18 11:30:38'),(367,'8775cd8327a0535694395dd35fcc4009',0,0,0,0,0,1,'2020-12-18 11:30:50'),(368,'8775cd8327a0535694395dd35fcc4009',0,1,0,0,0,1,'2020-12-18 11:32:30'),(369,'8775cd8327a0535694395dd35fcc4009',0,0,0,0,0,1,'2020-12-18 11:32:43'),(370,'8775cd8327a0535694395dd35fcc4009',0,0,1,0,1,1,'2020-12-18 11:41:27'),(371,'8775cd8327a0535694395dd35fcc4009',0,0,0,0,1,1,'2020-12-18 11:41:44'),(372,'8775cd8327a0535694395dd35fcc4009',0,0,0,0,0,1,'2020-12-18 11:42:55'),(373,'8775cd8327a0535694395dd35fcc4009',0,0,0,0,0,1,'2020-12-18 11:43:33'),(374,'8775cd8327a0535694395dd35fcc4009',0,1,0,0,0,1,'2020-12-18 11:45:34'),(375,'8775cd8327a0535694395dd35fcc4009',0,0,0,0,0,1,'2020-12-18 11:45:46'),(376,'8775cd8327a0535694395dd35fcc4009',0,0,1,0,1,1,'2020-12-18 11:46:40'),(377,'8775cd8327a0535694395dd35fcc4009',0,0,0,0,1,1,'2020-12-18 11:46:58'),(378,'8775cd8327a0535694395dd35fcc4009',0,1,0,0,1,1,'2020-12-18 11:59:01'),(379,'8775cd8327a0535694395dd35fcc4009',0,0,0,0,1,1,'2020-12-18 11:59:18'),(380,'8775cd8327a0535694395dd35fcc4009',1,0,0,0,1,1,'2020-12-18 11:59:49'),(381,'8775cd8327a0535694395dd35fcc4009',0,0,0,0,1,1,'2020-12-18 12:00:07'),(382,'8775cd8327a0535694395dd35fcc4009',0,1,0,0,1,1,'2020-12-18 12:00:52'),(383,'8775cd8327a0535694395dd35fcc4009',0,0,0,0,1,1,'2020-12-18 12:01:11'),(384,'8775cd8327a0535694395dd35fcc4009',0,1,0,0,1,1,'2020-12-18 12:12:11'),(385,'8775cd8327a0535694395dd35fcc4009',0,0,0,0,1,0,'2020-12-18 12:12:24'),(386,'8775cd8327a0535694395dd35fcc4009',0,1,0,0,1,0,'2020-12-18 12:21:37'),(387,'8775cd8327a0535694395dd35fcc4009',0,0,0,0,1,0,'2020-12-18 12:21:49'),(388,'8775cd8327a0535694395dd35fcc4009',0,1,0,0,1,0,'2020-12-18 12:22:33'),(389,'8775cd8327a0535694395dd35fcc4009',0,0,0,0,1,0,'2020-12-18 12:22:45'),(390,'8775cd8327a0535694395dd35fcc4009',0,1,0,0,1,0,'2020-12-18 12:23:48'),(391,'8775cd8327a0535694395dd35fcc4009',0,0,0,0,1,0,'2020-12-18 12:24:00'),(392,'8775cd8327a0535694395dd35fcc4009',0,0,0,0,1,1,'2020-12-18 12:27:00'),(393,'8775cd8327a0535694395dd35fcc4009',0,0,0,0,1,0,'2020-12-18 12:27:15'),(394,'8775cd8327a0535694395dd35fcc4009',0,1,0,0,0,0,'2020-12-18 12:30:12'),(395,'8775cd8327a0535694395dd35fcc4009',0,0,0,0,0,0,'2020-12-18 12:30:19'),(396,'8775cd8327a0535694395dd35fcc4009',0,0,1,0,1,0,'2020-12-18 12:30:51'),(397,'8775cd8327a0535694395dd35fcc4009',0,0,0,0,1,0,'2020-12-18 12:31:26'),(398,'8775cd8327a0535694395dd35fcc4009',0,0,0,0,1,1,'2020-12-18 12:32:46'),(399,'8775cd8327a0535694395dd35fcc4009',0,0,0,0,1,0,'2020-12-18 12:32:58'),(400,'8775cd8327a0535694395dd35fcc4009',0,0,0,0,1,1,'2020-12-18 12:33:24'),(401,'8775cd8327a0535694395dd35fcc4009',0,0,0,0,1,0,'2020-12-18 12:34:20'),(402,'8775cd8327a0535694395dd35fcc4009',0,0,0,0,1,1,'2020-12-18 12:34:38'),(403,'8775cd8327a0535694395dd35fcc4009',0,0,0,0,1,0,'2020-12-18 12:34:50'),(404,'8775cd8327a0535694395dd35fcc4009',0,0,0,0,1,1,'2020-12-18 12:35:08'),(405,'8775cd8327a0535694395dd35fcc4009',0,1,0,0,1,1,'2020-12-18 12:36:49'),(406,'8775cd8327a0535694395dd35fcc4009',0,0,0,0,1,1,'2020-12-18 12:37:06'),(407,'8775cd8327a0535694395dd35fcc4009',0,0,1,0,1,1,'2020-12-18 12:38:15'),(408,'8775cd8327a0535694395dd35fcc4009',0,0,0,0,1,1,'2020-12-18 12:38:32'),(409,'8775cd8327a0535694395dd35fcc4009',0,0,0,0,1,0,'2020-12-18 12:38:44'),(410,'8775cd8327a0535694395dd35fcc4009',0,0,0,0,1,1,'2020-12-18 12:40:06'),(411,'8775cd8327a0535694395dd35fcc4009',0,0,0,0,0,1,'2020-12-18 12:40:37'),(412,'8775cd8327a0535694395dd35fcc4009',0,0,1,0,1,1,'2020-12-18 12:41:30'),(413,'8775cd8327a0535694395dd35fcc4009',0,0,0,0,0,1,'2020-12-18 12:41:42'),(414,'8775cd8327a0535694395dd35fcc4009',0,1,0,0,0,1,'2020-12-18 12:43:25'),(415,'8775cd8327a0535694395dd35fcc4009',0,0,0,0,0,1,'2020-12-18 12:43:38'),(416,'8775cd8327a0535694395dd35fcc4009',0,1,0,0,0,1,'2020-12-18 12:46:02'),(417,'8775cd8327a0535694395dd35fcc4009',0,0,0,0,0,1,'2020-12-18 12:46:14'),(418,'8775cd8327a0535694395dd35fcc4009',0,0,0,0,0,0,'2020-12-18 12:46:22'),(419,'8775cd8327a0535694395dd35fcc4009',1,0,0,0,1,0,'2020-12-18 12:46:38'),(420,'8775cd8327a0535694395dd35fcc4009',0,0,0,0,0,0,'2020-12-18 12:46:44'),(421,'8775cd8327a0535694395dd35fcc4009',0,0,1,0,1,0,'2020-12-18 12:47:19'),(422,'8775cd8327a0535694395dd35fcc4009',0,0,0,0,0,0,'2020-12-18 12:47:25'),(423,'8775cd8327a0535694395dd35fcc4009',0,1,0,0,0,0,'2020-12-18 12:48:29'),(424,'8775cd8327a0535694395dd35fcc4009',0,0,0,0,0,0,'2020-12-18 12:48:35'),(425,'8775cd8327a0535694395dd35fcc4009',0,0,1,0,1,0,'2020-12-18 12:49:46'),(426,'8775cd8327a0535694395dd35fcc4009',0,0,0,0,0,0,'2020-12-18 12:49:52'),(427,'8775cd8327a0535694395dd35fcc4009',0,1,0,0,0,0,'2020-12-18 12:50:06'),(428,'8775cd8327a0535694395dd35fcc4009',0,0,0,0,0,0,'2020-12-18 12:50:31'),(429,'8775cd8327a0535694395dd35fcc4009',1,0,0,0,1,0,'2020-12-18 12:50:43'),(430,'8775cd8327a0535694395dd35fcc4009',0,0,0,0,0,0,'2020-12-18 12:50:49'),(431,'8775cd8327a0535694395dd35fcc4009',0,1,0,0,0,0,'2020-12-18 12:53:38'),(432,'8775cd8327a0535694395dd35fcc4009',0,0,0,0,0,0,'2020-12-18 12:53:44'),(433,'8775cd8327a0535694395dd35fcc4009',0,0,1,0,1,0,'2020-12-18 12:56:11'),(434,'8775cd8327a0535694395dd35fcc4009',0,0,0,0,0,0,'2020-12-18 12:56:17'),(435,'8775cd8327a0535694395dd35fcc4009',0,0,0,0,0,1,'2020-12-18 12:57:33'),(436,'8775cd8327a0535694395dd35fcc4009',0,0,0,0,0,0,'2020-12-18 12:57:39'),(437,'8775cd8327a0535694395dd35fcc4009',0,0,0,0,0,1,'2020-12-18 12:59:39'),(438,'8775cd8327a0535694395dd35fcc4009',0,0,0,0,0,0,'2020-12-18 12:59:46'),(439,'8775cd8327a0535694395dd35fcc4009',0,1,0,0,0,0,'2020-12-18 13:01:33'),(440,'8775cd8327a0535694395dd35fcc4009',0,0,0,0,0,0,'2020-12-18 13:01:39'),(441,'8775cd8327a0535694395dd35fcc4009',0,0,1,0,1,0,'2020-12-18 13:05:28'),(442,'8775cd8327a0535694395dd35fcc4009',0,0,0,0,0,0,'2020-12-18 13:05:34'),(443,'8775cd8327a0535694395dd35fcc4009',0,0,0,0,0,0,'2020-12-18 13:05:50'),(444,'8775cd8327a0535694395dd35fcc4009',0,0,0,0,0,0,'2020-12-18 13:05:57'),(445,'8775cd8327a0535694395dd35fcc4009',0,0,0,0,0,1,'2020-12-18 13:06:09'),(446,'8775cd8327a0535694395dd35fcc4009',1,0,0,0,1,1,'2020-12-18 13:08:11'),(447,'8775cd8327a0535694395dd35fcc4009',0,0,0,0,0,1,'2020-12-18 13:08:30'),(448,'8775cd8327a0535694395dd35fcc4009',1,0,0,0,1,1,'2020-12-18 13:09:17'),(449,'8775cd8327a0535694395dd35fcc4009',0,0,0,0,0,1,'2020-12-18 13:09:36'),(450,'8775cd8327a0535694395dd35fcc4009',0,0,0,0,0,1,'2020-12-18 13:13:43'),(451,'8775cd8327a0535694395dd35fcc4009',1,0,0,0,1,1,'2020-12-18 13:14:06'),(452,'8775cd8327a0535694395dd35fcc4009',0,0,0,0,0,1,'2020-12-18 13:14:23'),(453,'8775cd8327a0535694395dd35fcc4009',1,0,0,0,1,1,'2020-12-18 13:14:48'),(454,'8775cd8327a0535694395dd35fcc4009',0,0,0,0,0,1,'2020-12-18 13:15:05'),(455,'8775cd8327a0535694395dd35fcc4009',0,0,0,0,0,0,'2020-12-18 13:16:33'),(456,'8775cd8327a0535694395dd35fcc4009',1,0,0,0,1,0,'2020-12-18 13:16:51'),(457,'8775cd8327a0535694395dd35fcc4009',0,0,0,0,0,0,'2020-12-18 13:17:02'),(458,'8775cd8327a0535694395dd35fcc4009',0,0,0,0,0,1,'2020-12-18 13:23:15'),(459,'8775cd8327a0535694395dd35fcc4009',0,1,0,0,0,1,'2020-12-18 13:23:52'),(460,'8775cd8327a0535694395dd35fcc4009',0,0,0,0,0,1,'2020-12-18 13:24:10'),(461,'8775cd8327a0535694395dd35fcc4009',0,0,0,0,0,0,'2020-12-18 13:24:23'),(462,'8775cd8327a0535694395dd35fcc4009',1,0,0,0,1,0,'2020-12-18 13:24:41'),(463,'8775cd8327a0535694395dd35fcc4009',0,0,0,0,0,0,'2020-12-18 13:24:53'),(464,'8775cd8327a0535694395dd35fcc4009',0,0,0,0,0,1,'2020-12-18 13:25:13'),(465,'8775cd8327a0535694395dd35fcc4009',0,0,0,0,0,0,'2020-12-18 13:25:26'),(466,'8775cd8327a0535694395dd35fcc4009',0,0,0,0,0,1,'2020-12-18 13:25:46'),(467,'8775cd8327a0535694395dd35fcc4009',0,0,0,0,0,0,'2020-12-18 13:25:59'),(468,'8775cd8327a0535694395dd35fcc4009',1,0,0,0,1,0,'2020-12-18 13:26:17'),(469,'8775cd8327a0535694395dd35fcc4009',0,0,0,0,0,0,'2020-12-18 13:26:29'),(470,'8775cd8327a0535694395dd35fcc4009',0,0,0,0,0,1,'2020-12-18 13:26:49'),(471,'8775cd8327a0535694395dd35fcc4009',0,0,0,0,0,0,'2020-12-18 13:27:01'),(472,'8775cd8327a0535694395dd35fcc4009',0,0,0,0,0,1,'2020-12-18 13:27:21'),(473,'8775cd8327a0535694395dd35fcc4009',0,0,0,0,0,0,'2020-12-18 13:27:33'),(474,'8775cd8327a0535694395dd35fcc4009',0,0,0,0,0,1,'2020-12-18 13:27:52'),(475,'8775cd8327a0535694395dd35fcc4009',0,0,0,0,0,0,'2020-12-18 13:28:04'),(476,'8775cd8327a0535694395dd35fcc4009',0,0,0,0,0,1,'2020-12-18 13:28:22'),(477,'8775cd8327a0535694395dd35fcc4009',1,0,0,0,1,1,'2020-12-18 13:28:45'),(478,'8775cd8327a0535694395dd35fcc4009',0,0,0,0,0,1,'2020-12-18 13:29:03'),(479,'8775cd8327a0535694395dd35fcc4009',0,0,0,0,0,0,'2020-12-18 13:29:16'),(480,'8775cd8327a0535694395dd35fcc4009',0,0,0,0,0,1,'2020-12-18 13:29:35'),(481,'8775cd8327a0535694395dd35fcc4009',1,0,0,0,1,0,'2020-12-18 13:29:53'),(482,'8775cd8327a0535694395dd35fcc4009',0,0,0,0,0,0,'2020-12-18 13:30:05'),(483,'8775cd8327a0535694395dd35fcc4009',0,0,0,0,0,1,'2020-12-18 13:30:24'),(484,'8775cd8327a0535694395dd35fcc4009',0,0,0,0,0,0,'2020-12-18 13:30:36'),(485,'8775cd8327a0535694395dd35fcc4009',0,0,0,0,0,1,'2020-12-18 13:30:54'),(486,'8775cd8327a0535694395dd35fcc4009',0,0,0,0,0,0,'2020-12-18 13:31:06'),(487,'8775cd8327a0535694395dd35fcc4009',0,0,0,0,0,1,'2020-12-18 13:31:31'),(488,'8775cd8327a0535694395dd35fcc4009',0,0,0,0,0,0,'2020-12-18 13:31:44'),(489,'8775cd8327a0535694395dd35fcc4009',1,0,0,0,1,1,'2020-12-18 13:32:07'),(490,'8775cd8327a0535694395dd35fcc4009',0,0,0,0,0,1,'2020-12-18 13:32:26'),(491,'8775cd8327a0535694395dd35fcc4009',0,0,0,0,0,0,'2020-12-18 13:32:39'),(492,'8775cd8327a0535694395dd35fcc4009',0,0,0,0,0,1,'2020-12-18 13:32:57'),(493,'8775cd8327a0535694395dd35fcc4009',0,0,0,0,0,0,'2020-12-18 13:33:10'),(494,'8775cd8327a0535694395dd35fcc4009',1,0,0,0,1,1,'2020-12-18 13:33:35'),(495,'8775cd8327a0535694395dd35fcc4009',1,0,0,0,1,0,'2020-12-18 13:33:52'),(496,'8775cd8327a0535694395dd35fcc4009',0,0,0,0,0,0,'2020-12-18 13:34:04'),(497,'8775cd8327a0535694395dd35fcc4009',0,0,0,0,0,1,'2020-12-18 13:34:23'),(498,'8775cd8327a0535694395dd35fcc4009',0,0,0,0,0,0,'2020-12-18 13:34:38'),(499,'8775cd8327a0535694395dd35fcc4009',0,0,0,0,0,1,'2020-12-18 13:34:57'),(500,'8775cd8327a0535694395dd35fcc4009',1,0,0,0,1,0,'2020-12-18 13:35:15'),(501,'8775cd8327a0535694395dd35fcc4009',0,0,0,0,0,1,'2020-12-18 13:35:32'),(502,'8775cd8327a0535694395dd35fcc4009',0,0,0,0,0,0,'2020-12-18 13:35:48'),(503,'8775cd8327a0535694395dd35fcc4009',0,0,0,0,0,1,'2020-12-18 13:36:06'),(504,'8775cd8327a0535694395dd35fcc4009',0,0,0,0,0,0,'2020-12-18 13:36:18'),(505,'8775cd8327a0535694395dd35fcc4009',1,0,0,0,1,1,'2020-12-18 13:36:41'),(506,'8775cd8327a0535694395dd35fcc4009',0,0,0,0,0,1,'2020-12-18 13:36:59'),(507,'8775cd8327a0535694395dd35fcc4009',0,0,1,0,1,1,'2020-12-18 13:37:23'),(508,'8775cd8327a0535694395dd35fcc4009',0,0,0,0,0,1,'2020-12-18 13:37:41'),(509,'8775cd8327a0535694395dd35fcc4009',0,0,0,0,0,0,'2020-12-18 13:38:03'),(510,'8775cd8327a0535694395dd35fcc4009',0,0,0,0,0,1,'2020-12-18 13:38:22'),(511,'8775cd8327a0535694395dd35fcc4009',0,0,0,0,0,0,'2020-12-18 13:38:34'),(512,'8775cd8327a0535694395dd35fcc4009',0,0,0,0,0,1,'2020-12-18 13:38:53'),(513,'8775cd8327a0535694395dd35fcc4009',0,0,0,0,0,0,'2020-12-18 13:39:05'),(514,'8775cd8327a0535694395dd35fcc4009',0,0,0,0,0,1,'2020-12-18 13:39:23'),(515,'8775cd8327a0535694395dd35fcc4009',0,0,0,0,0,0,'2020-12-18 13:39:37'),(516,'8775cd8327a0535694395dd35fcc4009',0,0,0,0,0,1,'2020-12-18 13:39:54'),(517,'8775cd8327a0535694395dd35fcc4009',0,0,0,0,0,0,'2020-12-18 13:40:08'),(518,'8775cd8327a0535694395dd35fcc4009',0,0,0,0,0,1,'2020-12-18 13:42:06'),(519,'8775cd8327a0535694395dd35fcc4009',0,0,0,0,0,1,'2020-12-18 13:42:26'),(520,'8775cd8327a0535694395dd35fcc4009',0,0,0,0,0,0,'2020-12-18 13:42:39'),(521,'8775cd8327a0535694395dd35fcc4009',0,0,0,0,0,1,'2020-12-18 13:43:04'),(522,'8775cd8327a0535694395dd35fcc4009',0,0,0,0,0,0,'2020-12-18 13:43:17'),(523,'8775cd8327a0535694395dd35fcc4009',1,0,0,0,1,0,'2020-12-18 13:43:36'),(524,'8775cd8327a0535694395dd35fcc4009',0,0,0,0,0,0,'2020-12-18 13:43:49'),(525,'8775cd8327a0535694395dd35fcc4009',1,0,0,0,1,0,'2020-12-18 19:26:58'),(526,'8775cd8327a0535694395dd35fcc4009',0,0,0,0,0,0,'2020-12-18 19:27:12'),(527,'8775cd8327a0535694395dd35fcc4009',1,0,0,0,1,0,'2020-12-18 19:31:30'),(528,'8775cd8327a0535694395dd35fcc4009',0,0,0,0,0,0,'2020-12-18 19:31:44'),(529,'8775cd8327a0535694395dd35fcc4009',0,1,0,0,0,0,'2020-12-18 19:32:03'),(530,'8775cd8327a0535694395dd35fcc4009',0,0,0,0,0,0,'2020-12-18 19:32:15'),(531,'8775cd8327a0535694395dd35fcc4009',0,0,0,0,0,1,'2020-12-18 19:32:33'),(532,'8775cd8327a0535694395dd35fcc4009',0,0,0,0,0,0,'2020-12-18 19:32:45'),(533,'8775cd8327a0535694395dd35fcc4009',0,1,0,0,0,0,'2020-12-18 19:35:58'),(534,'8775cd8327a0535694395dd35fcc4009',0,0,0,0,0,0,'2020-12-18 19:36:11'),(535,'8775cd8327a0535694395dd35fcc4009',0,1,0,0,0,0,'2020-12-18 19:38:00'),(536,'8775cd8327a0535694395dd35fcc4009',0,0,0,0,0,0,'2020-12-18 19:38:13'),(537,'8775cd8327a0535694395dd35fcc4009',1,0,0,0,1,0,'2020-12-19 15:20:59'),(538,'8775cd8327a0535694395dd35fcc4009',0,0,0,0,0,0,'2020-12-19 15:21:12'),(539,'8775cd8327a0535694395dd35fcc4009',0,0,1,0,1,0,'2020-12-19 15:22:56'),(540,'8775cd8327a0535694395dd35fcc4009',0,0,0,0,0,0,'2020-12-19 15:23:08'),(541,'8775cd8327a0535694395dd35fcc4009',0,0,0,0,0,1,'2020-12-19 15:23:39'),(542,'8775cd8327a0535694395dd35fcc4009',0,0,0,0,0,1,'2020-12-19 15:57:24'),(543,'8775cd8327a0535694395dd35fcc4009',0,0,0,0,0,0,'2020-12-19 15:57:37'),(544,'8775cd8327a0535694395dd35fcc4009',0,0,0,0,0,1,'2020-12-19 15:59:55'),(545,'8775cd8327a0535694395dd35fcc4009',0,0,0,0,0,0,'2020-12-19 16:00:08'),(546,'8775cd8327a0535694395dd35fcc4009',1,0,0,0,1,0,'2020-12-19 16:11:10'),(547,'8775cd8327a0535694395dd35fcc4009',0,0,0,0,0,0,'2020-12-19 16:11:21'),(548,'8775cd8327a0535694395dd35fcc4009',1,0,0,0,1,0,'2020-12-19 16:15:37'),(549,'8775cd8327a0535694395dd35fcc4009',1,0,0,0,1,0,'2020-12-19 16:16:24'),(550,'8775cd8327a0535694395dd35fcc4009',0,0,0,0,0,0,'2020-12-19 16:16:36'),(551,'8775cd8327a0535694395dd35fcc4009',1,0,0,0,1,0,'2020-12-19 16:17:33'),(552,'8775cd8327a0535694395dd35fcc4009',0,0,0,0,0,0,'2020-12-19 16:17:46'),(553,'8775cd8327a0535694395dd35fcc4009',1,0,0,0,1,0,'2020-12-19 16:24:50'),(554,'8775cd8327a0535694395dd35fcc4009',1,0,0,0,1,0,'2020-12-19 16:25:30'),(555,'8775cd8327a0535694395dd35fcc4009',1,0,0,0,1,0,'2020-12-19 16:26:24'),(556,'8775cd8327a0535694395dd35fcc4009',0,0,0,0,0,0,'2020-12-19 16:26:41'),(557,'8775cd8327a0535694395dd35fcc4009',1,0,0,0,1,0,'2020-12-19 16:28:02'),(558,'8775cd8327a0535694395dd35fcc4009',0,0,0,0,0,0,'2020-12-19 16:28:17'),(559,'8775cd8327a0535694395dd35fcc4009',1,0,0,0,1,0,'2020-12-19 16:28:39'),(560,'8775cd8327a0535694395dd35fcc4009',0,0,0,0,0,0,'2020-12-19 16:28:51'),(561,'8775cd8327a0535694395dd35fcc4009',1,0,0,0,1,0,'2020-12-19 16:30:31'),(562,'8775cd8327a0535694395dd35fcc4009',0,0,0,0,0,0,'2020-12-19 16:30:53'),(563,'8775cd8327a0535694395dd35fcc4009',1,0,0,0,1,0,'2020-12-19 16:31:37'),(564,'8775cd8327a0535694395dd35fcc4009',0,0,0,0,0,0,'2020-12-19 16:31:49'),(565,'8775cd8327a0535694395dd35fcc4009',1,0,0,0,1,0,'2020-12-19 16:32:20'),(566,'8775cd8327a0535694395dd35fcc4009',0,0,0,0,0,0,'2020-12-19 16:32:33'),(567,'8775cd8327a0535694395dd35fcc4009',1,0,0,0,1,0,'2020-12-19 16:32:53'),(568,'8775cd8327a0535694395dd35fcc4009',0,0,0,0,0,0,'2020-12-19 16:33:05'),(569,'8775cd8327a0535694395dd35fcc4009',1,0,0,0,1,0,'2020-12-19 16:33:24'),(570,'8775cd8327a0535694395dd35fcc4009',0,0,0,0,0,0,'2020-12-19 16:33:36'),(571,'8775cd8327a0535694395dd35fcc4009',1,0,0,0,1,0,'2020-12-19 16:34:43'),(572,'8775cd8327a0535694395dd35fcc4009',0,0,0,0,0,0,'2020-12-19 16:34:58'),(573,'8775cd8327a0535694395dd35fcc4009',1,0,0,0,1,0,'2020-12-19 16:35:31'),(574,'8775cd8327a0535694395dd35fcc4009',0,0,0,0,0,0,'2020-12-19 16:35:47'),(575,'8775cd8327a0535694395dd35fcc4009',1,0,0,0,1,0,'2020-12-19 16:36:04'),(576,'8775cd8327a0535694395dd35fcc4009',0,0,0,0,0,0,'2020-12-19 16:36:17'),(577,'8775cd8327a0535694395dd35fcc4009',0,1,0,0,0,0,'2020-12-19 16:37:19'),(578,'8775cd8327a0535694395dd35fcc4009',0,1,0,0,0,0,'2020-12-19 16:38:18'),(579,'8775cd8327a0535694395dd35fcc4009',0,1,0,0,0,0,'2020-12-19 16:39:45'),(580,'8775cd8327a0535694395dd35fcc4009',0,1,0,0,0,0,'2020-12-19 16:40:00'),(581,'8775cd8327a0535694395dd35fcc4009',0,1,0,0,0,0,'2020-12-19 16:41:12'),(582,'8775cd8327a0535694395dd35fcc4009',1,0,0,0,1,0,'2020-12-19 16:42:00'),(583,'8775cd8327a0535694395dd35fcc4009',0,0,0,0,0,0,'2020-12-19 16:42:11'),(584,'8775cd8327a0535694395dd35fcc4009',0,1,0,0,0,0,'2020-12-19 16:42:44'),(585,'8775cd8327a0535694395dd35fcc4009',1,0,0,0,1,0,'2020-12-19 16:50:46'),(586,'8775cd8327a0535694395dd35fcc4009',0,0,0,0,0,0,'2020-12-19 16:50:58'),(587,'8775cd8327a0535694395dd35fcc4009',1,0,0,0,1,0,'2020-12-19 16:52:53'),(588,'8775cd8327a0535694395dd35fcc4009',0,0,0,0,0,0,'2020-12-19 16:53:03'),(589,'8775cd8327a0535694395dd35fcc4009',1,0,0,0,1,0,'2020-12-19 16:54:45'),(590,'8775cd8327a0535694395dd35fcc4009',0,0,0,0,0,0,'2020-12-19 16:54:58'),(591,'8775cd8327a0535694395dd35fcc4009',1,0,0,0,1,0,'2020-12-19 16:55:17'),(592,'8775cd8327a0535694395dd35fcc4009',0,0,0,0,0,0,'2020-12-19 16:55:31'),(593,'8775cd8327a0535694395dd35fcc4009',0,1,0,0,0,0,'2020-12-19 16:57:33'),(594,'8775cd8327a0535694395dd35fcc4009',0,1,0,0,0,0,'2020-12-19 16:57:57'),(595,'8775cd8327a0535694395dd35fcc4009',1,0,0,0,1,0,'2020-12-19 16:58:14'),(596,'8775cd8327a0535694395dd35fcc4009',0,0,0,0,0,0,'2020-12-19 16:58:25'),(597,'8775cd8327a0535694395dd35fcc4009',1,0,0,0,1,0,'2020-12-19 16:58:40'),(598,'8775cd8327a0535694395dd35fcc4009',0,0,0,0,0,0,'2020-12-19 16:58:50'),(599,'8775cd8327a0535694395dd35fcc4009',0,1,0,0,0,0,'2020-12-19 16:59:14'),(600,'8775cd8327a0535694395dd35fcc4009',0,0,0,0,0,0,'2020-12-19 16:59:34'),(601,'8775cd8327a0535694395dd35fcc4009',1,0,0,0,1,0,'2020-12-19 17:01:03'),(602,'8775cd8327a0535694395dd35fcc4009',0,0,0,0,0,0,'2020-12-19 17:01:22'),(603,'8775cd8327a0535694395dd35fcc4009',1,0,0,0,1,0,'2020-12-19 17:02:28'),(604,'8775cd8327a0535694395dd35fcc4009',0,0,0,0,0,0,'2020-12-19 17:03:18'),(605,'8775cd8327a0535694395dd35fcc4009',1,0,0,0,1,0,'2020-12-19 17:05:49'),(606,'8775cd8327a0535694395dd35fcc4009',0,0,0,0,0,0,'2020-12-19 17:06:01'),(607,'8775cd8327a0535694395dd35fcc4009',1,0,0,0,1,0,'2020-12-19 17:09:33'),(608,'8775cd8327a0535694395dd35fcc4009',0,0,0,0,0,0,'2020-12-19 17:09:44'),(609,'8775cd8327a0535694395dd35fcc4009',1,0,0,0,1,0,'2020-12-20 01:20:10'),(610,'8775cd8327a0535694395dd35fcc4009',0,0,0,0,0,0,'2020-12-20 01:20:20'),(611,'8775cd8327a0535694395dd35fcc4009',0,1,0,0,0,0,'2020-12-20 01:21:05'),(612,'8775cd8327a0535694395dd35fcc4009',0,0,0,0,0,0,'2020-12-20 01:21:15'),(613,'8775cd8327a0535694395dd35fcc4009',0,0,0,0,0,1,'2020-12-20 01:22:34'),(614,'8775cd8327a0535694395dd35fcc4009',0,0,0,0,0,0,'2020-12-20 01:22:56'),(615,'8775cd8327a0535694395dd35fcc4009',0,0,1,0,1,0,'2020-12-20 01:25:15'),(616,'8775cd8327a0535694395dd35fcc4009',0,0,0,0,0,0,'2020-12-20 01:25:27'),(617,'8775cd8327a0535694395dd35fcc4009',0,1,0,0,0,0,'2020-12-20 01:32:20'),(618,'8775cd8327a0535694395dd35fcc4009',0,0,0,0,0,0,'2020-12-20 01:32:39'),(619,'8775cd8327a0535694395dd35fcc4009',0,0,1,0,1,0,'2020-12-20 01:32:53'),(620,'8775cd8327a0535694395dd35fcc4009',0,0,0,0,0,0,'2020-12-20 01:33:04'),(621,'8775cd8327a0535694395dd35fcc4009',0,0,0,0,0,1,'2020-12-20 01:33:29'),(622,'8775cd8327a0535694395dd35fcc4009',0,0,0,0,0,0,'2020-12-20 01:33:50'),(623,'8775cd8327a0535694395dd35fcc4009',1,0,0,0,1,0,'2020-12-20 01:34:43'),(624,'8775cd8327a0535694395dd35fcc4009',0,0,0,0,0,0,'2020-12-20 01:34:54'),(625,'8775cd8327a0535694395dd35fcc4009',1,0,0,0,1,0,'2020-12-20 01:36:19'),(626,'8775cd8327a0535694395dd35fcc4009',0,0,0,0,0,0,'2020-12-20 01:36:30'),(627,'8775cd8327a0535694395dd35fcc4009',0,1,0,0,0,0,'2020-12-20 01:37:05'),(628,'8775cd8327a0535694395dd35fcc4009',0,0,0,0,0,0,'2020-12-20 01:37:18'),(629,'8775cd8327a0535694395dd35fcc4009',0,0,0,0,0,1,'2020-12-20 01:38:11'),(630,'8775cd8327a0535694395dd35fcc4009',0,0,0,0,0,0,'2020-12-20 01:38:22'),(631,'8775cd8327a0535694395dd35fcc4009',0,1,0,0,0,0,'2020-12-20 01:38:36'),(632,'8775cd8327a0535694395dd35fcc4009',0,0,0,0,0,0,'2020-12-20 01:38:46'),(633,'8775cd8327a0535694395dd35fcc4009',1,0,0,0,1,0,'2020-12-20 01:41:21'),(634,'8775cd8327a0535694395dd35fcc4009',0,0,0,0,0,0,'2020-12-20 01:41:32'),(635,'8775cd8327a0535694395dd35fcc4009',0,1,0,0,0,0,'2020-12-20 01:43:15'),(636,'8775cd8327a0535694395dd35fcc4009',0,0,0,0,0,0,'2020-12-20 01:43:25'),(637,'8775cd8327a0535694395dd35fcc4009',0,1,0,0,0,0,'2020-12-20 01:48:02'),(638,'8775cd8327a0535694395dd35fcc4009',0,0,0,0,0,0,'2020-12-20 01:48:13'),(639,'8775cd8327a0535694395dd35fcc4009',0,1,0,0,0,0,'2020-12-20 01:51:44'),(640,'8775cd8327a0535694395dd35fcc4009',0,0,0,0,0,0,'2020-12-20 01:51:54'),(641,'8775cd8327a0535694395dd35fcc4009',0,1,0,0,0,0,'2020-12-20 01:54:49'),(642,'8775cd8327a0535694395dd35fcc4009',0,0,0,0,0,0,'2020-12-20 01:54:59'),(643,'8775cd8327a0535694395dd35fcc4009',0,1,0,0,0,0,'2020-12-20 01:55:56'),(644,'8775cd8327a0535694395dd35fcc4009',0,0,0,0,0,0,'2020-12-20 01:56:06'),(645,'8775cd8327a0535694395dd35fcc4009',0,0,1,0,1,0,'2020-12-20 01:56:32'),(646,'8775cd8327a0535694395dd35fcc4009',0,0,0,0,0,0,'2020-12-20 01:56:42'),(647,'8775cd8327a0535694395dd35fcc4009',0,0,1,0,1,0,'2020-12-20 02:01:59'),(648,'8775cd8327a0535694395dd35fcc4009',0,0,0,0,0,0,'2020-12-20 02:02:09'),(649,'8775cd8327a0535694395dd35fcc4009',1,0,0,0,1,0,'2020-12-20 02:02:29'),(650,'8775cd8327a0535694395dd35fcc4009',0,0,0,0,0,0,'2020-12-20 02:02:40'),(651,'8775cd8327a0535694395dd35fcc4009',1,0,0,0,1,0,'2020-12-20 02:07:11'),(652,'8775cd8327a0535694395dd35fcc4009',0,0,0,0,0,0,'2020-12-20 02:07:28'),(653,'8775cd8327a0535694395dd35fcc4009',0,1,0,0,0,0,'2020-12-20 02:07:45'),(654,'8775cd8327a0535694395dd35fcc4009',0,0,0,0,0,0,'2020-12-20 02:08:01'),(655,'8775cd8327a0535694395dd35fcc4009',0,0,1,0,1,0,'2020-12-20 02:08:15'),(656,'8775cd8327a0535694395dd35fcc4009',0,0,0,0,0,0,'2020-12-20 02:08:25'),(657,'8775cd8327a0535694395dd35fcc4009',0,1,0,0,0,0,'2020-12-20 02:09:00'),(658,'8775cd8327a0535694395dd35fcc4009',0,0,0,0,0,0,'2020-12-20 02:09:13'),(659,'8775cd8327a0535694395dd35fcc4009',0,0,0,0,0,1,'2020-12-20 02:09:28'),(660,'8775cd8327a0535694395dd35fcc4009',0,0,1,0,1,0,'2020-12-20 02:09:41'),(661,'8775cd8327a0535694395dd35fcc4009',0,1,0,0,0,0,'2020-12-20 02:09:55'),(662,'8775cd8327a0535694395dd35fcc4009',1,0,0,0,1,0,'2020-12-20 02:10:09'),(663,'8775cd8327a0535694395dd35fcc4009',0,0,0,0,0,0,'2020-12-20 02:10:22'),(664,'8775cd8327a0535694395dd35fcc4009',0,0,0,0,0,1,'2020-12-20 21:16:54'),(665,'8775cd8327a0535694395dd35fcc4009',0,0,0,0,0,0,'2020-12-20 21:17:05'),(666,'8775cd8327a0535694395dd35fcc4009',0,0,0,0,0,0,'2020-12-20 21:17:28'),(667,'8775cd8327a0535694395dd35fcc4009',0,0,0,0,0,0,'2020-12-20 21:17:38'),(668,'8775cd8327a0535694395dd35fcc4009',0,0,0,0,0,0,'2020-12-20 21:17:48'),(669,'8775cd8327a0535694395dd35fcc4009',0,0,0,0,0,0,'2020-12-20 21:17:59'),(670,'8775cd8327a0535694395dd35fcc4009',0,0,0,0,0,1,'2020-12-20 21:18:40'),(671,'8775cd8327a0535694395dd35fcc4009',1,1,0,0,1,0,'2020-12-20 21:18:57'),(672,'8775cd8327a0535694395dd35fcc4009',0,0,1,0,1,0,'2020-12-20 21:19:11'),(673,'8775cd8327a0535694395dd35fcc4009',0,0,0,0,0,0,'2020-12-20 21:19:22'),(674,'8775cd8327a0535694395dd35fcc4009',0,0,1,0,1,0,'2020-12-22 15:30:31'),(675,'8775cd8327a0535694395dd35fcc4009',0,0,0,0,0,0,'2020-12-22 15:30:45'),(676,'8775cd8327a0535694395dd35fcc4009',0,0,1,0,1,0,'2020-12-22 15:30:52'),(677,'8775cd8327a0535694395dd35fcc4009',0,0,0,0,0,0,'2020-12-22 15:30:58'),(678,'8775cd8327a0535694395dd35fcc4009',0,0,0,0,0,0,'2020-12-22 15:31:12'),(679,'8775cd8327a0535694395dd35fcc4009',0,0,0,0,0,0,'2020-12-22 15:31:21'),(680,'8775cd8327a0535694395dd35fcc4009',1,0,0,0,1,0,'2020-12-22 15:31:51'),(681,'8775cd8327a0535694395dd35fcc4009',0,0,0,0,0,0,'2020-12-22 15:31:58'),(682,'8775cd8327a0535694395dd35fcc4009',1,0,0,0,1,0,'2020-12-22 15:32:04'),(683,'8775cd8327a0535694395dd35fcc4009',0,0,0,0,0,0,'2020-12-22 15:32:10'),(684,'8775cd8327a0535694395dd35fcc4009',0,1,0,0,0,0,'2020-12-22 15:39:32'),(685,'8775cd8327a0535694395dd35fcc4009',0,1,0,0,0,0,'2020-12-22 16:41:48'),(686,'8775cd8327a0535694395dd35fcc4009',0,1,0,0,0,0,'2020-12-22 16:42:02'),(687,'8775cd8327a0535694395dd35fcc4009',0,1,0,0,0,0,'2020-12-22 16:42:13'),(688,'708f889e0903d276d96588e40ff03fd5',0,1,0,0,0,0,'2020-12-22 16:43:52'),(689,'708f889e0903d276d96588e40ff03fd5',0,1,0,0,0,0,'2020-12-22 16:43:57'),(690,'708f889e0903d276d96588e40ff03fd5',0,1,0,0,0,0,'2020-12-22 16:44:05'),(691,'708f889e0903d276d96588e40ff03fd5',0,1,0,0,0,0,'2020-12-22 16:44:09'),(692,'8775cd8327a0535694395dd35fcc4009',0,1,0,0,1,1,'2020-12-24 00:28:20'),(693,'8775cd8327a0535694395dd35fcc4009',0,1,0,0,1,1,'2020-12-24 00:34:22'),(694,'8775cd8327a0535694395dd35fcc4009',0,1,0,0,1,1,'2020-12-24 00:41:07'),(695,'8775cd8327a0535694395dd35fcc4009',0,1,0,0,1,1,'2020-12-24 00:48:28'),(696,'8775cd8327a0535694395dd35fcc4009',0,1,0,0,1,1,'2020-12-24 00:48:31'),(697,'8775cd8327a0535694395dd35fcc4009',0,1,0,0,1,1,'2020-12-24 00:48:35'),(698,'8775cd8327a0535694395dd35fcc4009',0,1,0,0,1,1,'2020-12-24 00:58:15'),(699,'8775cd8327a0535694395dd35fcc4009',0,1,0,0,1,1,'2020-12-24 00:58:17'),(700,'8775cd8327a0535694395dd35fcc4009',0,1,0,0,1,1,'2020-12-24 00:58:24'),(701,'8775cd8327a0535694395dd35fcc4009',0,1,0,0,1,1,'2020-12-24 00:59:31'),(702,'8775cd8327a0535694395dd35fcc4009',0,1,0,0,1,1,'2020-12-24 01:31:41'),(703,'8775cd8327a0535694395dd35fcc4009',0,1,0,0,1,1,'2020-12-24 01:31:41'),(704,'8775cd8327a0535694395dd35fcc4009',0,1,0,0,1,1,'2020-12-24 01:31:44'),(705,'8775cd8327a0535694395dd35fcc4009',0,1,0,0,1,1,'2020-12-24 01:31:46'),(706,'708f889e0903d276d96588e40ff03fd5',0,0,1,0,1,0,'2020-12-24 09:10:59'),(707,'708f889e0903d276d96588e40ff03fd5',0,0,0,0,0,0,'2020-12-24 09:11:05'),(708,'708f889e0903d276d96588e40ff03fd5',0,0,1,0,1,0,'2020-12-24 09:11:34'),(709,'708f889e0903d276d96588e40ff03fd5',0,0,0,0,0,0,'2020-12-24 09:11:43'),(710,'708f889e0903d276d96588e40ff03fd5',0,0,1,0,1,0,'2020-12-24 09:12:29'),(711,'708f889e0903d276d96588e40ff03fd5',0,0,0,0,0,0,'2020-12-24 09:12:36'),(712,'708f889e0903d276d96588e40ff03fd5',0,0,1,0,1,0,'2020-12-24 09:21:40'),(713,'708f889e0903d276d96588e40ff03fd5',0,0,0,0,0,0,'2020-12-24 09:21:47'),(714,'8775cd8327a0535694395dd35fcc4009',0,1,0,0,1,1,'2020-12-24 09:32:49'),(715,'8775cd8327a0535694395dd35fcc4009',0,1,0,0,1,1,'2020-12-24 09:32:52'),(716,'8775cd8327a0535694395dd35fcc4009',0,1,0,0,1,1,'2020-12-24 09:32:56'),(717,'8775cd8327a0535694395dd35fcc4009',0,1,0,0,1,1,'2020-12-24 09:33:03'),(718,'8775cd8327a0535694395dd35fcc4009',0,1,0,0,1,1,'2020-12-24 09:33:08'),(719,'8775cd8327a0535694395dd35fcc4009',0,1,0,0,1,1,'2020-12-24 09:33:29'),(720,'708f889e0903d276d96588e40ff03fd5',0,0,1,0,1,0,'2020-12-24 09:36:39'),(721,'708f889e0903d276d96588e40ff03fd5',0,0,0,0,0,0,'2020-12-24 09:36:47'),(722,'708f889e0903d276d96588e40ff03fd5',0,0,1,0,1,0,'2020-12-24 09:37:18'),(723,'708f889e0903d276d96588e40ff03fd5',0,0,0,0,0,0,'2020-12-24 09:37:26'),(724,'708f889e0903d276d96588e40ff03fd5',1,0,0,0,1,0,'2020-12-24 09:41:14'),(725,'708f889e0903d276d96588e40ff03fd5',0,0,0,0,0,0,'2020-12-24 09:41:40'),(726,'708f889e0903d276d96588e40ff03fd5',1,0,0,0,1,0,'2020-12-24 09:44:05'),(727,'708f889e0903d276d96588e40ff03fd5',0,0,0,0,0,0,'2020-12-24 09:44:24'),(728,'708f889e0903d276d96588e40ff03fd5',0,0,0,0,0,0,'2020-12-24 09:44:45'),(729,'708f889e0903d276d96588e40ff03fd5',0,0,0,0,0,0,'2020-12-24 09:45:04'),(730,'708f889e0903d276d96588e40ff03fd5',0,0,1,0,1,0,'2020-12-24 09:45:24'),(731,'708f889e0903d276d96588e40ff03fd5',0,0,0,0,0,0,'2020-12-24 09:45:39'),(732,'708f889e0903d276d96588e40ff03fd5',0,1,0,0,0,0,'2020-12-24 09:45:57'),(733,'708f889e0903d276d96588e40ff03fd5',0,0,0,0,0,0,'2020-12-24 09:46:08'),(734,'8775cd8327a0535694395dd35fcc4009',0,1,0,0,1,1,'2020-12-24 09:58:00'),(735,'708f889e0903d276d96588e40ff03fd5',0,0,0,0,0,0,'2020-12-24 11:09:07'),(736,'708f889e0903d276d96588e40ff03fd5',0,0,0,0,0,0,'2020-12-24 11:59:48'),(737,'708f889e0903d276d96588e40ff03fd5',0,0,0,0,0,0,'2020-12-24 12:10:54'),(738,'708f889e0903d276d96588e40ff03fd5',0,0,0,0,0,0,'2020-12-24 12:19:57'),(739,'8775cd8327a0535694395dd35fcc4009',0,1,0,0,1,1,'2021-01-05 09:17:55'),(740,'8775cd8327a0535694395dd35fcc4009',0,1,0,0,1,1,'2021-01-05 09:18:13'),(741,'8775cd8327a0535694395dd35fcc4009',0,1,0,0,1,1,'2021-01-05 09:18:38'),(742,'8775cd8327a0535694395dd35fcc4009',0,1,0,0,1,1,'2021-01-05 09:27:20'),(743,'8775cd8327a0535694395dd35fcc4009',0,1,0,0,1,1,'2021-01-05 09:28:51'),(744,'8775cd8327a0535694395dd35fcc4009',0,1,0,0,1,1,'2021-01-05 09:29:01'),(745,'8775cd8327a0535694395dd35fcc4009',0,1,0,0,1,1,'2021-01-05 09:32:51'),(746,'8775cd8327a0535694395dd35fcc4009',0,1,0,0,1,1,'2021-01-05 09:32:54'),(747,'8775cd8327a0535694395dd35fcc4009',0,1,0,0,1,1,'2021-01-05 09:32:58'),(748,'8775cd8327a0535694395dd35fcc4009',0,1,0,0,1,1,'2021-01-05 09:33:01'),(749,'8775cd8327a0535694395dd35fcc4009',0,1,0,0,1,1,'2021-01-05 09:33:12'),(750,'8775cd8327a0535694395dd35fcc4009',0,1,0,0,1,1,'2021-01-05 09:33:29'),(751,'8775cd8327a0535694395dd35fcc4009',0,1,0,0,1,1,'2021-01-05 09:34:08'),(752,'8775cd8327a0535694395dd35fcc4009',0,1,0,0,1,1,'2021-01-05 09:34:17'),(753,'8775cd8327a0535694395dd35fcc4009',0,1,0,0,1,1,'2021-01-05 09:37:36'),(754,'8775cd8327a0535694395dd35fcc4009',0,1,0,0,1,1,'2021-01-05 09:37:43'),(755,'8775cd8327a0535694395dd35fcc4009',0,1,0,0,1,1,'2021-01-05 09:55:49'),(756,'8775cd8327a0535694395dd35fcc4009',0,1,0,0,1,1,'2021-01-05 09:56:09'),(757,'708f889e0903d276d96588e40ff03fd5',0,0,1,0,1,0,'2021-01-19 18:40:15'),(758,'708f889e0903d276d96588e40ff03fd5',1,0,1,0,1,0,'2021-01-19 18:40:22'),(759,'708f889e0903d276d96588e40ff03fd5',1,0,1,0,0,0,'2021-01-19 18:40:30'),(760,'708f889e0903d276d96588e40ff03fd5',1,0,0,0,0,0,'2021-01-19 18:40:37'),(761,'708f889e0903d276d96588e40ff03fd5',0,0,0,0,0,0,'2021-01-19 18:41:06'),(762,'708f889e0903d276d96588e40ff03fd5',0,0,1,0,0,0,'2021-01-19 18:41:41'),(763,'708f889e0903d276d96588e40ff03fd5',0,0,0,0,0,0,'2021-01-19 18:41:48'),(764,'708f889e0903d276d96588e40ff03fd5',0,0,0,0,0,0,'2021-01-19 18:44:43'),(765,'708f889e0903d276d96588e40ff03fd5',0,0,0,0,0,0,'2021-01-21 14:22:14'),(766,'708f889e0903d276d96588e40ff03fd5',1,0,0,0,0,0,'2021-01-21 14:22:31'),(767,'708f889e0903d276d96588e40ff03fd5',1,0,0,0,0,0,'2021-01-26 08:41:24'),(768,'708f889e0903d276d96588e40ff03fd5',1,0,0,0,0,0,'2021-01-26 08:41:29'),(769,'708f889e0903d276d96588e40ff03fd5',1,0,0,0,0,0,'2021-01-27 15:21:11'),(770,'708f889e0903d276d96588e40ff03fd5',1,0,0,0,1,0,'2021-01-29 17:06:54'),(771,'708f889e0903d276d96588e40ff03fd5',1,0,1,0,1,0,'2021-01-29 17:07:02'),(772,'708f889e0903d276d96588e40ff03fd5',1,0,0,0,0,0,'2021-01-29 17:07:13'),(773,'708f889e0903d276d96588e40ff03fd5',1,1,0,0,0,0,'2021-01-29 17:17:10'),(774,'708f889e0903d276d96588e40ff03fd5',1,0,0,0,0,0,'2021-01-29 17:17:45'),(775,'708f889e0903d276d96588e40ff03fd5',1,0,0,0,0,0,'2021-01-29 17:17:46'),(776,'708f889e0903d276d96588e40ff03fd5',0,0,0,0,0,0,'2021-01-29 17:20:36'),(777,'708f889e0903d276d96588e40ff03fd5',0,0,1,0,0,0,'2021-01-29 17:21:07'),(778,'708f889e0903d276d96588e40ff03fd5',0,0,0,0,0,0,'2021-01-29 17:21:16'),(779,'708f889e0903d276d96588e40ff03fd5',0,0,0,0,0,0,'2021-01-29 17:24:11'),(780,'708f889e0903d276d96588e40ff03fd5',0,0,0,0,0,0,'2021-02-10 11:02:29'),(781,'708f889e0903d276d96588e40ff03fd5',0,0,0,0,0,0,'2021-02-10 11:05:00'),(782,'708f889e0903d276d96588e40ff03fd5',0,0,0,0,0,0,'2021-02-10 14:43:07'),(783,'708f889e0903d276d96588e40ff03fd5',0,0,0,0,0,0,'2021-02-10 14:43:15'),(784,'708f889e0903d276d96588e40ff03fd5',0,0,0,0,0,0,'2021-02-10 14:43:23'),(785,'708f889e0903d276d96588e40ff03fd5',0,0,0,0,0,0,'2021-02-10 14:44:07');
/*!40000 ALTER TABLE `gerador_historico` ENABLE KEYS */;
UNLOCK TABLES;

--
-- Table structure for table `gerador_tempo_vida`
--

DROP TABLE IF EXISTS `gerador_tempo_vida`;
/*!40101 SET @saved_cs_client     = @@character_set_client */;
/*!40101 SET character_set_client = utf8 */;
CREATE TABLE `gerador_tempo_vida` (
  `id` int(10) NOT NULL AUTO_INCREMENT,
  `id_gerador` varchar(100) NOT NULL,
  `datatempo_inicial` datetime DEFAULT current_timestamp() ON UPDATE current_timestamp(),
  `datatempo_final` datetime DEFAULT current_timestamp() ON UPDATE current_timestamp(),
  `tempo_vida` float DEFAULT NULL,
  `tipo` tinyint(1) DEFAULT NULL,
  `descrever` tinyint(1) DEFAULT NULL,
  PRIMARY KEY (`id`),
  KEY `fk_tempovida_gerador` (`id_gerador`),
  CONSTRAINT `tempo_vida_gerador_id` FOREIGN KEY (`id_gerador`) REFERENCES `gerador` (`id`) ON DELETE CASCADE ON UPDATE CASCADE
) ENGINE=InnoDB DEFAULT CHARSET=utf8;
/*!40101 SET character_set_client = @saved_cs_client */;

--
-- Dumping data for table `gerador_tempo_vida`
--

LOCK TABLES `gerador_tempo_vida` WRITE;
/*!40000 ALTER TABLE `gerador_tempo_vida` DISABLE KEYS */;
/*!40000 ALTER TABLE `gerador_tempo_vida` ENABLE KEYS */;
UNLOCK TABLES;

--
-- Table structure for table `grupo`
--

DROP TABLE IF EXISTS `grupo`;
/*!40101 SET @saved_cs_client     = @@character_set_client */;
/*!40101 SET character_set_client = utf8 */;
CREATE TABLE `grupo` (
  `id` int(10) NOT NULL AUTO_INCREMENT,
  `nome` varchar(30) NOT NULL,
  `local` varchar(30) NOT NULL,
  `descricao` text NOT NULL,
  `create_ut` datetime DEFAULT current_timestamp() ON UPDATE current_timestamp(),
  `update_ut` timestamp NULL DEFAULT current_timestamp() ON UPDATE current_timestamp(),
  `delete_ut` datetime DEFAULT current_timestamp() ON UPDATE current_timestamp(),
  `estado` tinyint(1) NOT NULL,
  PRIMARY KEY (`id`)
) ENGINE=InnoDB AUTO_INCREMENT=11 DEFAULT CHARSET=utf8;
/*!40101 SET character_set_client = @saved_cs_client */;

--
-- Dumping data for table `grupo`
--

LOCK TABLES `grupo` WRITE;
/*!40000 ALTER TABLE `grupo` DISABLE KEYS */;
INSERT INTO `grupo` VALUES (3,'Sede','','dgfgshbrrvaesatv','2020-11-01 13:08:59','2020-11-01 14:08:59','2001-11-20 01:08:59',0),(4,'Fazenda','Fazenda','Gerentes da Agncia da Fazenda','2020-11-01 13:12:58','2020-11-01 14:12:58','2020-11-01 13:12:58',1),(5,'Sede1','','sss1','2020-11-01 13:08:56','2020-11-01 14:08:56','2001-11-20 01:08:56',0),(6,'tuca','tuca','Tuca','2020-10-03 00:17:02','2020-10-03 01:17:02','2003-10-20 12:17:02',0),(7,'DARH - Tcnico','Praia - Sede','Gesto de todos os geradores - reportar agncias situados na Cidade da Praia','2020-12-07 23:59:04','2020-12-08 00:59:04','2020-12-07 23:59:04',1),(8,'ASA II','Praia - ASA UCLA','Gerentes da Agncia ASAII','2020-12-07 23:56:40','2020-12-08 00:56:40','2020-12-07 23:56:40',1),(9,'ASA I','Praia - ASA trs Assembleia','Gerentes da Agncia ASAI','2020-12-07 23:56:20','2020-12-08 00:56:20','2020-12-07 23:56:20',1),(10,'GIAI','Praia - Sede','Gabinete responsavel por todos os geradores da Caixa','2001-11-20 01:16:26','2020-11-01 14:16:26','2020-11-01 13:16:26',1);
/*!40000 ALTER TABLE `grupo` ENABLE KEYS */;
UNLOCK TABLES;

--
-- Table structure for table `grupo_acesso`
--

DROP TABLE IF EXISTS `grupo_acesso`;
/*!40101 SET @saved_cs_client     = @@character_set_client */;
/*!40101 SET character_set_client = utf8 */;
CREATE TABLE `grupo_acesso` (
  `id` int(10) NOT NULL AUTO_INCREMENT,
  `id_utilizador` int(10) NOT NULL,
  `id_grupo` int(10) NOT NULL,
  PRIMARY KEY (`id`),
  KEY `fk_grupo_utilizador` (`id_grupo`),
  KEY `fk_utilizador_grupo` (`id_utilizador`),
  CONSTRAINT `fk_grupo_utilizador` FOREIGN KEY (`id_grupo`) REFERENCES `grupo` (`id`),
  CONSTRAINT `fk_utilizador_grupo` FOREIGN KEY (`id_utilizador`) REFERENCES `utilizador` (`id`)
) ENGINE=InnoDB AUTO_INCREMENT=21 DEFAULT CHARSET=utf8;
/*!40101 SET character_set_client = @saved_cs_client */;

--
-- Dumping data for table `grupo_acesso`
--

LOCK TABLES `grupo_acesso` WRITE;
/*!40000 ALTER TABLE `grupo_acesso` DISABLE KEYS */;
INSERT INTO `grupo_acesso` VALUES (3,1,7),(4,26,7),(9,1,4),(10,26,4),(12,26,8),(15,26,9),(19,1,9),(20,33,8);
/*!40000 ALTER TABLE `grupo_acesso` ENABLE KEYS */;
UNLOCK TABLES;

--
-- Table structure for table `justificativa`
--

DROP TABLE IF EXISTS `justificativa`;
/*!40101 SET @saved_cs_client     = @@character_set_client */;
/*!40101 SET character_set_client = utf8 */;
CREATE TABLE `justificativa` (
  `id` int(10) NOT NULL AUTO_INCREMENT,
  `id_temp_vida` int(10) NOT NULL,
  `estado` text NOT NULL,
  `evento` text NOT NULL,
  `causa` text NOT NULL,
  `solucao` text NOT NULL,
  `data_update` timestamp NOT NULL DEFAULT current_timestamp() ON UPDATE current_timestamp(),
  `id_utilizador` int(10) NOT NULL,
  PRIMARY KEY (`id`),
  KEY `fk_justificativa_tempovida` (`id_temp_vida`),
  KEY `fk_justitificativa_utilizador` (`id_utilizador`),
  CONSTRAINT `fk_justificativa_tempovida` FOREIGN KEY (`id_temp_vida`) REFERENCES `gerador_tempo_vida` (`id`),
  CONSTRAINT `fk_justitificativa_utilizador` FOREIGN KEY (`id_utilizador`) REFERENCES `utilizador` (`id`)
) ENGINE=InnoDB DEFAULT CHARSET=utf8;
/*!40101 SET character_set_client = @saved_cs_client */;

--
-- Dumping data for table `justificativa`
--

LOCK TABLES `justificativa` WRITE;
/*!40000 ALTER TABLE `justificativa` DISABLE KEYS */;
/*!40000 ALTER TABLE `justificativa` ENABLE KEYS */;
UNLOCK TABLES;

--
-- Table structure for table `mqtt_server`
--

DROP TABLE IF EXISTS `mqtt_server`;
/*!40101 SET @saved_cs_client     = @@character_set_client */;
/*!40101 SET character_set_client = utf8 */;
CREATE TABLE `mqtt_server` (
  `id` int(11) NOT NULL AUTO_INCREMENT,
  `server_mqtt` varchar(30) NOT NULL,
  `port_ws` int(11) NOT NULL,
  `port_mqtt` int(11) NOT NULL,
  `id_cliente` text NOT NULL,
  `username` varchar(100) NOT NULL,
  `password` varchar(100) NOT NULL,
  `ativo_ws` tinyint(1) NOT NULL,
  `ativo_mqtt` tinyint(1) NOT NULL,
  PRIMARY KEY (`id`)
) ENGINE=InnoDB AUTO_INCREMENT=28 DEFAULT CHARSET=utf8;
/*!40101 SET character_set_client = @saved_cs_client */;

--
-- Dumping data for table `mqtt_server`
--

LOCK TABLES `mqtt_server` WRITE;
/*!40000 ALTER TABLE `mqtt_server` DISABLE KEYS */;
INSERT INTO `mqtt_server` VALUES (27,'172.17.61.14',8001,1883,'teste11','mqtt','t3sT301',1,127);
/*!40000 ALTER TABLE `mqtt_server` ENABLE KEYS */;
UNLOCK TABLES;

--
-- Table structure for table `perfil_permissao`
--

DROP TABLE IF EXISTS `perfil_permissao`;
/*!40101 SET @saved_cs_client     = @@character_set_client */;
/*!40101 SET character_set_client = utf8 */;
CREATE TABLE `perfil_permissao` (
  `id` int(10) NOT NULL AUTO_INCREMENT,
  `id_perf_util` int(10) NOT NULL,
  `id_per` int(10) NOT NULL,
  `create_ut` datetime DEFAULT current_timestamp() ON UPDATE current_timestamp(),
  `update_ut` timestamp NULL DEFAULT current_timestamp() ON UPDATE current_timestamp(),
  `delete_ut` datetime DEFAULT current_timestamp() ON UPDATE current_timestamp(),
  PRIMARY KEY (`id`),
  KEY `fk_perfilutilizador_permissoes` (`id_perf_util`),
  KEY `fk_permissoes_perfilutilizador` (`id_per`),
  CONSTRAINT `fk_perfilutilizador_permissoes` FOREIGN KEY (`id_perf_util`) REFERENCES `perfilutilizador` (`id`),
  CONSTRAINT `fk_permissoes_perfilutilizador` FOREIGN KEY (`id_per`) REFERENCES `permissoes` (`id`)
) ENGINE=InnoDB AUTO_INCREMENT=518 DEFAULT CHARSET=utf8;
/*!40101 SET character_set_client = @saved_cs_client */;

--
-- Dumping data for table `perfil_permissao`
--

LOCK TABLES `perfil_permissao` WRITE;
/*!40000 ALTER TABLE `perfil_permissao` DISABLE KEYS */;
INSERT INTO `perfil_permissao` VALUES (48,23,4,'2020-10-01 09:57:29','2020-10-01 10:57:29','2020-10-01 09:57:29'),(49,23,6,'2020-10-01 09:57:29','2020-10-01 10:57:29','2020-10-01 09:57:29'),(51,14,7,'2020-10-31 20:31:35','2020-10-31 21:31:35','2020-10-31 20:31:35'),(52,14,8,'2020-10-31 20:31:35','2020-10-31 21:31:35','2020-10-31 20:31:35'),(130,37,19,'2020-11-01 12:56:28','2020-11-01 13:56:28','2020-11-01 12:56:28'),(131,37,20,'2020-11-01 12:56:28','2020-11-01 13:56:28','2020-11-01 12:56:28'),(132,37,21,'2020-11-01 12:56:28','2020-11-01 13:56:28','2020-11-01 12:56:28'),(133,37,22,'2020-11-01 12:56:28','2020-11-01 13:56:28','2020-11-01 12:56:28'),(134,37,11,'2020-11-01 12:56:28','2020-11-01 13:56:28','2020-11-01 12:56:28'),(135,37,14,'2020-11-01 12:56:28','2020-11-01 13:56:28','2020-11-01 12:56:28'),(136,37,15,'2020-11-01 12:56:28','2020-11-01 13:56:28','2020-11-01 12:56:28'),(137,37,12,'2020-11-01 12:56:28','2020-11-01 13:56:28','2020-11-01 12:56:28'),(138,37,13,'2020-11-01 12:56:28','2020-11-01 13:56:28','2020-11-01 12:56:28'),(139,37,16,'2020-11-01 12:56:28','2020-11-01 13:56:28','2020-11-01 12:56:28'),(140,37,17,'2020-11-01 12:56:28','2020-11-01 13:56:28','2020-11-01 12:56:28'),(141,37,4,'2020-11-01 12:56:28','2020-11-01 13:56:28','2020-11-01 12:56:28'),(142,37,5,'2020-11-01 12:56:28','2020-11-01 13:56:28','2020-11-01 12:56:28'),(143,37,7,'2020-11-01 12:56:28','2020-11-01 13:56:28','2020-11-01 12:56:28'),(144,37,8,'2020-11-01 12:56:28','2020-11-01 13:56:28','2020-11-01 12:56:28'),(145,37,9,'2020-11-01 12:56:28','2020-11-01 13:56:28','2020-11-01 12:56:28'),(146,37,6,'2020-11-01 12:56:28','2020-11-01 13:56:28','2020-11-01 12:56:28'),(147,37,10,'2020-11-01 12:56:28','2020-11-01 13:56:28','2020-11-01 12:56:28'),(148,37,23,'2020-11-01 12:56:28','2020-11-01 13:56:28','2020-11-01 12:56:28'),(149,37,24,'2020-11-01 12:56:28','2020-11-01 13:56:28','2020-11-01 12:56:28'),(150,37,25,'2020-11-01 12:56:28','2020-11-01 13:56:28','2020-11-01 12:56:28'),(429,12,18,'2020-12-20 22:29:25','2020-12-20 23:29:25','2020-12-20 22:29:25'),(430,12,19,'2020-12-20 22:29:25','2020-12-20 23:29:25','2020-12-20 22:29:25'),(431,12,26,'2020-12-20 22:29:25','2020-12-20 23:29:25','2020-12-20 22:29:25'),(432,12,11,'2020-12-20 22:29:25','2020-12-20 23:29:25','2020-12-20 22:29:25'),(433,12,4,'2020-12-20 22:29:25','2020-12-20 23:29:25','2020-12-20 22:29:25'),(462,10,30,'2020-12-20 22:52:24','2020-12-20 23:52:24','2020-12-20 22:52:24'),(463,10,18,'2020-12-20 22:52:24','2020-12-20 23:52:24','2020-12-20 22:52:24'),(464,10,19,'2020-12-20 22:52:24','2020-12-20 23:52:24','2020-12-20 22:52:24'),(465,10,20,'2020-12-20 22:52:24','2020-12-20 23:52:24','2020-12-20 22:52:24'),(466,10,29,'2020-12-20 22:52:24','2020-12-20 23:52:24','2020-12-20 22:52:24'),(467,10,26,'2020-12-20 22:52:24','2020-12-20 23:52:24','2020-12-20 22:52:24'),(468,10,21,'2020-12-20 22:52:24','2020-12-20 23:52:24','2020-12-20 22:52:24'),(469,10,22,'2020-12-20 22:52:24','2020-12-20 23:52:24','2020-12-20 22:52:24'),(470,10,11,'2020-12-20 22:52:24','2020-12-20 23:52:24','2020-12-20 22:52:24'),(471,10,14,'2020-12-20 22:52:24','2020-12-20 23:52:24','2020-12-20 22:52:24'),(472,10,15,'2020-12-20 22:52:24','2020-12-20 23:52:24','2020-12-20 22:52:24'),(473,10,12,'2020-12-20 22:52:24','2020-12-20 23:52:24','2020-12-20 22:52:24'),(474,10,13,'2020-12-20 22:52:25','2020-12-20 23:52:25','2020-12-20 22:52:25'),(475,10,16,'2020-12-20 22:52:25','2020-12-20 23:52:25','2020-12-20 22:52:25'),(476,10,17,'2020-12-20 22:52:25','2020-12-20 23:52:25','2020-12-20 22:52:25'),(477,10,31,'2020-12-20 22:52:25','2020-12-20 23:52:25','2020-12-20 22:52:25'),(478,10,4,'2020-12-20 22:52:25','2020-12-20 23:52:25','2020-12-20 22:52:25'),(479,10,5,'2020-12-20 22:52:25','2020-12-20 23:52:25','2020-12-20 22:52:25'),(480,10,7,'2020-12-20 22:52:25','2020-12-20 23:52:25','2020-12-20 22:52:25'),(481,10,8,'2020-12-20 22:52:25','2020-12-20 23:52:25','2020-12-20 22:52:25'),(482,10,9,'2020-12-20 22:52:25','2020-12-20 23:52:25','2020-12-20 22:52:25'),(483,10,6,'2020-12-20 22:52:25','2020-12-20 23:52:25','2020-12-20 22:52:25'),(484,10,10,'2020-12-20 22:52:25','2020-12-20 23:52:25','2020-12-20 22:52:25'),(485,10,23,'2020-12-20 22:52:25','2020-12-20 23:52:25','2020-12-20 22:52:25'),(486,10,24,'2020-12-20 22:52:25','2020-12-20 23:52:25','2020-12-20 22:52:25'),(487,10,27,'2020-12-20 22:52:25','2020-12-20 23:52:25','2020-12-20 22:52:25'),(488,10,25,'2020-12-20 22:52:25','2020-12-20 23:52:25','2020-12-20 22:52:25'),(489,10,28,'2020-12-20 22:52:25','2020-12-20 23:52:25','2020-12-20 22:52:25'),(490,38,30,'2020-12-22 16:52:44','2020-12-22 17:52:44','2020-12-22 16:52:44'),(491,38,18,'2020-12-22 16:52:44','2020-12-22 17:52:44','2020-12-22 16:52:44'),(492,38,19,'2020-12-22 16:52:44','2020-12-22 17:52:44','2020-12-22 16:52:44'),(493,38,20,'2020-12-22 16:52:44','2020-12-22 17:52:44','2020-12-22 16:52:44'),(494,38,29,'2020-12-22 16:52:44','2020-12-22 17:52:44','2020-12-22 16:52:44'),(495,38,26,'2020-12-22 16:52:44','2020-12-22 17:52:44','2020-12-22 16:52:44'),(496,38,21,'2020-12-22 16:52:44','2020-12-22 17:52:44','2020-12-22 16:52:44'),(497,38,22,'2020-12-22 16:52:44','2020-12-22 17:52:44','2020-12-22 16:52:44'),(498,38,11,'2020-12-22 16:52:44','2020-12-22 17:52:44','2020-12-22 16:52:44'),(499,38,14,'2020-12-22 16:52:44','2020-12-22 17:52:44','2020-12-22 16:52:44'),(500,38,15,'2020-12-22 16:52:44','2020-12-22 17:52:44','2020-12-22 16:52:44'),(501,38,12,'2020-12-22 16:52:44','2020-12-22 17:52:44','2020-12-22 16:52:44'),(502,38,13,'2020-12-22 16:52:44','2020-12-22 17:52:44','2020-12-22 16:52:44'),(503,38,16,'2020-12-22 16:52:44','2020-12-22 17:52:44','2020-12-22 16:52:44'),(504,38,17,'2020-12-22 16:52:44','2020-12-22 17:52:44','2020-12-22 16:52:44'),(505,38,31,'2020-12-22 16:52:44','2020-12-22 17:52:44','2020-12-22 16:52:44'),(506,38,4,'2020-12-22 16:52:44','2020-12-22 17:52:44','2020-12-22 16:52:44'),(507,38,5,'2020-12-22 16:52:44','2020-12-22 17:52:44','2020-12-22 16:52:44'),(508,38,7,'2020-12-22 16:52:44','2020-12-22 17:52:44','2020-12-22 16:52:44'),(509,38,8,'2020-12-22 16:52:44','2020-12-22 17:52:44','2020-12-22 16:52:44'),(510,38,9,'2020-12-22 16:52:44','2020-12-22 17:52:44','2020-12-22 16:52:44'),(511,38,6,'2020-12-22 16:52:45','2020-12-22 17:52:45','2020-12-22 16:52:45'),(512,38,10,'2020-12-22 16:52:45','2020-12-22 17:52:45','2020-12-22 16:52:45'),(513,38,23,'2020-12-22 16:52:45','2020-12-22 17:52:45','2020-12-22 16:52:45'),(514,38,24,'2020-12-22 16:52:45','2020-12-22 17:52:45','2020-12-22 16:52:45'),(515,38,27,'2020-12-22 16:52:45','2020-12-22 17:52:45','2020-12-22 16:52:45'),(516,38,25,'2020-12-22 16:52:45','2020-12-22 17:52:45','2020-12-22 16:52:45'),(517,38,28,'2020-12-22 16:52:45','2020-12-22 17:52:45','2020-12-22 16:52:45');
/*!40000 ALTER TABLE `perfil_permissao` ENABLE KEYS */;
UNLOCK TABLES;

--
-- Table structure for table `perfilutilizador`
--

DROP TABLE IF EXISTS `perfilutilizador`;
/*!40101 SET @saved_cs_client     = @@character_set_client */;
/*!40101 SET character_set_client = utf8 */;
CREATE TABLE `perfilutilizador` (
  `id` int(10) NOT NULL AUTO_INCREMENT,
  `nome` varchar(30) DEFAULT NULL,
  `descricao` text DEFAULT NULL,
  `create_ut` datetime DEFAULT NULL,
  `update_ut` timestamp NULL DEFAULT current_timestamp() ON UPDATE current_timestamp(),
  `delete_ut` datetime DEFAULT NULL,
  `estado` smallint(5) DEFAULT 1,
  PRIMARY KEY (`id`)
) ENGINE=InnoDB AUTO_INCREMENT=39 DEFAULT CHARSET=utf8;
/*!40101 SET character_set_client = @saved_cs_client */;

--
-- Dumping data for table `perfilutilizador`
--

LOCK TABLES `perfilutilizador` WRITE;
/*!40000 ALTER TABLE `perfilutilizador` DISABLE KEYS */;
INSERT INTO `perfilutilizador` VALUES (10,'Adminstrador - Programador','Adminsitrador com todas as permisses do sistema','2020-08-28 19:48:47','2020-11-01 14:02:57','2020-08-28 19:48:47',1),(12,'Gerentes','Permiso de gestor de acordo com os equipamentos associados','2020-08-27 14:19:25','2020-11-01 14:05:36','2020-08-27 14:19:25',1),(14,'Operador','Operador permisso visualizao para monitorizao','2020-08-28 19:45:18','2020-11-01 14:04:11','2020-08-28 19:45:18',1),(23,'Normal','Normal','2020-08-28 19:45:18','2020-10-03 22:54:44','2003-10-20 09:54:44',0),(37,'Desenvolvedor','Adminstrao completa do site','2002-10-20 09:55:44','2020-11-01 14:04:30','2001-11-20 01:04:30',0),(38,'Adminstrao','Responsaveis pelos geradores','2001-11-20 01:06:35','2020-11-01 14:06:35',NULL,1);
/*!40000 ALTER TABLE `perfilutilizador` ENABLE KEYS */;
UNLOCK TABLES;

--
-- Table structure for table `permissoes`
--

DROP TABLE IF EXISTS `permissoes`;
/*!40101 SET @saved_cs_client     = @@character_set_client */;
/*!40101 SET character_set_client = utf8 */;
CREATE TABLE `permissoes` (
  `id` int(10) NOT NULL AUTO_INCREMENT,
  `nome` varchar(250) DEFAULT NULL,
  `descrisao` text NOT NULL,
  `create_ut` datetime DEFAULT current_timestamp() ON UPDATE current_timestamp(),
  `update_ut` timestamp NULL DEFAULT current_timestamp() ON UPDATE current_timestamp(),
  `delete_ut` datetime DEFAULT current_timestamp() ON UPDATE current_timestamp(),
  PRIMARY KEY (`id`)
) ENGINE=InnoDB AUTO_INCREMENT=32 DEFAULT CHARSET=utf8;
/*!40101 SET character_set_client = @saved_cs_client */;

--
-- Dumping data for table `permissoes`
--

LOCK TABLES `permissoes` WRITE;
/*!40000 ALTER TABLE `permissoes` DISABLE KEYS */;
INSERT INTO `permissoes` VALUES (4,'utilizadores','Modulo Utilizadores','2020-09-03 16:30:49','2020-09-03 17:30:49','2020-09-03 16:30:49'),(5,'utilizadores_perfil','Acesso a perfil de utilizador','2020-09-03 16:32:10','2020-09-03 17:32:10','2020-09-03 16:32:10'),(6,'utilizadores_perfil_registar','Registar perfil de utilizador','2020-09-03 16:32:39','2020-09-03 17:32:39','2020-09-03 16:32:39'),(7,'utilizadores_perfil_editar','Editar perfil de utilizador','2020-09-03 16:32:55','2020-09-03 17:32:55','2020-09-03 16:32:55'),(8,'utilizadores_perfil_eliminar','Eliminar perfil de utilizador','2020-09-03 16:33:16','2020-09-03 17:33:16','2020-09-03 16:33:16'),(9,'utilizadores_perfil_permissoes','Adicionar permisses a perfil de utilizador','2020-09-03 16:33:58','2020-09-03 17:33:58','2020-09-03 16:33:58'),(10,'utilizadores_utilizador','Acesso a utilizador','2020-10-31 21:15:38','2020-10-31 22:15:38','2020-10-31 21:15:38'),(11,'grupo','Modulo Grupo','2020-11-04 22:08:24','2020-11-04 23:08:24','2020-11-04 22:08:24'),(12,'grupo_eliminar','Permisso para eliminar grupo','2020-10-31 23:38:24','2020-11-01 00:38:24','2020-10-31 23:38:24'),(13,'grupo_ver_utilizador','Permisso para ver utilizadores associados a um grupo','2020-11-04 19:58:39','2020-11-04 20:58:39','2020-11-04 19:58:39'),(14,'grupo_adicionar','Permisso para adicionar novos grupos','2020-10-31 23:40:25','2020-11-01 00:40:25','2020-10-31 23:40:25'),(15,'grupo_editar','Permisso editar grupo','2020-10-31 23:58:27','2020-11-01 00:58:27','2020-10-31 23:58:27'),(16,'grupo_ver_utilizador_adicionar','Permisso adicionar utilizadores a um grupo','2020-10-31 23:59:34','2020-11-01 00:59:34','2020-10-31 23:59:34'),(17,'grupo_ver_utilizador_eliminar','Permisso eliminar utilizador de um grupo','2020-11-01 00:00:23','2020-11-01 01:00:23','2020-11-01 00:00:23'),(18,'equipamentos','Modulo equipamentos','2020-11-01 00:06:24','2020-11-01 01:06:24','2020-11-01 00:06:24'),(19,'equipamentos_gerador','Permisso de acesso aos geradores','2020-11-01 00:07:29','2020-11-01 01:07:29','2020-11-01 00:07:29'),(20,'equipamentos_gerador_adicionar','Permisso de adicionar novos gerador','2020-11-01 00:08:43','2020-11-01 01:08:43','2020-11-01 00:08:43'),(21,'equipamentos_gerador_editar','Permisso de editar um gerador','2020-11-01 00:09:22','2020-11-01 01:09:22','2020-11-01 00:09:22'),(22,'equipamentos_gerador_eliminar','Permisso de eliminar um gerador','2020-11-01 00:10:02','2020-11-01 01:10:02','2020-11-01 00:10:02'),(23,'utilizadores_utilizador_adicionar','Permisso adicionar utilizador','2020-11-01 00:50:56','2020-11-01 01:50:56','2020-11-01 00:50:56'),(24,'utilizadores_utilizador_editar','Permisso de editar utilizador','2020-11-01 00:51:36','2020-11-01 01:51:36','2020-11-01 00:51:36'),(25,'utilizadores_utilizador_eliminar','Permisso de eliminar utilizador','2020-11-01 00:52:10','2020-11-01 01:52:10','2020-11-01 00:52:10'),(26,'equipamentos_gerador_detalhes','Permisso de visualizar os detalhes de um gerador ','2020-11-04 22:31:18','2020-11-04 23:31:18','2020-11-04 22:31:18'),(27,'utilizadores_utilizador_editar','Permisso de editar um utilizador','2020-11-04 22:47:19','2020-11-04 23:47:19','2020-11-04 22:47:19'),(28,'utilizadores_utilizador_eliminar','Permisso de eliminar um utilizador','2020-11-04 22:47:50','2020-11-04 23:47:50','2020-11-04 22:47:50'),(29,'equipamentos_gerador_config','Permisso de visualizar a configurao de um gerador','2020-11-19 17:20:19','2020-11-19 18:20:19','2020-11-19 17:20:19'),(30,'configuracao','Modulo configuraes de Interligao da aplicao','2020-12-20 22:39:18','2020-12-20 23:39:18','2020-12-20 22:39:18'),(31,'reporte','Modulo de riporte de eventos e alertas','2020-12-20 22:49:28','2020-12-20 23:49:28','2020-12-20 22:49:28');
/*!40000 ALTER TABLE `permissoes` ENABLE KEYS */;
UNLOCK TABLES;

--
-- Table structure for table `reporte_alertas`
--

DROP TABLE IF EXISTS `reporte_alertas`;
/*!40101 SET @saved_cs_client     = @@character_set_client */;
/*!40101 SET character_set_client = utf8 */;
CREATE TABLE `reporte_alertas` (
  `id` int(11) NOT NULL AUTO_INCREMENT,
  `user_send` varchar(100) DEFAULT NULL,
  `tipo` varchar(10) DEFAULT NULL,
  `menssagem` varchar(300) DEFAULT NULL,
  `status` varchar(30) DEFAULT NULL,
  `menssage` varchar(300) DEFAULT NULL,
  `codigo` varchar(100) DEFAULT NULL,
  `create_ut` timestamp NOT NULL DEFAULT current_timestamp() ON UPDATE current_timestamp(),
  PRIMARY KEY (`id`)
) ENGINE=InnoDB AUTO_INCREMENT=1057 DEFAULT CHARSET=utf8;
/*!40101 SET character_set_client = @saved_cs_client */;

--
-- Dumping data for table `reporte_alertas`
--

LOCK TABLES `reporte_alertas` WRITE;
/*!40000 ALTER TABLE `reporte_alertas` DISABLE KEYS */;
INSERT INTO `reporte_alertas` VALUES (1,NULL,NULL,'Gerador Ag ASA I em avaria, por favor deslocar ao gerador para a devida identificacao da avaria',NULL,NULL,NULL,'2020-12-12 01:32:56'),(2,'null',NULL,'Gerador Ag ASA I em avaria, por favor deslocar ao gerador para a devida identificacao da avaria',NULL,NULL,NULL,'2020-12-12 01:34:43'),(3,'null',NULL,'Gerador Ag ASA I em avaria, por favor deslocar ao gerador para a devida identificacao da avaria',NULL,NULL,NULL,'2020-12-12 01:37:06'),(4,'{\"success\":[\"26\",\"1\"],\"fail\":[]}','email','Gerador Ag ASA I em avaria, por favor deslocar ao gerador para a devida identificacao da avaria','1','Email enviada','','2020-12-12 01:37:56'),(5,'{\"success\":[\"26\",\"1\"],\"fail\":[]}','email','Gerador Ag ASA I em avaria, por favor deslocar ao gerador para a devida identificacao da avaria','1','Email enviada','','2020-12-12 01:39:56'),(6,'{\"success\":[\"26\",\"1\"],\"fail\":[]}','email','Gerador Ag ASA I em avaria, por favor deslocar ao gerador para a devida identificacao da avaria','1','Email enviada','','2020-12-12 01:40:13'),(7,'{\"success\":[\"26\",\"1\"],\"fail\":[]}','email','Gerador Ag ASA I em avaria, por favor deslocar ao gerador para a devida identificacao da avaria','1','Email enviada','','2020-12-12 01:42:32'),(8,'{\"success\":[\"26\",\"1\"],\"fail\":[]}','email','A AgencaASA I sem energia, avaria no Quadro de transferencia, por favor verificar','1','Email enviada','','2020-12-12 01:42:37'),(9,'{\"success\":[\"26\",\"1\"],\"fail\":[]}','email','Na AgencaASA I gerador com nivel baixo de combustivel, por favor verificar','1','Email enviada','','2020-12-12 01:42:43'),(10,'null',NULL,'Gerador Ag ASA I em avaria, por favor deslocar ao gerador para a devida identificacao da avaria',NULL,NULL,NULL,'2020-12-12 01:50:02'),(11,'{\"success\":[\"26\",\"1\"],\"fail\":[]}','email','Gerador Ag ASA I em avaria, por favor deslocar ao gerador para a devida identificacao da avaria','1','Email enviada','','2020-12-12 01:50:08'),(12,'null','sms','Gerador Ag ASA I em avaria, por favor verificar',NULL,NULL,NULL,'2020-12-12 01:56:25'),(13,'{\"success\":[\"26\",\"1\"],\"fail\":[]}','email','Gerador Ag ASA I em avaria, por favor deslocar ao gerador para a devida identificacao da avaria','1','Email enviada','','2020-12-12 01:56:31'),(14,'null','sms','Gerador Ag ASA I em avaria, por favor verificar',NULL,NULL,NULL,'2020-12-12 02:00:49'),(15,'{\"success\":[\"26\",\"1\"],\"fail\":[]}','email','Gerador Ag ASA I em avaria, por favor deslocar ao gerador para a devida identificacao da avaria','1','Email enviada','','2020-12-12 02:00:55'),(16,'null','sms','Gerador Ag ASA I em avaria, por favor verificar',NULL,NULL,NULL,'2020-12-12 02:03:13'),(17,'{\"success\":[\"26\",\"1\"],\"fail\":[]}','email','Gerador Ag ASA I em avaria, por favor deslocar ao gerador para a devida identificacao da avaria','1','Email enviada','','2020-12-12 02:03:18'),(18,'null','sms','Gerador Ag ASA I em avaria, por favor verificar',NULL,NULL,NULL,'2020-12-12 02:11:55'),(19,'{\"success\":[\"26\",\"1\"],\"fail\":[]}','email','Gerador Ag ASA I em avaria, por favor deslocar ao gerador para a devida identificacao da avaria','1','Email enviada','','2020-12-12 02:12:01'),(20,'{\"success\":[\"26\"]}','sms','Gerador Ag ASA I em avaria, por favor verificar','1','SMS enviada',NULL,'2020-12-12 02:19:22'),(21,'{\"success\":[\"26\",\"1\"],\"fail\":[]}','email','Gerador Ag ASA I em avaria, por favor deslocar ao gerador para a devida identificacao da avaria','1','Email enviada','','2020-12-12 02:19:27'),(22,'{\"success\":[\"26\"]}','sms','Gerador Ag ASA I em avaria, por favor verificar','1','SMS enviada',NULL,'2020-12-12 02:22:33'),(23,'{\"success\":[\"26\",\"1\"],\"fail\":[]}','email','Gerador Ag ASA I em avaria, por favor deslocar ao gerador para a devida identificacao da avaria','1','Email enviada','','2020-12-12 02:22:39'),(24,'null','sms',NULL,NULL,NULL,NULL,'2020-12-12 02:23:19'),(25,'{\"success\":[\"26\",\"1\"],\"fail\":[]}','email','Gerador Ag ASA I em avaria, por favor deslocar ao gerador para a devida identificacao da avaria','1','Email enviada','','2020-12-12 02:23:25'),(26,'{\"success\":[\"26\"],\"fail\":[]}','sms','Gerador Ag ASA I em avaria, por favor verificar','1','SMS enviada','','2020-12-12 02:25:46'),(27,'{\"success\":[\"26\",\"1\"],\"fail\":[]}','email','Gerador Ag ASA I em avaria, por favor deslocar ao gerador para a devida identificacao da avaria','1','Email enviada','','2020-12-12 02:25:52'),(28,'null','sms',NULL,NULL,NULL,NULL,'2020-12-18 02:04:03'),(29,'{\"success\":[\"26\",\"1\"],\"fail\":[]}','email','Na AgencaASA I gerador com nivel baixo de combustivel, por favor verificar','1','Email enviada','','2020-12-18 02:04:15'),(30,'null','sms',NULL,NULL,NULL,NULL,'2020-12-18 02:04:26'),(31,'{\"success\":[\"26\",\"1\"],\"fail\":[]}','email','Na AgencaASA I gerador com nivel baixo de combustivel, por favor verificar','1','Email enviada','','2020-12-18 02:04:31'),(32,'null','sms',NULL,NULL,NULL,NULL,'2020-12-18 02:04:42'),(33,'{\"success\":[\"26\",\"1\"],\"fail\":[]}','email','Na AgencaASA I gerador com nivel baixo de combustivel, por favor verificar','1','Email enviada','','2020-12-18 02:04:51'),(34,'null','sms',NULL,NULL,NULL,NULL,'2020-12-18 02:07:27'),(35,'{\"success\":[\"26\",\"1\"],\"fail\":[]}','email','Na AgencaASA I gerador com nivel baixo de combustivel, por favor verificar','1','Email enviada','','2020-12-18 02:07:33'),(36,'null','sms',NULL,NULL,NULL,NULL,'2020-12-18 02:08:08'),(37,'{\"success\":[\"26\",\"1\"],\"fail\":[]}','email','Na AgencaASA I gerador com nivel baixo de combustivel, por favor verificar','1','Email enviada','','2020-12-18 02:08:17'),(38,'null','sms',NULL,NULL,NULL,NULL,'2020-12-18 02:08:28'),(39,'{\"success\":[\"26\",\"1\"],\"fail\":[]}','email','Na AgencaASA I gerador com nivel baixo de combustivel, por favor verificar','1','Email enviada','','2020-12-18 02:08:33'),(40,'null','sms',NULL,NULL,NULL,NULL,'2020-12-18 02:08:44'),(41,'{\"success\":[\"26\",\"1\"],\"fail\":[]}','email','Na AgencaASA I gerador com nivel baixo de combustivel, por favor verificar','1','Email enviada','','2020-12-18 02:08:49'),(42,'null','sms',NULL,NULL,NULL,NULL,'2020-12-18 02:09:00'),(43,'{\"success\":[\"26\",\"1\"],\"fail\":[]}','email','Na AgencaASA I gerador com nivel baixo de combustivel, por favor verificar','1','Email enviada','','2020-12-18 02:09:05'),(44,'null','sms',NULL,NULL,NULL,NULL,'2020-12-18 02:09:16'),(45,'{\"success\":[\"26\",\"1\"],\"fail\":[]}','email','Na AgencaASA I gerador com nivel baixo de combustivel, por favor verificar','1','Email enviada','','2020-12-18 02:09:23'),(46,'null','sms',NULL,NULL,NULL,NULL,'2020-12-18 02:09:33'),(47,'{\"success\":[\"26\",\"1\"],\"fail\":[]}','email','Na AgencaASA I gerador com nivel baixo de combustivel, por favor verificar','1','Email enviada','','2020-12-18 02:09:39'),(48,'null','sms',NULL,NULL,NULL,NULL,'2020-12-18 02:09:50'),(49,'{\"success\":[\"26\",\"1\"],\"fail\":[]}','email','Na AgencaASA I gerador com nivel baixo de combustivel, por favor verificar','1','Email enviada','','2020-12-18 02:09:55'),(50,'null','sms',NULL,NULL,NULL,NULL,'2020-12-18 02:10:06'),(51,'{\"success\":[\"26\",\"1\"],\"fail\":[]}','email','Na AgencaASA I gerador com nivel baixo de combustivel, por favor verificar','1','Email enviada','','2020-12-18 02:10:11'),(52,'null','sms',NULL,NULL,NULL,NULL,'2020-12-18 02:10:22'),(53,'{\"success\":[\"26\",\"1\"],\"fail\":[]}','email','Na AgencaASA I gerador com nivel baixo de combustivel, por favor verificar','1','Email enviada','','2020-12-18 02:10:27'),(54,'null','sms',NULL,NULL,NULL,NULL,'2020-12-18 02:10:38'),(55,'{\"success\":[\"26\",\"1\"],\"fail\":[]}','email','Na AgencaASA I gerador com nivel baixo de combustivel, por favor verificar','1','Email enviada','','2020-12-18 02:10:44'),(56,'null','sms',NULL,NULL,NULL,NULL,'2020-12-18 02:10:55'),(57,'{\"success\":[\"26\",\"1\"],\"fail\":[]}','email','Na AgencaASA I gerador com nivel baixo de combustivel, por favor verificar','1','Email enviada','','2020-12-18 02:11:00'),(58,'null','sms',NULL,NULL,NULL,NULL,'2020-12-18 02:11:11'),(59,'{\"success\":[\"26\",\"1\"],\"fail\":[]}','email','Na AgencaASA I gerador com nivel baixo de combustivel, por favor verificar','1','Email enviada','','2020-12-18 02:11:16'),(60,'null','sms',NULL,NULL,NULL,NULL,'2020-12-18 02:11:27'),(61,'{\"success\":[\"26\",\"1\"],\"fail\":[]}','email','Na AgencaASA I gerador com nivel baixo de combustivel, por favor verificar','1','Email enviada','','2020-12-18 02:11:33'),(62,'null','sms',NULL,NULL,NULL,NULL,'2020-12-18 02:11:43'),(63,'{\"success\":[\"26\",\"1\"],\"fail\":[]}','email','Na AgencaASA I gerador com nivel baixo de combustivel, por favor verificar','1','Email enviada','','2020-12-18 02:11:49'),(64,'null','sms',NULL,NULL,NULL,NULL,'2020-12-18 02:12:00'),(65,'{\"success\":[\"26\",\"1\"],\"fail\":[]}','email','Na AgencaASA I gerador com nivel baixo de combustivel, por favor verificar','1','Email enviada','','2020-12-18 02:12:05'),(66,'null','sms',NULL,NULL,NULL,NULL,'2020-12-18 02:12:16'),(67,'{\"success\":[\"26\",\"1\"],\"fail\":[]}','email','Na AgencaASA I gerador com nivel baixo de combustivel, por favor verificar','1','Email enviada','','2020-12-18 02:12:22'),(68,'null','sms',NULL,NULL,NULL,NULL,'2020-12-18 02:12:34'),(69,'{\"success\":[\"26\",\"1\"],\"fail\":[]}','email','Na AgencaASA I gerador com nivel baixo de combustivel, por favor verificar','1','Email enviada','','2020-12-18 02:12:39'),(70,'null','sms',NULL,NULL,NULL,NULL,'2020-12-18 02:12:50'),(71,'{\"success\":[\"26\",\"1\"],\"fail\":[]}','email','Na AgencaASA I gerador com nivel baixo de combustivel, por favor verificar','1','Email enviada','','2020-12-18 02:12:56'),(72,'null','sms',NULL,NULL,NULL,NULL,'2020-12-18 02:13:08'),(73,'{\"success\":[\"26\",\"1\"],\"fail\":[]}','email','Na AgencaASA I gerador com nivel baixo de combustivel, por favor verificar','1','Email enviada','','2020-12-18 02:13:14'),(74,'null','sms',NULL,NULL,NULL,NULL,'2020-12-18 02:13:25'),(75,'{\"success\":[\"26\",\"1\"],\"fail\":[]}','email','Na AgencaASA I gerador com nivel baixo de combustivel, por favor verificar','1','Email enviada','','2020-12-18 02:13:31'),(76,'null','sms',NULL,NULL,NULL,NULL,'2020-12-18 02:13:42'),(77,'{\"success\":[\"26\",\"1\"],\"fail\":[]}','email','Na AgencaASA I gerador com nivel baixo de combustivel, por favor verificar','1','Email enviada','','2020-12-18 02:13:47'),(78,'null','sms',NULL,NULL,NULL,NULL,'2020-12-18 02:13:58'),(79,'{\"success\":[\"26\",\"1\"],\"fail\":[]}','email','Na AgencaASA I gerador com nivel baixo de combustivel, por favor verificar','1','Email enviada','','2020-12-18 02:14:03'),(80,'null','sms',NULL,NULL,NULL,NULL,'2020-12-18 02:14:14'),(81,'{\"success\":[\"26\",\"1\"],\"fail\":[]}','email','Na AgencaASA I gerador com nivel baixo de combustivel, por favor verificar','1','Email enviada','','2020-12-18 02:14:20'),(82,'null','sms',NULL,NULL,NULL,NULL,'2020-12-18 02:14:31'),(83,'{\"success\":[\"26\",\"1\"],\"fail\":[]}','email','Na AgencaASA I gerador com nivel baixo de combustivel, por favor verificar','1','Email enviada','','2020-12-18 02:14:36'),(84,'null','sms',NULL,NULL,NULL,NULL,'2020-12-18 02:14:47'),(85,'{\"success\":[\"26\",\"1\"],\"fail\":[]}','email','Na AgencaASA I gerador com nivel baixo de combustivel, por favor verificar','1','Email enviada','','2020-12-18 02:14:53'),(86,'null','sms',NULL,NULL,NULL,NULL,'2020-12-18 02:15:03'),(87,'{\"success\":[\"26\",\"1\"],\"fail\":[]}','email','Na AgencaASA I gerador com nivel baixo de combustivel, por favor verificar','1','Email enviada','','2020-12-18 02:15:09'),(88,'null','sms',NULL,NULL,NULL,NULL,'2020-12-18 02:15:20'),(89,'{\"success\":[\"26\",\"1\"],\"fail\":[]}','email','Na AgencaASA I gerador com nivel baixo de combustivel, por favor verificar','1','Email enviada','','2020-12-18 02:15:25'),(90,'null','sms',NULL,NULL,NULL,NULL,'2020-12-18 02:15:36'),(91,'{\"success\":[\"26\",\"1\"],\"fail\":[]}','email','Na AgencaASA I gerador com nivel baixo de combustivel, por favor verificar','1','Email enviada','','2020-12-18 02:15:41'),(92,'null','sms',NULL,NULL,NULL,NULL,'2020-12-18 02:15:52'),(93,'{\"success\":[\"26\",\"1\"],\"fail\":[]}','email','Na AgencaASA I gerador com nivel baixo de combustivel, por favor verificar','1','Email enviada','','2020-12-18 02:15:58'),(94,'null','sms',NULL,NULL,NULL,NULL,'2020-12-18 02:16:09'),(95,'{\"success\":[\"26\",\"1\"],\"fail\":[]}','email','Na AgencaASA I gerador com nivel baixo de combustivel, por favor verificar','1','Email enviada','','2020-12-18 02:16:15'),(96,'null','sms',NULL,NULL,NULL,NULL,'2020-12-18 02:16:26'),(97,'{\"success\":[\"26\",\"1\"],\"fail\":[]}','email','Na AgencaASA I gerador com nivel baixo de combustivel, por favor verificar','1','Email enviada','','2020-12-18 02:16:32'),(98,'null','sms',NULL,NULL,NULL,NULL,'2020-12-18 02:16:43'),(99,'{\"success\":[\"26\",\"1\"],\"fail\":[]}','email','Na AgencaASA I gerador com nivel baixo de combustivel, por favor verificar','1','Email enviada','','2020-12-18 02:16:51'),(100,'null','sms',NULL,NULL,NULL,NULL,'2020-12-18 02:17:02'),(101,'{\"success\":[\"26\",\"1\"],\"fail\":[]}','email','Na AgencaASA I gerador com nivel baixo de combustivel, por favor verificar','1','Email enviada','','2020-12-18 02:17:07'),(102,'null','sms',NULL,NULL,NULL,NULL,'2020-12-18 02:17:18'),(103,'{\"success\":[\"26\",\"1\"],\"fail\":[]}','email','Na AgencaASA I gerador com nivel baixo de combustivel, por favor verificar','1','Email enviada','','2020-12-18 02:17:27'),(104,'null','sms',NULL,NULL,NULL,NULL,'2020-12-18 11:27:43'),(105,'{\"success\":[\"26\",\"1\"],\"fail\":[]}','email','Na AgencaASA I gerador com nivel baixo de combustivel, por favor verificar','1','Email enviada','','2020-12-18 11:27:49'),(106,'null','sms',NULL,NULL,NULL,NULL,'2020-12-18 11:28:00'),(107,'{\"success\":[\"26\",\"1\"],\"fail\":[]}','email','Na AgencaASA I gerador com nivel baixo de combustivel, por favor verificar','1','Email enviada','','2020-12-18 11:28:06'),(108,'null','sms',NULL,NULL,NULL,NULL,'2020-12-18 11:28:17'),(109,'{\"success\":[\"26\",\"1\"],\"fail\":[]}','email','Na AgencaASA I gerador com nivel baixo de combustivel, por favor verificar','1','Email enviada','','2020-12-18 11:28:22'),(110,'null','sms',NULL,NULL,NULL,NULL,'2020-12-18 11:28:33'),(111,'{\"success\":[\"26\",\"1\"],\"fail\":[]}','email','Na AgencaASA I gerador com nivel baixo de combustivel, por favor verificar','1','Email enviada','','2020-12-18 11:28:38'),(112,'null','sms',NULL,NULL,NULL,NULL,'2020-12-18 11:28:49'),(113,'{\"success\":[\"26\",\"1\"],\"fail\":[]}','email','Na AgencaASA I gerador com nivel baixo de combustivel, por favor verificar','1','Email enviada','','2020-12-18 11:28:56'),(114,'null','sms',NULL,NULL,NULL,NULL,'2020-12-18 11:29:06'),(115,'{\"success\":[\"26\",\"1\"],\"fail\":[]}','email','Na AgencaASA I gerador com nivel baixo de combustivel, por favor verificar','1','Email enviada','','2020-12-18 11:29:12'),(116,'null','sms',NULL,NULL,NULL,NULL,'2020-12-18 11:29:23'),(117,'{\"success\":[\"26\",\"1\"],\"fail\":[]}','email','Na AgencaASA I gerador com nivel baixo de combustivel, por favor verificar','1','Email enviada','','2020-12-18 11:29:28'),(118,'null','sms',NULL,NULL,NULL,NULL,'2020-12-18 11:29:53'),(119,'{\"success\":[\"26\",\"1\"],\"fail\":[]}','email','A AgencaASA I sem energia, avaria no Quadro de transferencia, por favor verificar','1','Email enviada','','2020-12-18 11:30:01'),(120,'null','sms',NULL,NULL,NULL,NULL,'2020-12-18 11:30:01'),(121,'{\"success\":[\"26\",\"1\"],\"fail\":[]}','email','Na AgencaASA I gerador com nivel baixo de combustivel, por favor verificar','1','Email enviada','','2020-12-18 11:30:06'),(122,'null','sms',NULL,NULL,NULL,NULL,'2020-12-18 11:30:17'),(123,'{\"success\":[\"26\",\"1\"],\"fail\":[]}','email','A AgencaASA I sem energia, avaria no Quadro de transferencia, por favor verificar','1','Email enviada','','2020-12-18 11:30:22'),(124,'null','sms',NULL,NULL,NULL,NULL,'2020-12-18 11:30:22'),(125,'{\"success\":[\"26\",\"1\"],\"fail\":[]}','email','Na AgencaASA I gerador com nivel baixo de combustivel, por favor verificar','1','Email enviada','','2020-12-18 11:30:28'),(126,'null','sms',NULL,NULL,NULL,NULL,'2020-12-18 11:30:39'),(127,'{\"success\":[\"26\",\"1\"],\"fail\":[]}','email','A AgencaASA I sem energia, avaria no Quadro de transferencia, por favor verificar','1','Email enviada','','2020-12-18 11:30:44'),(128,'null','sms',NULL,NULL,NULL,NULL,'2020-12-18 11:30:44'),(129,'{\"success\":[\"26\",\"1\"],\"fail\":[]}','email','Na AgencaASA I gerador com nivel baixo de combustivel, por favor verificar','1','Email enviada','','2020-12-18 11:30:50'),(130,'null','sms',NULL,NULL,NULL,NULL,'2020-12-18 11:31:01'),(131,'{\"success\":[\"26\",\"1\"],\"fail\":[]}','email','A AgencaASA I sem energia, avaria no Quadro de transferencia, por favor verificar','1','Email enviada','','2020-12-18 11:31:07'),(132,'null','sms',NULL,NULL,NULL,NULL,'2020-12-18 11:31:07'),(133,'{\"success\":[\"26\",\"1\"],\"fail\":[]}','email','Na AgencaASA I gerador com nivel baixo de combustivel, por favor verificar','1','Email enviada','','2020-12-18 11:31:14'),(134,'null','sms',NULL,NULL,NULL,NULL,'2020-12-18 11:31:24'),(135,'{\"success\":[\"26\",\"1\"],\"fail\":[]}','email','A AgencaASA I sem energia, avaria no Quadro de transferencia, por favor verificar','1','Email enviada','','2020-12-18 11:31:30'),(136,'null','sms',NULL,NULL,NULL,NULL,'2020-12-18 11:31:30'),(137,'{\"success\":[\"26\",\"1\"],\"fail\":[]}','email','Na AgencaASA I gerador com nivel baixo de combustivel, por favor verificar','1','Email enviada','','2020-12-18 11:31:36'),(138,'null','sms',NULL,NULL,NULL,NULL,'2020-12-18 11:31:47'),(139,'{\"success\":[\"26\",\"1\"],\"fail\":[]}','email','A AgencaASA I sem energia, avaria no Quadro de transferencia, por favor verificar','1','Email enviada','','2020-12-18 11:31:52'),(140,'null','sms',NULL,NULL,NULL,NULL,'2020-12-18 11:31:52'),(141,'{\"success\":[\"26\",\"1\"],\"fail\":[]}','email','Na AgencaASA I gerador com nivel baixo de combustivel, por favor verificar','1','Email enviada','','2020-12-18 11:31:57'),(142,'null','sms',NULL,NULL,NULL,NULL,'2020-12-18 11:32:22'),(143,'{\"success\":[\"26\",\"1\"],\"fail\":[]}','email','A AgencaASA I sem energia, avaria no Quadro de transferencia, por favor verificar','1','Email enviada','','2020-12-18 11:32:35'),(144,'null','sms',NULL,NULL,NULL,NULL,'2020-12-18 11:32:36'),(145,'{\"success\":[\"26\",\"1\"],\"fail\":[]}','email','Na AgencaASA I gerador com nivel baixo de combustivel, por favor verificar','1','Email enviada','','2020-12-18 11:32:41'),(146,'null','sms',NULL,NULL,NULL,NULL,'2020-12-18 11:32:52'),(147,'{\"success\":[\"26\",\"1\"],\"fail\":[]}','email','A AgencaASA I sem energia, avaria no Quadro de transferencia, por favor verificar','1','Email enviada','','2020-12-18 11:32:57'),(148,'null','sms',NULL,NULL,NULL,NULL,'2020-12-18 11:32:58'),(149,'null','sms',NULL,NULL,NULL,NULL,'2020-12-18 11:33:14'),(150,'{\"success\":[\"26\",\"1\"],\"fail\":[]}','email','Na AgencaASA I gerador com nivel baixo de combustivel, por favor verificar','1','Email enviada','','2020-12-18 11:33:19'),(151,'{\"success\":[\"26\",\"1\"],\"fail\":[]}','email','Na AgencaASA I gerador com nivel baixo de combustivel, por favor verificar','1','Email enviada','','2020-12-18 11:33:22'),(152,'null','sms',NULL,NULL,NULL,NULL,'2020-12-18 11:33:33'),(153,'{\"success\":[\"26\",\"1\"],\"fail\":[]}','email','Na AgencaASA I gerador com nivel baixo de combustivel, por favor verificar','1','Email enviada','','2020-12-18 11:33:38'),(154,'null','sms',NULL,NULL,NULL,NULL,'2020-12-18 11:33:49'),(155,'{\"success\":[\"26\",\"1\"],\"fail\":[]}','email','Na AgencaASA I gerador com nivel baixo de combustivel, por favor verificar','1','Email enviada','','2020-12-18 11:33:55'),(156,'null','sms',NULL,NULL,NULL,NULL,'2020-12-18 11:34:06'),(157,'{\"success\":[\"26\",\"1\"],\"fail\":[]}','email','Na AgencaASA I gerador com nivel baixo de combustivel, por favor verificar','1','Email enviada','','2020-12-18 11:34:13'),(158,'null','sms',NULL,NULL,NULL,NULL,'2020-12-18 11:34:23'),(159,'{\"success\":[\"26\",\"1\"],\"fail\":[]}','email','Na AgencaASA I gerador com nivel baixo de combustivel, por favor verificar','1','Email enviada','','2020-12-18 11:34:29'),(160,'null','sms',NULL,NULL,NULL,NULL,'2020-12-18 11:34:39'),(161,'{\"success\":[\"26\",\"1\"],\"fail\":[]}','email','Na AgencaASA I gerador com nivel baixo de combustivel, por favor verificar','1','Email enviada','','2020-12-18 11:34:45'),(162,'null','sms',NULL,NULL,NULL,NULL,'2020-12-18 11:34:56'),(163,'{\"success\":[\"26\",\"1\"],\"fail\":[]}','email','Na AgencaASA I gerador com nivel baixo de combustivel, por favor verificar','1','Email enviada','','2020-12-18 11:35:01'),(164,'null','sms',NULL,NULL,NULL,NULL,'2020-12-18 11:35:12'),(165,'{\"success\":[\"26\",\"1\"],\"fail\":[]}','email','Na AgencaASA I gerador com nivel baixo de combustivel, por favor verificar','1','Email enviada','','2020-12-18 11:35:17'),(166,'null','sms',NULL,NULL,NULL,NULL,'2020-12-18 11:35:28'),(167,'{\"success\":[\"26\",\"1\"],\"fail\":[]}','email','Na AgencaASA I gerador com nivel baixo de combustivel, por favor verificar','1','Email enviada','','2020-12-18 11:35:33'),(168,'null','sms',NULL,NULL,NULL,NULL,'2020-12-18 12:02:27'),(169,'null','sms',NULL,NULL,NULL,NULL,'2020-12-18 12:02:47'),(170,'{\"success\":[\"26\",\"1\"],\"fail\":[]}','email','Na AgencaASA I gerador com nivel baixo de combustivel, por favor verificar','1','Email enviada','','2020-12-18 12:02:53'),(171,'{\"success\":[\"26\",\"1\"],\"fail\":[]}','email','Na AgencaASA I gerador com nivel baixo de combustivel, por favor verificar','1','Email enviada','','2020-12-18 12:02:57'),(172,'null','sms',NULL,NULL,NULL,NULL,'2020-12-18 12:05:10'),(173,'{\"success\":[\"26\",\"1\"],\"fail\":[]}','email','Na AgencaASA I gerador com nivel baixo de combustivel, por favor verificar','1','Email enviada','','2020-12-18 12:05:22'),(174,'null','sms',NULL,NULL,NULL,NULL,'2020-12-18 12:09:50'),(175,'{\"success\":[\"26\",\"1\"],\"fail\":[]}','email','Na AgencaASA I gerador com nivel baixo de combustivel, por favor verificar','1','Email enviada','','2020-12-18 12:10:05'),(176,'null','sms',NULL,NULL,NULL,NULL,'2020-12-18 12:11:51'),(177,'{\"success\":[\"26\",\"1\"],\"fail\":[]}','email','Na AgencaASA I gerador com nivel baixo de combustivel, por favor verificar','1','Email enviada','','2020-12-18 12:12:07'),(178,'null','sms',NULL,NULL,NULL,NULL,'2020-12-18 12:14:08'),(179,'null','sms',NULL,NULL,NULL,NULL,'2020-12-18 12:14:20'),(180,'{\"success\":[\"26\",\"1\"],\"fail\":[]}','email','Na AgencaASA I gerador com nivel baixo de combustivel, por favor verificar','1','Email enviada','','2020-12-18 12:14:26'),(181,'{\"success\":[\"26\",\"1\"],\"fail\":[]}','email','Na AgencaASA I gerador com nivel baixo de combustivel, por favor verificar','1','Email enviada','','2020-12-18 12:14:31'),(182,'null','sms',NULL,NULL,NULL,NULL,'2020-12-18 12:18:12'),(183,'null','sms',NULL,NULL,NULL,NULL,'2020-12-18 12:18:24'),(184,'{\"success\":[\"26\",\"1\"],\"fail\":[]}','email','Na AgencaASA I gerador com nivel baixo de combustivel, por favor verificar','1','Email enviada','','2020-12-18 12:18:32'),(185,'{\"success\":[\"26\",\"1\"],\"fail\":[]}','email','Na AgencaASA I gerador com nivel baixo de combustivel, por favor verificar','1','Email enviada','','2020-12-18 12:18:42'),(186,'null','sms',NULL,NULL,NULL,NULL,'2020-12-18 12:19:02'),(187,'{\"success\":[\"26\",\"1\"],\"fail\":[]}','email','Gerador Ag ASA I em avaria, por favor deslocar ao gerador para a devida identificacao da avaria','1','Email enviada','','2020-12-18 12:19:08'),(188,'null','sms',NULL,NULL,NULL,NULL,'2020-12-18 12:19:08'),(189,'{\"success\":[\"26\",\"1\"],\"fail\":[]}','email','Na AgencaASA I gerador com nivel baixo de combustivel, por favor verificar','1','Email enviada','','2020-12-18 12:19:13'),(190,'null','sms',NULL,NULL,NULL,NULL,'2020-12-18 12:19:19'),(191,'{\"success\":[\"26\",\"1\"],\"fail\":[]}','email','Na AgencaASA I gerador com nivel baixo de combustivel, por favor verificar','1','Email enviada','','2020-12-18 12:19:25'),(192,'null','sms',NULL,NULL,NULL,NULL,'2020-12-18 12:20:12'),(193,'{\"success\":[\"26\",\"1\"],\"fail\":[]}','email','Gerador Ag ASA I em avaria, por favor deslocar ao gerador para a devida identificacao da avaria','1','Email enviada','','2020-12-18 12:20:18'),(194,'null','sms',NULL,NULL,NULL,NULL,'2020-12-18 12:20:18'),(195,'{\"success\":[\"26\",\"1\"],\"fail\":[]}','email','Na AgencaASA I gerador com nivel baixo de combustivel, por favor verificar','1','Email enviada','','2020-12-18 12:20:23'),(196,'null','sms',NULL,NULL,NULL,NULL,'2020-12-18 12:20:32'),(197,'{\"success\":[\"26\",\"1\"],\"fail\":[]}','email','Na AgencaASA I gerador com nivel baixo de combustivel, por favor verificar','1','Email enviada','','2020-12-18 12:20:37'),(198,'null','sms',NULL,NULL,NULL,NULL,'2020-12-18 12:22:13'),(199,'{\"success\":[\"26\",\"1\"],\"fail\":[]}','email','Gerador Ag ASA I em avaria, por favor deslocar ao gerador para a devida identificacao da avaria','1','Email enviada','','2020-12-18 12:22:19'),(200,'null','sms',NULL,NULL,NULL,NULL,'2020-12-18 12:22:19'),(201,'{\"success\":[\"26\",\"1\"],\"fail\":[]}','email','Na AgencaASA I gerador com nivel baixo de combustivel, por favor verificar','1','Email enviada','','2020-12-18 12:22:25'),(202,'null','sms',NULL,NULL,NULL,NULL,'2020-12-18 12:22:31'),(203,'{\"success\":[\"26\",\"1\"],\"fail\":[]}','email','Na AgencaASA I gerador com nivel baixo de combustivel, por favor verificar','1','Email enviada','','2020-12-18 12:22:37'),(204,'null','sms',NULL,NULL,NULL,NULL,'2020-12-18 12:23:03'),(205,'{\"success\":[\"26\",\"1\"],\"fail\":[]}','email','Gerador Ag ASA I em avaria, por favor deslocar ao gerador para a devida identificacao da avaria','1','Email enviada','','2020-12-18 12:23:09'),(206,'null','sms',NULL,NULL,NULL,NULL,'2020-12-18 12:23:09'),(207,'{\"success\":[\"26\",\"1\"],\"fail\":[]}','email','Na AgencaASA I gerador com nivel baixo de combustivel, por favor verificar','1','Email enviada','','2020-12-18 12:23:16'),(208,'null','sms',NULL,NULL,NULL,NULL,'2020-12-18 12:23:33'),(209,'{\"success\":[\"26\",\"1\"],\"fail\":[]}','email','Na AgencaASA I gerador com nivel baixo de combustivel, por favor verificar','1','Email enviada','','2020-12-18 12:23:38'),(210,'null','sms',NULL,NULL,NULL,NULL,'2020-12-18 12:23:45'),(211,'{\"success\":[\"26\",\"1\"],\"fail\":[]}','email','A AgencaASA I sem energia, avaria no Quadro de transferencia, por favor verificar','1','Email enviada','','2020-12-18 12:23:50'),(212,'null','sms',NULL,NULL,NULL,NULL,'2020-12-18 12:23:50'),(213,'{\"success\":[\"26\",\"1\"],\"fail\":[]}','email','Na AgencaASA I gerador com nivel baixo de combustivel, por favor verificar','1','Email enviada','','2020-12-18 12:23:56'),(214,'null','sms',NULL,NULL,NULL,NULL,'2020-12-18 12:24:02'),(215,'{\"success\":[\"26\",\"1\"],\"fail\":[]}','email','A AgencaASA I sem energia, avaria no Quadro de transferencia, por favor verificar','1','Email enviada','','2020-12-18 12:24:08'),(216,'null','sms',NULL,NULL,NULL,NULL,'2020-12-18 12:24:08'),(217,'{\"success\":[\"26\",\"1\"],\"fail\":[]}','email','Na AgencaASA I gerador com nivel baixo de combustivel, por favor verificar','1','Email enviada','','2020-12-18 12:24:13'),(218,'null','sms',NULL,NULL,NULL,NULL,'2020-12-18 12:24:47'),(219,'{\"success\":[\"26\",\"1\"],\"fail\":[]}','email','A AgencaASA I sem energia, avaria no Quadro de transferencia, por favor verificar','1','Email enviada','','2020-12-18 12:24:53'),(220,'null','sms',NULL,NULL,NULL,NULL,'2020-12-18 12:24:53'),(221,'{\"success\":[\"26\",\"1\"],\"fail\":[]}','email','Na AgencaASA I gerador com nivel baixo de combustivel, por favor verificar','1','Email enviada','','2020-12-18 12:24:59'),(222,'null','sms',NULL,NULL,NULL,NULL,'2020-12-18 12:25:26'),(223,'{\"success\":[\"26\",\"1\"],\"fail\":[]}','email','A AgencaASA I sem energia, avaria no Quadro de transferencia, por favor verificar','1','Email enviada','','2020-12-18 12:25:33'),(224,'null','sms',NULL,NULL,NULL,NULL,'2020-12-18 12:25:33'),(225,'{\"success\":[\"26\",\"1\"],\"fail\":[]}','email','Na AgencaASA I gerador com nivel baixo de combustivel, por favor verificar','1','Email enviada','','2020-12-18 12:25:38'),(226,'null','sms',NULL,NULL,NULL,NULL,'2020-12-18 12:25:45'),(227,'{\"success\":[\"26\",\"1\"],\"fail\":[]}','email','A AgencaASA I sem energia, avaria no Quadro de transferencia, por favor verificar','1','Email enviada','','2020-12-18 12:25:50'),(228,'null','sms',NULL,NULL,NULL,NULL,'2020-12-18 12:25:50'),(229,'{\"success\":[\"26\",\"1\"],\"fail\":[]}','email','Na AgencaASA I gerador com nivel baixo de combustivel, por favor verificar','1','Email enviada','','2020-12-18 12:25:56'),(230,'null','sms',NULL,NULL,NULL,NULL,'2020-12-18 12:27:45'),(231,'{\"success\":[\"26\",\"1\"],\"fail\":[]}','email','Na AgencaASA I gerador com nivel baixo de combustivel, por favor verificar','1','Email enviada','','2020-12-18 12:28:04'),(232,'null','sms',NULL,NULL,NULL,NULL,'2020-12-18 12:29:59'),(233,'{\"success\":[\"26\",\"1\"],\"fail\":[]}','email','Na AgencaASA I gerador com nivel baixo de combustivel, por favor verificar','1','Email enviada','','2020-12-18 12:30:14'),(234,'null','sms',NULL,NULL,NULL,NULL,'2020-12-18 12:30:27'),(235,'{\"success\":[\"26\",\"1\"],\"fail\":[]}','email','Gerador Ag ASA I em avaria, por favor deslocar ao gerador para a devida identificacao da avaria','1','Email enviada','','2020-12-18 12:30:32'),(236,'null','sms',NULL,NULL,NULL,NULL,'2020-12-18 12:30:32'),(237,'{\"success\":[\"26\",\"1\"],\"fail\":[]}','email','Na AgencaASA I gerador com nivel baixo de combustivel, por favor verificar','1','Email enviada','','2020-12-18 12:30:38'),(238,'null','sms',NULL,NULL,NULL,NULL,'2020-12-18 12:30:44'),(239,'{\"success\":[\"26\",\"1\"],\"fail\":[]}','email','Na AgencaASA I gerador com nivel baixo de combustivel, por favor verificar','1','Email enviada','','2020-12-18 12:30:50'),(240,'null','sms',NULL,NULL,NULL,NULL,'2020-12-18 12:32:18'),(241,'{\"success\":[\"26\",\"1\"],\"fail\":[]}','email','Gerador Ag ASA I em avaria, por favor deslocar ao gerador para a devida identificacao da avaria','1','Email enviada','','2020-12-18 12:32:23'),(242,'null','sms',NULL,NULL,NULL,NULL,'2020-12-18 12:32:24'),(243,'{\"success\":[\"26\",\"1\"],\"fail\":[]}','email','Na AgencaASA I gerador com nivel baixo de combustivel, por favor verificar','1','Email enviada','','2020-12-18 12:32:29'),(244,'null','sms',NULL,NULL,NULL,NULL,'2020-12-18 12:32:36'),(245,'{\"success\":[\"26\",\"1\"],\"fail\":[]}','email','Na AgencaASA I gerador com nivel baixo de combustivel, por favor verificar','1','Email enviada','','2020-12-18 12:32:43'),(246,'null','sms',NULL,NULL,NULL,NULL,'2020-12-18 12:41:15'),(247,'{\"success\":[\"26\",\"1\"],\"fail\":[]}','email','A AgencaASA I sem energia, avaria no Quadro de transferencia, por favor verificar','1','Email enviada','','2020-12-18 12:41:21'),(248,'null','sms',NULL,NULL,NULL,NULL,'2020-12-18 12:41:21'),(249,'{\"success\":[\"26\",\"1\"],\"fail\":[]}','email','Na AgencaASA I gerador com nivel baixo de combustivel, por favor verificar','1','Email enviada','','2020-12-18 12:41:27'),(250,'null','sms',NULL,NULL,NULL,NULL,'2020-12-18 12:41:33'),(251,'{\"success\":[\"26\",\"1\"],\"fail\":[]}','email','A AgencaASA I sem energia, avaria no Quadro de transferencia, por favor verificar','1','Email enviada','','2020-12-18 12:41:38'),(252,'null','sms',NULL,NULL,NULL,NULL,'2020-12-18 12:41:38'),(253,'{\"success\":[\"26\",\"1\"],\"fail\":[]}','email','Na AgencaASA I gerador com nivel baixo de combustivel, por favor verificar','1','Email enviada','','2020-12-18 12:41:44'),(254,'null','sms',NULL,NULL,NULL,NULL,'2020-12-18 12:42:38'),(255,'{\"success\":[\"26\",\"1\"],\"fail\":[]}','email','Na AgencaASA I gerador com nivel baixo de combustivel, por favor verificar','1','Email enviada','','2020-12-18 12:42:55'),(256,'null','sms',NULL,NULL,NULL,NULL,'2020-12-18 12:43:16'),(257,'{\"success\":[\"26\",\"1\"],\"fail\":[]}','email','Na AgencaASA I gerador com nivel baixo de combustivel, por favor verificar','1','Email enviada','','2020-12-18 12:43:33'),(258,'null','sms',NULL,NULL,NULL,NULL,'2020-12-18 12:45:24'),(259,'{\"success\":[\"26\",\"1\"],\"fail\":[]}','email','Gerador Ag ASA I em avaria, por favor deslocar ao gerador para a devida identificacao da avaria','1','Email enviada','','2020-12-18 12:45:29'),(260,'null','sms',NULL,NULL,NULL,NULL,'2020-12-18 12:45:29'),(261,'{\"success\":[\"26\",\"1\"],\"fail\":[]}','email','Na AgencaASA I gerador com nivel baixo de combustivel, por favor verificar','1','Email enviada','','2020-12-18 12:45:34'),(262,'null','sms',NULL,NULL,NULL,NULL,'2020-12-18 12:45:41'),(263,'{\"success\":[\"26\",\"1\"],\"fail\":[]}','email','Na AgencaASA I gerador com nivel baixo de combustivel, por favor verificar','1','Email enviada','','2020-12-18 12:45:46'),(264,'null','sms',NULL,NULL,NULL,NULL,'2020-12-18 12:46:26'),(265,'{\"success\":[\"26\",\"1\"],\"fail\":[]}','email','A AgencaASA I sem energia, avaria no Quadro de transferencia, por favor verificar','1','Email enviada','','2020-12-18 12:46:33'),(266,'null','sms',NULL,NULL,NULL,NULL,'2020-12-18 12:46:33'),(267,'{\"success\":[\"26\",\"1\"],\"fail\":[]}','email','Na AgencaASA I gerador com nivel baixo de combustivel, por favor verificar','1','Email enviada','','2020-12-18 12:46:39'),(268,'null','sms',NULL,NULL,NULL,NULL,'2020-12-18 12:46:47'),(269,'{\"success\":[\"26\",\"1\"],\"fail\":[]}','email','A AgencaASA I sem energia, avaria no Quadro de transferencia, por favor verificar','1','Email enviada','','2020-12-18 12:46:52'),(270,'null','sms',NULL,NULL,NULL,NULL,'2020-12-18 12:46:52'),(271,'{\"success\":[\"26\",\"1\"],\"fail\":[]}','email','Na AgencaASA I gerador com nivel baixo de combustivel, por favor verificar','1','Email enviada','','2020-12-18 12:46:58'),(272,'null','sms',NULL,NULL,NULL,NULL,'2020-12-18 12:58:42'),(273,'{\"success\":[\"26\",\"1\"],\"fail\":[]}','email','Gerador Ag ASA I em avaria, por favor deslocar ao gerador para a devida identificacao da avaria','1','Email enviada','','2020-12-18 12:58:50'),(274,'null','sms',NULL,NULL,NULL,NULL,'2020-12-18 12:58:50'),(275,'{\"success\":[\"26\",\"1\"],\"fail\":[]}','email','A AgencaASA I sem energia, avaria no Quadro de transferencia, por favor verificar','1','Email enviada','','2020-12-18 12:58:55'),(276,'null','sms',NULL,NULL,NULL,NULL,'2020-12-18 12:58:55'),(277,'{\"success\":[\"26\",\"1\"],\"fail\":[]}','email','Na AgencaASA I gerador com nivel baixo de combustivel, por favor verificar','1','Email enviada','','2020-12-18 12:59:01'),(278,'null','sms',NULL,NULL,NULL,NULL,'2020-12-18 12:59:07'),(279,'{\"success\":[\"26\",\"1\"],\"fail\":[]}','email','A AgencaASA I sem energia, avaria no Quadro de transferencia, por favor verificar','1','Email enviada','','2020-12-18 12:59:13'),(280,'null','sms',NULL,NULL,NULL,NULL,'2020-12-18 12:59:13'),(281,'{\"success\":[\"26\",\"1\"],\"fail\":[]}','email','Na AgencaASA I gerador com nivel baixo de combustivel, por favor verificar','1','Email enviada','','2020-12-18 12:59:18'),(282,'null','sms',NULL,NULL,NULL,NULL,'2020-12-18 12:59:38'),(283,'{\"success\":[\"26\",\"1\"],\"fail\":[]}','email','A AgencaASA I sem energia, avaria no Quadro de transferencia, por favor verificar','1','Email enviada','','2020-12-18 12:59:43'),(284,'null','sms',NULL,NULL,NULL,NULL,'2020-12-18 12:59:43'),(285,'{\"success\":[\"26\",\"1\"],\"fail\":[]}','email','Na AgencaASA I gerador com nivel baixo de combustivel, por favor verificar','1','Email enviada','','2020-12-18 12:59:49'),(286,'null','sms',NULL,NULL,NULL,NULL,'2020-12-18 12:59:55'),(287,'{\"success\":[\"26\",\"1\"],\"fail\":[]}','email','A AgencaASA I sem energia, avaria no Quadro de transferencia, por favor verificar','1','Email enviada','','2020-12-18 13:00:01'),(288,'null','sms',NULL,NULL,NULL,NULL,'2020-12-18 13:00:01'),(289,'{\"success\":[\"26\",\"1\"],\"fail\":[]}','email','Na AgencaASA I gerador com nivel baixo de combustivel, por favor verificar','1','Email enviada','','2020-12-18 13:00:07'),(290,'null','sms',NULL,NULL,NULL,NULL,'2020-12-18 13:00:36'),(291,'{\"success\":[\"26\",\"1\"],\"fail\":[]}','email','Gerador Ag ASA I em avaria, por favor deslocar ao gerador para a devida identificacao da avaria','1','Email enviada','','2020-12-18 13:00:41'),(292,'null','sms',NULL,NULL,NULL,NULL,'2020-12-18 13:00:41'),(293,'{\"success\":[\"26\",\"1\"],\"fail\":[]}','email','A AgencaASA I sem energia, avaria no Quadro de transferencia, por favor verificar','1','Email enviada','','2020-12-18 13:00:47'),(294,'null','sms',NULL,NULL,NULL,NULL,'2020-12-18 13:00:47'),(295,'{\"success\":[\"26\",\"1\"],\"fail\":[]}','email','Na AgencaASA I gerador com nivel baixo de combustivel, por favor verificar','1','Email enviada','','2020-12-18 13:00:52'),(296,'null','sms',NULL,NULL,NULL,NULL,'2020-12-18 13:00:59'),(297,'{\"success\":[\"26\",\"1\"],\"fail\":[]}','email','A AgencaASA I sem energia, avaria no Quadro de transferencia, por favor verificar','1','Email enviada','','2020-12-18 13:01:06'),(298,'null','sms',NULL,NULL,NULL,NULL,'2020-12-18 13:01:06'),(299,'{\"success\":[\"26\",\"1\"],\"fail\":[]}','email','Na AgencaASA I gerador com nivel baixo de combustivel, por favor verificar','1','Email enviada','','2020-12-18 13:01:11'),(300,'null','sms',NULL,NULL,NULL,NULL,'2020-12-18 13:11:54'),(301,'{\"success\":[\"26\",\"1\"],\"fail\":[]}','email','Gerador Ag ASA I em avaria, por favor deslocar ao gerador para a devida identificacao da avaria','1','Email enviada','','2020-12-18 13:11:59'),(302,'null','sms',NULL,NULL,NULL,NULL,'2020-12-18 13:11:59'),(303,'{\"success\":[\"26\",\"1\"],\"fail\":[]}','email','A AgencaASA I sem energia, avaria no Quadro de transferencia, por favor verificar','1','Email enviada','','2020-12-18 13:12:05'),(304,'null','sms',NULL,NULL,NULL,NULL,'2020-12-18 13:12:05'),(305,'{\"success\":[\"26\",\"1\"],\"fail\":[]}','email','Na AgencaASA I gerador com nivel baixo de combustivel, por favor verificar','1','Email enviada','','2020-12-18 13:12:10'),(306,'null','sms',NULL,NULL,NULL,NULL,'2020-12-18 13:12:17'),(307,'{\"success\":[\"26\",\"1\"],\"fail\":[]}','email','A AgencaASA I sem energia, avaria no Quadro de transferencia, por favor verificar','1','Email enviada','','2020-12-18 13:12:24'),(308,'null','sms',NULL,NULL,NULL,NULL,'2020-12-18 13:21:25'),(309,'{\"success\":[\"26\",\"1\"],\"fail\":[]}','email','Gerador Ag ASA I em avaria, por favor deslocar ao gerador para a devida identificacao da avaria','1','Email enviada','','2020-12-18 13:21:31'),(310,'null','sms',NULL,NULL,NULL,NULL,'2020-12-18 13:21:31'),(311,'{\"success\":[\"26\",\"1\"],\"fail\":[]}','email','A AgencaASA I sem energia, avaria no Quadro de transferencia, por favor verificar','1','Email enviada','','2020-12-18 13:21:37'),(312,'null','sms',NULL,NULL,NULL,NULL,'2020-12-18 13:21:43'),(313,'{\"success\":[\"26\",\"1\"],\"fail\":[]}','email','A AgencaASA I sem energia, avaria no Quadro de transferencia, por favor verificar','1','Email enviada','','2020-12-18 13:21:49'),(314,'null','sms',NULL,NULL,NULL,NULL,'2020-12-18 13:22:22'),(315,'{\"success\":[\"26\",\"1\"],\"fail\":[]}','email','Gerador Ag ASA I em avaria, por favor deslocar ao gerador para a devida identificacao da avaria','1','Email enviada','','2020-12-18 13:22:28'),(316,'null','sms',NULL,NULL,NULL,NULL,'2020-12-18 13:22:28'),(317,'{\"success\":[\"26\",\"1\"],\"fail\":[]}','email','A AgencaASA I sem energia, avaria no Quadro de transferencia, por favor verificar','1','Email enviada','','2020-12-18 13:22:33'),(318,'null','sms',NULL,NULL,NULL,NULL,'2020-12-18 13:22:39'),(319,'{\"success\":[\"26\",\"1\"],\"fail\":[]}','email','A AgencaASA I sem energia, avaria no Quadro de transferencia, por favor verificar','1','Email enviada','','2020-12-18 13:22:45'),(320,'null','sms',NULL,NULL,NULL,NULL,'2020-12-18 13:23:37'),(321,'{\"success\":[\"26\",\"1\"],\"fail\":[]}','email','Gerador Ag ASA I em avaria, por favor deslocar ao gerador para a devida identificacao da avaria','1','Email enviada','','2020-12-18 13:23:42'),(322,'null','sms',NULL,NULL,NULL,NULL,'2020-12-18 13:23:42'),(323,'{\"success\":[\"26\",\"1\"],\"fail\":[]}','email','A AgencaASA I sem energia, avaria no Quadro de transferencia, por favor verificar','1','Email enviada','','2020-12-18 13:23:48'),(324,'null','sms',NULL,NULL,NULL,NULL,'2020-12-18 13:23:54'),(325,'{\"success\":[\"26\",\"1\"],\"fail\":[]}','email','A AgencaASA I sem energia, avaria no Quadro de transferencia, por favor verificar','1','Email enviada','','2020-12-18 13:24:00'),(326,'null','sms',NULL,NULL,NULL,NULL,'2020-12-18 13:26:49'),(327,'{\"success\":[\"26\",\"1\"],\"fail\":[]}','email','A AgencaASA I sem energia, avaria no Quadro de transferencia, por favor verificar','1','Email enviada','','2020-12-18 13:26:55'),(328,'null','sms',NULL,NULL,NULL,NULL,'2020-12-18 13:26:55'),(329,'{\"success\":[\"26\",\"1\"],\"fail\":[]}','email','Na AgencaASA I gerador com nivel baixo de combustivel, por favor verificar','1','Email enviada','','2020-12-18 13:27:00'),(330,'null','sms',NULL,NULL,NULL,NULL,'2020-12-18 13:27:09'),(331,'{\"success\":[\"26\",\"1\"],\"fail\":[]}','email','A AgencaASA I sem energia, avaria no Quadro de transferencia, por favor verificar','1','Email enviada','','2020-12-18 13:27:15'),(332,'null','sms',NULL,NULL,NULL,NULL,'2020-12-18 13:30:05'),(333,'{\"success\":[\"26\",\"1\"],\"fail\":[]}','email','Gerador Ag ASA I em avaria, por favor deslocar ao gerador para a devida identificacao da avaria','1','Email enviada','','2020-12-18 13:30:12'),(334,'null','sms',NULL,NULL,NULL,NULL,'2020-12-18 13:30:44'),(335,'{\"success\":[\"26\",\"1\"],\"fail\":[]}','email','A AgencaASA I sem energia, avaria no Quadro de transferencia, por favor verificar','1','Email enviada','','2020-12-18 13:30:50'),(336,'null','sms',NULL,NULL,NULL,NULL,'2020-12-18 13:31:19'),(337,'{\"success\":[\"26\",\"1\"],\"fail\":[]}','email','A AgencaASA I sem energia, avaria no Quadro de transferencia, por favor verificar','1','Email enviada','','2020-12-18 13:31:26'),(338,'null','sms',NULL,NULL,NULL,NULL,'2020-12-18 13:32:35'),(339,'{\"success\":[\"26\",\"1\"],\"fail\":[]}','email','A AgencaASA I sem energia, avaria no Quadro de transferencia, por favor verificar','1','Email enviada','','2020-12-18 13:32:40'),(340,'null','sms',NULL,NULL,NULL,NULL,'2020-12-18 13:32:40'),(341,'{\"success\":[\"26\",\"1\"],\"fail\":[]}','email','Na AgencaASA I gerador com nivel baixo de combustivel, por favor verificar','1','Email enviada','','2020-12-18 13:32:46'),(342,'null','sms',NULL,NULL,NULL,NULL,'2020-12-18 13:32:52'),(343,'{\"success\":[\"26\",\"1\"],\"fail\":[]}','email','A AgencaASA I sem energia, avaria no Quadro de transferencia, por favor verificar','1','Email enviada','','2020-12-18 13:32:58'),(344,'null','sms',NULL,NULL,NULL,NULL,'2020-12-18 13:33:13'),(345,'{\"success\":[\"26\",\"1\"],\"fail\":[]}','email','A AgencaASA I sem energia, avaria no Quadro de transferencia, por favor verificar','1','Email enviada','','2020-12-18 13:33:19'),(346,'null','sms',NULL,NULL,NULL,NULL,'2020-12-18 13:33:19'),(347,'{\"success\":[\"26\",\"1\"],\"fail\":[]}','email','Na AgencaASA I gerador com nivel baixo de combustivel, por favor verificar','1','Email enviada','','2020-12-18 13:33:24'),(348,'null','sms',NULL,NULL,NULL,NULL,'2020-12-18 13:34:15'),(349,'{\"success\":[\"26\",\"1\"],\"fail\":[]}','email','A AgencaASA I sem energia, avaria no Quadro de transferencia, por favor verificar','1','Email enviada','','2020-12-18 13:34:20'),(350,'null','sms',NULL,NULL,NULL,NULL,'2020-12-18 13:34:27'),(351,'{\"success\":[\"26\",\"1\"],\"fail\":[]}','email','A AgencaASA I sem energia, avaria no Quadro de transferencia, por favor verificar','1','Email enviada','','2020-12-18 13:34:32'),(352,'null','sms',NULL,NULL,NULL,NULL,'2020-12-18 13:34:32'),(353,'{\"success\":[\"26\",\"1\"],\"fail\":[]}','email','Na AgencaASA I gerador com nivel baixo de combustivel, por favor verificar','1','Email enviada','','2020-12-18 13:34:37'),(354,'null','sms',NULL,NULL,NULL,NULL,'2020-12-18 13:34:44'),(355,'{\"success\":[\"26\",\"1\"],\"fail\":[]}','email','A AgencaASA I sem energia, avaria no Quadro de transferencia, por favor verificar','1','Email enviada','','2020-12-18 13:34:50'),(356,'null','sms',NULL,NULL,NULL,NULL,'2020-12-18 13:34:57'),(357,'{\"success\":[\"26\",\"1\"],\"fail\":[]}','email','A AgencaASA I sem energia, avaria no Quadro de transferencia, por favor verificar','1','Email enviada','','2020-12-18 13:35:02'),(358,'null','sms',NULL,NULL,NULL,NULL,'2020-12-18 13:35:02'),(359,'{\"success\":[\"26\",\"1\"],\"fail\":[]}','email','Na AgencaASA I gerador com nivel baixo de combustivel, por favor verificar','1','Email enviada','','2020-12-18 13:35:08'),(360,'null','sms',NULL,NULL,NULL,NULL,'2020-12-18 13:36:33'),(361,'{\"success\":[\"26\",\"1\"],\"fail\":[]}','email','Gerador Ag ASA I em avaria, por favor deslocar ao gerador para a devida identificacao da avaria','1','Email enviada','','2020-12-18 13:36:38'),(362,'null','sms',NULL,NULL,NULL,NULL,'2020-12-18 13:36:38'),(363,'{\"success\":[\"26\",\"1\"],\"fail\":[]}','email','A AgencaASA I sem energia, avaria no Quadro de transferencia, por favor verificar','1','Email enviada','','2020-12-18 13:36:44'),(364,'null','sms',NULL,NULL,NULL,NULL,'2020-12-18 13:36:44'),(365,'{\"success\":[\"26\",\"1\"],\"fail\":[]}','email','Na AgencaASA I gerador com nivel baixo de combustivel, por favor verificar','1','Email enviada','','2020-12-18 13:36:49'),(366,'null','sms',NULL,NULL,NULL,NULL,'2020-12-18 13:36:55'),(367,'{\"success\":[\"26\",\"1\"],\"fail\":[]}','email','A AgencaASA I sem energia, avaria no Quadro de transferencia, por favor verificar','1','Email enviada','','2020-12-18 13:37:01'),(368,'null','sms',NULL,NULL,NULL,NULL,'2020-12-18 13:37:01'),(369,'{\"success\":[\"26\",\"1\"],\"fail\":[]}','email','Na AgencaASA I gerador com nivel baixo de combustivel, por favor verificar','1','Email enviada','','2020-12-18 13:37:06'),(370,'null','sms',NULL,NULL,NULL,NULL,'2020-12-18 13:38:03'),(371,'{\"success\":[\"26\",\"1\"],\"fail\":[]}','email','A AgencaASA I sem energia, avaria no Quadro de transferencia, por favor verificar','1','Email enviada','','2020-12-18 13:38:09'),(372,'null','sms',NULL,NULL,NULL,NULL,'2020-12-18 13:38:09'),(373,'{\"success\":[\"26\",\"1\"],\"fail\":[]}','email','Na AgencaASA I gerador com nivel baixo de combustivel, por favor verificar','1','Email enviada','','2020-12-18 13:38:15'),(374,'null','sms',NULL,NULL,NULL,NULL,'2020-12-18 13:38:21'),(375,'{\"success\":[\"26\",\"1\"],\"fail\":[]}','email','A AgencaASA I sem energia, avaria no Quadro de transferencia, por favor verificar','1','Email enviada','','2020-12-18 13:38:27'),(376,'null','sms',NULL,NULL,NULL,NULL,'2020-12-18 13:38:27'),(377,'{\"success\":[\"26\",\"1\"],\"fail\":[]}','email','Na AgencaASA I gerador com nivel baixo de combustivel, por favor verificar','1','Email enviada','','2020-12-18 13:38:32'),(378,'null','sms',NULL,NULL,NULL,NULL,'2020-12-18 13:38:39'),(379,'{\"success\":[\"26\",\"1\"],\"fail\":[]}','email','A AgencaASA I sem energia, avaria no Quadro de transferencia, por favor verificar','1','Email enviada','','2020-12-18 13:38:44'),(380,'null','sms',NULL,NULL,NULL,NULL,'2020-12-18 13:39:54'),(381,'{\"success\":[\"26\",\"1\"],\"fail\":[]}','email','A AgencaASA I sem energia, avaria no Quadro de transferencia, por favor verificar','1','Email enviada','','2020-12-18 13:40:00'),(382,'null','sms',NULL,NULL,NULL,NULL,'2020-12-18 13:40:00'),(383,'{\"success\":[\"26\",\"1\"],\"fail\":[]}','email','Na AgencaASA I gerador com nivel baixo de combustivel, por favor verificar','1','Email enviada','','2020-12-18 13:40:06'),(384,'null','sms',NULL,NULL,NULL,NULL,'2020-12-18 13:40:20'),(385,'{\"success\":[\"26\",\"1\"],\"fail\":[]}','email','Na AgencaASA I gerador com nivel baixo de combustivel, por favor verificar','1','Email enviada','','2020-12-18 13:40:37'),(386,'null','sms',NULL,NULL,NULL,NULL,'2020-12-18 13:41:19'),(387,'{\"success\":[\"26\",\"1\"],\"fail\":[]}','email','A AgencaASA I sem energia, avaria no Quadro de transferencia, por favor verificar','1','Email enviada','','2020-12-18 13:41:24'),(388,'null','sms',NULL,NULL,NULL,NULL,'2020-12-18 13:41:24'),(389,'{\"success\":[\"26\",\"1\"],\"fail\":[]}','email','Na AgencaASA I gerador com nivel baixo de combustivel, por favor verificar','1','Email enviada','','2020-12-18 13:41:29'),(390,'null','sms',NULL,NULL,NULL,NULL,'2020-12-18 13:41:36'),(391,'{\"success\":[\"26\",\"1\"],\"fail\":[]}','email','Na AgencaASA I gerador com nivel baixo de combustivel, por favor verificar','1','Email enviada','','2020-12-18 13:41:41'),(392,'null','sms',NULL,NULL,NULL,NULL,'2020-12-18 13:43:12'),(393,'{\"success\":[\"26\",\"1\"],\"fail\":[]}','email','Gerador Ag ASA I em avaria, por favor deslocar ao gerador para a devida identificacao da avaria','1','Email enviada','','2020-12-18 13:43:18'),(394,'null','sms',NULL,NULL,NULL,NULL,'2020-12-18 13:43:19'),(395,'{\"success\":[\"26\",\"1\"],\"fail\":[]}','email','Na AgencaASA I gerador com nivel baixo de combustivel, por favor verificar','1','Email enviada','','2020-12-18 13:43:24'),(396,'null','sms',NULL,NULL,NULL,NULL,'2020-12-18 13:43:31'),(397,'{\"success\":[\"26\",\"1\"],\"fail\":[]}','email','Na AgencaASA I gerador com nivel baixo de combustivel, por favor verificar','1','Email enviada','','2020-12-18 13:43:37'),(398,'null','sms',NULL,NULL,NULL,NULL,'2020-12-18 13:45:50'),(399,'{\"success\":[\"26\",\"1\"],\"fail\":[]}','email','Gerador Ag ASA I em avaria, por favor deslocar ao gerador para a devida identificacao da avaria','1','Email enviada','','2020-12-18 13:45:56'),(400,'null','sms',NULL,NULL,NULL,NULL,'2020-12-18 13:45:56'),(401,'{\"success\":[\"26\",\"1\"],\"fail\":[]}','email','Na AgencaASA I gerador com nivel baixo de combustivel, por favor verificar','1','Email enviada','','2020-12-18 13:46:01'),(402,'null','sms',NULL,NULL,NULL,NULL,'2020-12-18 13:46:08'),(403,'{\"success\":[\"26\",\"1\"],\"fail\":[]}','email','Na AgencaASA I gerador com nivel baixo de combustivel, por favor verificar','1','Email enviada','','2020-12-18 13:46:14'),(404,'null','sms',NULL,NULL,NULL,NULL,'2020-12-18 13:46:32'),(405,'{\"success\":[\"26\",\"1\"],\"fail\":[]}','email','A AgencaASA I sem energia, avaria no Quadro de transferencia, por favor verificar','1','Email enviada','','2020-12-18 13:46:38'),(406,'null','sms',NULL,NULL,NULL,NULL,'2020-12-18 13:47:13'),(407,'{\"success\":[\"26\",\"1\"],\"fail\":[]}','email','A AgencaASA I sem energia, avaria no Quadro de transferencia, por favor verificar','1','Email enviada','','2020-12-18 13:47:19'),(408,'null','sms',NULL,NULL,NULL,NULL,'2020-12-18 13:48:23'),(409,'{\"success\":[\"26\",\"1\"],\"fail\":[]}','email','Gerador Ag ASA I em avaria, por favor deslocar ao gerador para a devida identificacao da avaria','1','Email enviada','','2020-12-18 13:48:28'),(410,'null','sms',NULL,NULL,NULL,NULL,'2020-12-18 13:49:40'),(411,'{\"success\":[\"26\",\"1\"],\"fail\":[]}','email','A AgencaASA I sem energia, avaria no Quadro de transferencia, por favor verificar','1','Email enviada','','2020-12-18 13:49:46'),(412,'null','sms',NULL,NULL,NULL,NULL,'2020-12-18 13:49:59'),(413,'{\"success\":[\"26\",\"1\"],\"fail\":[]}','email','Gerador Ag ASA I em avaria, por favor deslocar ao gerador para a devida identificacao da avaria','1','Email enviada','','2020-12-18 13:50:06'),(414,'null','sms',NULL,NULL,NULL,NULL,'2020-12-18 13:50:37'),(415,'{\"success\":[\"26\",\"1\"],\"fail\":[]}','email','A AgencaASA I sem energia, avaria no Quadro de transferencia, por favor verificar','1','Email enviada','','2020-12-18 13:50:42'),(416,'null','sms',NULL,NULL,NULL,NULL,'2020-12-18 13:53:24'),(417,'{\"success\":[\"26\",\"1\"],\"fail\":[]}','email','Gerador Ag ASA I em avaria, por favor deslocar ao gerador para a devida identificacao da avaria','1','Email enviada','','2020-12-18 13:53:38'),(418,'null','sms',NULL,NULL,NULL,NULL,'2020-12-18 13:56:05'),(419,'{\"success\":[\"26\",\"1\"],\"fail\":[]}','email','A AgencaASA I sem energia, avaria no Quadro de transferencia, por favor verificar','1','Email enviada','','2020-12-18 13:56:11'),(420,'null','sms',NULL,NULL,NULL,NULL,'2020-12-18 13:57:28'),(421,'{\"success\":[\"26\",\"1\"],\"fail\":[]}','email','Na AgencaASA I gerador com nivel baixo de combustivel, por favor verificar','1','Email enviada','','2020-12-18 13:57:33'),(422,'null','sms',NULL,NULL,NULL,NULL,'2020-12-18 13:59:34'),(423,'{\"success\":[\"26\",\"1\"],\"fail\":[]}','email','Na AgencaASA I gerador com nivel baixo de combustivel, por favor verificar','1','Email enviada','','2020-12-18 13:59:39'),(424,'null','sms',NULL,NULL,NULL,NULL,'2020-12-18 14:01:27'),(425,'{\"success\":[\"26\",\"1\"],\"fail\":[]}','email','Gerador Ag ASA I em avaria, por favor deslocar ao gerador para a devida identificacao da avaria','1','Email enviada','','2020-12-18 14:01:33'),(426,'null','sms',NULL,NULL,NULL,NULL,'2020-12-18 14:05:20'),(427,'{\"success\":[\"26\",\"1\"],\"fail\":[]}','email','A AgencaASA I sem energia, avaria no Quadro de transferencia, por favor verificar','1','Email enviada','','2020-12-18 14:05:28'),(428,'null','sms',NULL,NULL,NULL,NULL,'2020-12-18 14:06:03'),(429,'{\"success\":[\"26\",\"1\"],\"fail\":[]}','email','Na AgencaASA I gerador com nivel baixo de combustivel, por favor verificar','1','Email enviada','','2020-12-18 14:06:08'),(430,'null','sms',NULL,NULL,NULL,NULL,'2020-12-18 14:07:55'),(431,'{\"success\":[\"26\",\"1\"],\"fail\":[]}','email','A AgencaASA I sem energia, avaria no Quadro de transferencia, por favor verificar','1','Email enviada','','2020-12-18 14:08:00'),(432,'null','sms',NULL,NULL,NULL,NULL,'2020-12-18 14:08:00'),(433,'{\"success\":[\"26\",\"1\"],\"fail\":[]}','email','Na AgencaASA I gerador LIGADO, por favor verificar','1','Email enviada','','2020-12-18 14:08:06'),(434,'null','sms',NULL,NULL,NULL,NULL,'2020-12-18 14:08:06'),(435,'{\"success\":[\"26\",\"1\"],\"fail\":[]}','email','Na AgencaASA I gerador com nivel baixo de combustivel, por favor verificar','1','Email enviada','','2020-12-18 14:08:11'),(436,'null','sms',NULL,NULL,NULL,NULL,'2020-12-18 14:08:18'),(437,'{\"success\":[\"26\",\"1\"],\"fail\":[]}','email','Na AgencaASA I gerador DESLIGADO, por favor verificar','1','Email enviada','','2020-12-18 14:08:23'),(438,'null','sms',NULL,NULL,NULL,NULL,'2020-12-18 14:08:23'),(439,'{\"success\":[\"26\",\"1\"],\"fail\":[]}','email','Na AgencaASA I gerador com nivel baixo de combustivel, por favor verificar','1','Email enviada','','2020-12-18 14:08:30'),(440,'null','sms',NULL,NULL,NULL,NULL,'2020-12-18 14:08:55'),(441,'{\"success\":[\"26\",\"1\"],\"fail\":[]}','email','A AgencaASA I sem energia, avaria no Quadro de transferencia, por favor verificar','1','Email enviada','','2020-12-18 14:09:01'),(442,'null','sms',NULL,NULL,NULL,NULL,'2020-12-18 14:09:01'),(443,'{\"success\":[\"26\",\"1\"],\"fail\":[]}','email','Na AgencaASA I gerador LIGADO, por favor verificar','1','Email enviada','','2020-12-18 14:09:06'),(444,'null','sms',NULL,NULL,NULL,NULL,'2020-12-18 14:09:06'),(445,'{\"success\":[\"26\",\"1\"],\"fail\":[]}','email','Na AgencaASA I gerador com nivel baixo de combustivel, por favor verificar','1','Email enviada','','2020-12-18 14:09:17'),(446,'null','sms',NULL,NULL,NULL,NULL,'2020-12-18 14:09:23'),(447,'{\"success\":[\"26\",\"1\"],\"fail\":[]}','email','Na AgencaASA I gerador DESLIGADO, por favor verificar','1','Email enviada','','2020-12-18 14:09:30'),(448,'null','sms',NULL,NULL,NULL,NULL,'2020-12-18 14:09:30'),(449,'{\"success\":[\"26\",\"1\"],\"fail\":[]}','email','Na AgencaASA I gerador com nivel baixo de combustivel, por favor verificar','1','Email enviada','','2020-12-18 14:09:35'),(450,'null','sms',NULL,NULL,NULL,NULL,'2020-12-18 14:13:32'),(451,'{\"success\":[\"26\",\"1\"],\"fail\":[]}','email','Na AgencaASA I gerador DESLIGADO, por favor verificar','1','Email enviada','','2020-12-18 14:13:37'),(452,'null','sms',NULL,NULL,NULL,NULL,'2020-12-18 14:13:38'),(453,'{\"success\":[\"26\",\"1\"],\"fail\":[]}','email','Na AgencaASA I gerador com nivel baixo de combustivel, por favor verificar','1','Email enviada','','2020-12-18 14:13:43'),(454,'null','sms',NULL,NULL,NULL,NULL,'2020-12-18 14:13:49'),(455,'{\"success\":[\"26\",\"1\"],\"fail\":[]}','email','A AgencaASA I sem energia, avaria no Quadro de transferencia, por favor verificar','1','Email enviada','','2020-12-18 14:13:55'),(456,'null','sms',NULL,NULL,NULL,NULL,'2020-12-18 14:13:55'),(457,'{\"success\":[\"26\",\"1\"],\"fail\":[]}','email','Na AgencaASA I gerador LIGADO, por favor verificar','1','Email enviada','','2020-12-18 14:14:00'),(458,'null','sms',NULL,NULL,NULL,NULL,'2020-12-18 14:14:00'),(459,'{\"success\":[\"26\",\"1\"],\"fail\":[]}','email','Na AgencaASA I gerador com nivel baixo de combustivel, por favor verificar','1','Email enviada','','2020-12-18 14:14:06'),(460,'null','sms',NULL,NULL,NULL,NULL,'2020-12-18 14:14:12'),(461,'{\"success\":[\"26\",\"1\"],\"fail\":[]}','email','Na AgencaASA I gerador DESLIGADO, por favor verificar','1','Email enviada','','2020-12-18 14:14:18'),(462,'null','sms',NULL,NULL,NULL,NULL,'2020-12-18 14:14:18'),(463,'{\"success\":[\"26\",\"1\"],\"fail\":[]}','email','Na AgencaASA I gerador com nivel baixo de combustivel, por favor verificar','1','Email enviada','','2020-12-18 14:14:23'),(464,'null','sms',NULL,NULL,NULL,NULL,'2020-12-18 14:14:30'),(465,'{\"success\":[\"26\",\"1\"],\"fail\":[]}','email','A AgencaASA I sem energia, avaria no Quadro de transferencia, por favor verificar','1','Email enviada','','2020-12-18 14:14:35'),(466,'null','sms',NULL,NULL,NULL,NULL,'2020-12-18 14:14:35'),(467,'{\"success\":[\"26\",\"1\"],\"fail\":[]}','email','Na AgencaASA I gerador LIGADO, por favor verificar','1','Email enviada','','2020-12-18 14:14:42'),(468,'null','sms',NULL,NULL,NULL,NULL,'2020-12-18 14:14:42'),(469,'{\"success\":[\"26\",\"1\"],\"fail\":[]}','email','Na AgencaASA I gerador com nivel baixo de combustivel, por favor verificar','1','Email enviada','','2020-12-18 14:14:47'),(470,'null','sms',NULL,NULL,NULL,NULL,'2020-12-18 14:14:54'),(471,'{\"success\":[\"26\",\"1\"],\"fail\":[]}','email','Na AgencaASA I gerador DESLIGADO, por favor verificar','1','Email enviada','','2020-12-18 14:14:59'),(472,'null','sms',NULL,NULL,NULL,NULL,'2020-12-18 14:15:00'),(473,'{\"success\":[\"26\",\"1\"],\"fail\":[]}','email','Na AgencaASA I gerador com nivel baixo de combustivel, por favor verificar','1','Email enviada','','2020-12-18 14:15:05'),(474,'null','sms',NULL,NULL,NULL,NULL,'2020-12-18 14:16:28'),(475,'{\"success\":[\"26\",\"1\"],\"fail\":[]}','email','Na AgencaASA I gerador DESLIGADO, por favor verificar','1','Email enviada','','2020-12-18 14:16:33'),(476,'null','sms',NULL,NULL,NULL,NULL,'2020-12-18 14:16:40'),(477,'{\"success\":[\"26\",\"1\"],\"fail\":[]}','email','A AgencaASA I sem energia, avaria no Quadro de transferencia, por favor verificar','1','Email enviada','','2020-12-18 14:16:45'),(478,'null','sms',NULL,NULL,NULL,NULL,'2020-12-18 14:16:45'),(479,'{\"success\":[\"26\",\"1\"],\"fail\":[]}','email','Na AgencaASA I gerador LIGADO, por favor verificar','1','Email enviada','','2020-12-18 14:16:51'),(480,'null','sms',NULL,NULL,NULL,NULL,'2020-12-18 14:16:57'),(481,'{\"success\":[\"26\",\"1\"],\"fail\":[]}','email','Na AgencaASA I gerador DESLIGADO, por favor verificar','1','Email enviada','','2020-12-18 14:17:02'),(482,'null','sms',NULL,NULL,NULL,NULL,'2020-12-18 14:23:04'),(483,'{\"success\":[\"26\",\"1\"],\"fail\":[]}','email','Na AgencaASA I gerador DESLIGADO, por favor verificar','1','Email enviada','','2020-12-18 14:23:09'),(484,'null','sms',NULL,NULL,NULL,NULL,'2020-12-18 14:23:09'),(485,'{\"success\":[\"26\",\"1\"],\"fail\":[]}','email','Na AgencaASA I gerador com nivel baixo de combustivel, por favor verificar','1','Email enviada','','2020-12-18 14:23:15'),(486,'null','sms',NULL,NULL,NULL,NULL,'2020-12-18 14:23:36'),(487,'{\"success\":[\"26\",\"1\"],\"fail\":[]}','email','Gerador Ag ASA I em avaria, por favor deslocar ao gerador para a devida identificacao da avaria','1','Email enviada','','2020-12-18 14:23:41'),(488,'null','sms',NULL,NULL,NULL,NULL,'2020-12-18 14:23:41'),(489,'{\"success\":[\"26\",\"1\"],\"fail\":[]}','email','Na AgencaASA I gerador DESLIGADO, por favor verificar','1','Email enviada','','2020-12-18 14:23:47'),(490,'null','sms',NULL,NULL,NULL,NULL,'2020-12-18 14:23:47'),(491,'{\"success\":[\"26\",\"1\"],\"fail\":[]}','email','Na AgencaASA I gerador com nivel baixo de combustivel, por favor verificar','1','Email enviada','','2020-12-18 14:23:52'),(492,'null','sms',NULL,NULL,NULL,NULL,'2020-12-18 14:23:59'),(493,'{\"success\":[\"26\",\"1\"],\"fail\":[]}','email','Na AgencaASA I gerador DESLIGADO, por favor verificar','1','Email enviada','','2020-12-18 14:24:05'),(494,'null','sms',NULL,NULL,NULL,NULL,'2020-12-18 14:24:05'),(495,'{\"success\":[\"26\",\"1\"],\"fail\":[]}','email','Na AgencaASA I gerador com nivel baixo de combustivel, por favor verificar','1','Email enviada','','2020-12-18 14:24:10'),(496,'null','sms',NULL,NULL,NULL,NULL,'2020-12-18 14:24:17'),(497,'{\"success\":[\"26\",\"1\"],\"fail\":[]}','email','Na AgencaASA I gerador DESLIGADO, por favor verificar','1','Email enviada','','2020-12-18 14:24:23'),(498,'null','sms',NULL,NULL,NULL,NULL,'2020-12-18 14:24:29'),(499,'{\"success\":[\"26\",\"1\"],\"fail\":[]}','email','A AgencaASA I sem energia, avaria no Quadro de transferencia, por favor verificar','1','Email enviada','','2020-12-18 14:24:35'),(500,'null','sms',NULL,NULL,NULL,NULL,'2020-12-18 14:24:35'),(501,'{\"success\":[\"26\",\"1\"],\"fail\":[]}','email','Na AgencaASA I gerador LIGADO, por favor verificar','1','Email enviada','','2020-12-18 14:24:40'),(502,'null','sms',NULL,NULL,NULL,NULL,'2020-12-18 14:24:47'),(503,'{\"success\":[\"26\",\"1\"],\"fail\":[]}','email','Na AgencaASA I gerador DESLIGADO, por favor verificar','1','Email enviada','','2020-12-18 14:24:53'),(504,'null','sms',NULL,NULL,NULL,NULL,'2020-12-18 14:25:02'),(505,'{\"success\":[\"26\",\"1\"],\"fail\":[]}','email','Na AgencaASA I gerador DESLIGADO, por favor verificar','1','Email enviada','','2020-12-18 14:25:07'),(506,'null','sms',NULL,NULL,NULL,NULL,'2020-12-18 14:25:07'),(507,'{\"success\":[\"26\",\"1\"],\"fail\":[]}','email','Na AgencaASA I gerador com nivel baixo de combustivel, por favor verificar','1','Email enviada','','2020-12-18 14:25:12'),(508,'null','sms',NULL,NULL,NULL,NULL,'2020-12-18 14:25:20'),(509,'{\"success\":[\"26\",\"1\"],\"fail\":[]}','email','Na AgencaASA I gerador DESLIGADO, por favor verificar','1','Email enviada','','2020-12-18 14:25:25'),(510,'null','sms',NULL,NULL,NULL,NULL,'2020-12-18 14:25:33'),(511,'{\"success\":[\"26\",\"1\"],\"fail\":[]}','email','Na AgencaASA I gerador DESLIGADO, por favor verificar','1','Email enviada','','2020-12-18 14:25:40'),(512,'null','sms',NULL,NULL,NULL,NULL,'2020-12-18 14:25:40'),(513,'{\"success\":[\"26\",\"1\"],\"fail\":[]}','email','Na AgencaASA I gerador com nivel baixo de combustivel, por favor verificar','1','Email enviada','','2020-12-18 14:25:45'),(514,'null','sms',NULL,NULL,NULL,NULL,'2020-12-18 14:25:54'),(515,'{\"success\":[\"26\",\"1\"],\"fail\":[]}','email','Na AgencaASA I gerador DESLIGADO, por favor verificar','1','Email enviada','','2020-12-18 14:25:59'),(516,'null','sms',NULL,NULL,NULL,NULL,'2020-12-18 14:26:06'),(517,'{\"success\":[\"26\",\"1\"],\"fail\":[]}','email','A AgencaASA I sem energia, avaria no Quadro de transferencia, por favor verificar','1','Email enviada','','2020-12-18 14:26:11'),(518,'null','sms',NULL,NULL,NULL,NULL,'2020-12-18 14:26:11'),(519,'{\"success\":[\"26\",\"1\"],\"fail\":[]}','email','Na AgencaASA I gerador LIGADO, por favor verificar','1','Email enviada','','2020-12-18 14:26:17'),(520,'null','sms',NULL,NULL,NULL,NULL,'2020-12-18 14:26:24'),(521,'{\"success\":[\"26\",\"1\"],\"fail\":[]}','email','Na AgencaASA I gerador DESLIGADO, por favor verificar','1','Email enviada','','2020-12-18 14:26:29'),(522,'null','sms',NULL,NULL,NULL,NULL,'2020-12-18 14:26:36'),(523,'{\"success\":[\"26\",\"1\"],\"fail\":[]}','email','Na AgencaASA I gerador DESLIGADO, por favor verificar','1','Email enviada','','2020-12-18 14:26:42'),(524,'null','sms',NULL,NULL,NULL,NULL,'2020-12-18 14:26:42'),(525,'{\"success\":[\"26\",\"1\"],\"fail\":[]}','email','Na AgencaASA I gerador com nivel baixo de combustivel, por favor verificar','1','Email enviada','','2020-12-18 14:26:49'),(526,'null','sms',NULL,NULL,NULL,NULL,'2020-12-18 14:26:56'),(527,'{\"success\":[\"26\",\"1\"],\"fail\":[]}','email','Na AgencaASA I gerador DESLIGADO, por favor verificar','1','Email enviada','','2020-12-18 14:27:01'),(528,'null','sms',NULL,NULL,NULL,NULL,'2020-12-18 14:27:09'),(529,'{\"success\":[\"26\",\"1\"],\"fail\":[]}','email','Na AgencaASA I gerador DESLIGADO, por favor verificar','1','Email enviada','','2020-12-18 14:27:15'),(530,'null','sms',NULL,NULL,NULL,NULL,'2020-12-18 14:27:15'),(531,'{\"success\":[\"26\",\"1\"],\"fail\":[]}','email','Na AgencaASA I gerador com nivel baixo de combustivel, por favor verificar','1','Email enviada','','2020-12-18 14:27:21'),(532,'null','sms',NULL,NULL,NULL,NULL,'2020-12-18 14:27:28'),(533,'{\"success\":[\"26\",\"1\"],\"fail\":[]}','email','Na AgencaASA I gerador DESLIGADO, por favor verificar','1','Email enviada','','2020-12-18 14:27:33'),(534,'null','sms',NULL,NULL,NULL,NULL,'2020-12-18 14:27:40'),(535,'{\"success\":[\"26\",\"1\"],\"fail\":[]}','email','Na AgencaASA I gerador DESLIGADO, por favor verificar','1','Email enviada','','2020-12-18 14:27:46'),(536,'null','sms',NULL,NULL,NULL,NULL,'2020-12-18 14:27:46'),(537,'{\"success\":[\"26\",\"1\"],\"fail\":[]}','email','Na AgencaASA I gerador com nivel baixo de combustivel, por favor verificar','1','Email enviada','','2020-12-18 14:27:51'),(538,'null','sms',NULL,NULL,NULL,NULL,'2020-12-18 14:27:58'),(539,'{\"success\":[\"26\",\"1\"],\"fail\":[]}','email','Na AgencaASA I gerador DESLIGADO, por favor verificar','1','Email enviada','','2020-12-18 14:28:04'),(540,'null','sms',NULL,NULL,NULL,NULL,'2020-12-18 14:28:11'),(541,'{\"success\":[\"26\",\"1\"],\"fail\":[]}','email','Na AgencaASA I gerador DESLIGADO, por favor verificar','1','Email enviada','','2020-12-18 14:28:16'),(542,'null','sms',NULL,NULL,NULL,NULL,'2020-12-18 14:28:16'),(543,'{\"success\":[\"26\",\"1\"],\"fail\":[]}','email','Na AgencaASA I gerador com nivel baixo de combustivel, por favor verificar','1','Email enviada','','2020-12-18 14:28:21'),(544,'null','sms',NULL,NULL,NULL,NULL,'2020-12-18 14:28:28'),(545,'{\"success\":[\"26\",\"1\"],\"fail\":[]}','email','A AgencaASA I sem energia, avaria no Quadro de transferencia, por favor verificar','1','Email enviada','','2020-12-18 14:28:34'),(546,'null','sms',NULL,NULL,NULL,NULL,'2020-12-18 14:28:34'),(547,'{\"success\":[\"26\",\"1\"],\"fail\":[]}','email','Na AgencaASA I gerador LIGADO, por favor verificar','1','Email enviada','','2020-12-18 14:28:39'),(548,'null','sms',NULL,NULL,NULL,NULL,'2020-12-18 14:28:39'),(549,'{\"success\":[\"26\",\"1\"],\"fail\":[]}','email','Na AgencaASA I gerador com nivel baixo de combustivel, por favor verificar','1','Email enviada','','2020-12-18 14:28:45'),(550,'null','sms',NULL,NULL,NULL,NULL,'2020-12-18 14:28:52'),(551,'{\"success\":[\"26\",\"1\"],\"fail\":[]}','email','Na AgencaASA I gerador DESLIGADO, por favor verificar','1','Email enviada','','2020-12-18 14:28:57'),(552,'null','sms',NULL,NULL,NULL,NULL,'2020-12-18 14:28:57'),(553,'{\"success\":[\"26\",\"1\"],\"fail\":[]}','email','Na AgencaASA I gerador com nivel baixo de combustivel, por favor verificar','1','Email enviada','','2020-12-18 14:29:03'),(554,'null','sms',NULL,NULL,NULL,NULL,'2020-12-18 14:29:11'),(555,'{\"success\":[\"26\",\"1\"],\"fail\":[]}','email','Na AgencaASA I gerador DESLIGADO, por favor verificar','1','Email enviada','','2020-12-18 14:29:16'),(556,'null','sms',NULL,NULL,NULL,NULL,'2020-12-18 14:29:24'),(557,'{\"success\":[\"26\",\"1\"],\"fail\":[]}','email','Na AgencaASA I gerador DESLIGADO, por favor verificar','1','Email enviada','','2020-12-18 14:29:29'),(558,'null','sms',NULL,NULL,NULL,NULL,'2020-12-18 14:29:29'),(559,'{\"success\":[\"26\",\"1\"],\"fail\":[]}','email','Na AgencaASA I gerador com nivel baixo de combustivel, por favor verificar','1','Email enviada','','2020-12-18 14:29:35'),(560,'null','sms',NULL,NULL,NULL,NULL,'2020-12-18 14:29:42'),(561,'{\"success\":[\"26\",\"1\"],\"fail\":[]}','email','A AgencaASA I sem energia, avaria no Quadro de transferencia, por favor verificar','1','Email enviada','','2020-12-18 14:29:47'),(562,'null','sms',NULL,NULL,NULL,NULL,'2020-12-18 14:29:47'),(563,'{\"success\":[\"26\",\"1\"],\"fail\":[]}','email','Na AgencaASA I gerador LIGADO, por favor verificar','1','Email enviada','','2020-12-18 14:29:53'),(564,'null','sms',NULL,NULL,NULL,NULL,'2020-12-18 14:30:00'),(565,'{\"success\":[\"26\",\"1\"],\"fail\":[]}','email','Na AgencaASA I gerador DESLIGADO, por favor verificar','1','Email enviada','','2020-12-18 14:30:05'),(566,'null','sms',NULL,NULL,NULL,NULL,'2020-12-18 14:30:12'),(567,'{\"success\":[\"26\",\"1\"],\"fail\":[]}','email','Na AgencaASA I gerador DESLIGADO, por favor verificar','1','Email enviada','','2020-12-18 14:30:18'),(568,'null','sms',NULL,NULL,NULL,NULL,'2020-12-18 14:30:18'),(569,'{\"success\":[\"26\",\"1\"],\"fail\":[]}','email','Na AgencaASA I gerador com nivel baixo de combustivel, por favor verificar','1','Email enviada','','2020-12-18 14:30:23'),(570,'null','sms',NULL,NULL,NULL,NULL,'2020-12-18 14:30:30'),(571,'{\"success\":[\"26\",\"1\"],\"fail\":[]}','email','Na AgencaASA I gerador DESLIGADO, por favor verificar','1','Email enviada','','2020-12-18 14:30:36'),(572,'null','sms',NULL,NULL,NULL,NULL,'2020-12-18 14:30:42'),(573,'{\"success\":[\"26\",\"1\"],\"fail\":[]}','email','Na AgencaASA I gerador DESLIGADO, por favor verificar','1','Email enviada','','2020-12-18 14:30:48'),(574,'null','sms',NULL,NULL,NULL,NULL,'2020-12-18 14:30:48'),(575,'{\"success\":[\"26\",\"1\"],\"fail\":[]}','email','Na AgencaASA I gerador com nivel baixo de combustivel, por favor verificar','1','Email enviada','','2020-12-18 14:30:54'),(576,'null','sms',NULL,NULL,NULL,NULL,'2020-12-18 14:31:00'),(577,'{\"success\":[\"26\",\"1\"],\"fail\":[]}','email','Na AgencaASA I gerador DESLIGADO, por favor verificar','1','Email enviada','','2020-12-18 14:31:06'),(578,'null','sms',NULL,NULL,NULL,NULL,'2020-12-18 14:31:19'),(579,'{\"success\":[\"26\",\"1\"],\"fail\":[]}','email','Na AgencaASA I gerador DESLIGADO, por favor verificar','1','Email enviada','','2020-12-18 14:31:26'),(580,'null','sms',NULL,NULL,NULL,NULL,'2020-12-18 14:31:26'),(581,'{\"success\":[\"26\",\"1\"],\"fail\":[]}','email','Na AgencaASA I gerador com nivel baixo de combustivel, por favor verificar','1','Email enviada','','2020-12-18 14:31:31'),(582,'null','sms',NULL,NULL,NULL,NULL,'2020-12-18 14:31:38'),(583,'{\"success\":[\"26\",\"1\"],\"fail\":[]}','email','Na AgencaASA I gerador DESLIGADO, por favor verificar','1','Email enviada','','2020-12-18 14:31:44'),(584,'null','sms',NULL,NULL,NULL,NULL,'2020-12-18 14:31:50'),(585,'{\"success\":[\"26\",\"1\"],\"fail\":[]}','email','A AgencaASA I sem energia, avaria no Quadro de transferencia, por favor verificar','1','Email enviada','','2020-12-18 14:31:56'),(586,'null','sms',NULL,NULL,NULL,NULL,'2020-12-18 14:31:56'),(587,'{\"success\":[\"26\",\"1\"],\"fail\":[]}','email','Na AgencaASA I gerador LIGADO, por favor verificar','1','Email enviada','','2020-12-18 14:32:01'),(588,'null','sms',NULL,NULL,NULL,NULL,'2020-12-18 14:32:02'),(589,'{\"success\":[\"26\",\"1\"],\"fail\":[]}','email','Na AgencaASA I gerador com nivel baixo de combustivel, por favor verificar','1','Email enviada','','2020-12-18 14:32:07'),(590,'null','sms',NULL,NULL,NULL,NULL,'2020-12-18 14:32:14'),(591,'{\"success\":[\"26\",\"1\"],\"fail\":[]}','email','Na AgencaASA I gerador DESLIGADO, por favor verificar','1','Email enviada','','2020-12-18 14:32:21'),(592,'null','sms',NULL,NULL,NULL,NULL,'2020-12-18 14:32:21'),(593,'{\"success\":[\"26\",\"1\"],\"fail\":[]}','email','Na AgencaASA I gerador com nivel baixo de combustivel, por favor verificar','1','Email enviada','','2020-12-18 14:32:26'),(594,'null','sms',NULL,NULL,NULL,NULL,'2020-12-18 14:32:33'),(595,'{\"success\":[\"26\",\"1\"],\"fail\":[]}','email','Na AgencaASA I gerador DESLIGADO, por favor verificar','1','Email enviada','','2020-12-18 14:32:38'),(596,'null','sms',NULL,NULL,NULL,NULL,'2020-12-18 14:32:46'),(597,'{\"success\":[\"26\",\"1\"],\"fail\":[]}','email','Na AgencaASA I gerador DESLIGADO, por favor verificar','1','Email enviada','','2020-12-18 14:32:51'),(598,'null','sms',NULL,NULL,NULL,NULL,'2020-12-18 14:32:51'),(599,'{\"success\":[\"26\",\"1\"],\"fail\":[]}','email','Na AgencaASA I gerador com nivel baixo de combustivel, por favor verificar','1','Email enviada','','2020-12-18 14:32:57'),(600,'null','sms',NULL,NULL,NULL,NULL,'2020-12-18 14:33:04'),(601,'{\"success\":[\"26\",\"1\"],\"fail\":[]}','email','Na AgencaASA I gerador DESLIGADO, por favor verificar','1','Email enviada','','2020-12-18 14:33:10'),(602,'null','sms',NULL,NULL,NULL,NULL,'2020-12-18 14:33:17'),(603,'{\"success\":[\"26\",\"1\"],\"fail\":[]}','email','A AgencaASA I sem energia, avaria no Quadro de transferencia, por favor verificar','1','Email enviada','','2020-12-18 14:33:22'),(604,'null','sms',NULL,NULL,NULL,NULL,'2020-12-18 14:33:22'),(605,'{\"success\":[\"26\",\"1\"],\"fail\":[]}','email','Na AgencaASA I gerador LIGADO, por favor verificar','1','Email enviada','','2020-12-18 14:33:29'),(606,'null','sms',NULL,NULL,NULL,NULL,'2020-12-18 14:33:29'),(607,'{\"success\":[\"26\",\"1\"],\"fail\":[]}','email','Na AgencaASA I gerador com nivel baixo de combustivel, por favor verificar','1','Email enviada','','2020-12-18 14:33:35'),(608,'null','sms',NULL,NULL,NULL,NULL,'2020-12-18 14:33:41'),(609,'{\"success\":[\"26\",\"1\"],\"fail\":[]}','email','A AgencaASA I sem energia, avaria no Quadro de transferencia, por favor verificar','1','Email enviada','','2020-12-18 14:33:47'),(610,'null','sms',NULL,NULL,NULL,NULL,'2020-12-18 14:33:47'),(611,'{\"success\":[\"26\",\"1\"],\"fail\":[]}','email','Na AgencaASA I gerador LIGADO, por favor verificar','1','Email enviada','','2020-12-18 14:33:52'),(612,'null','sms',NULL,NULL,NULL,NULL,'2020-12-18 14:33:59'),(613,'{\"success\":[\"26\",\"1\"],\"fail\":[]}','email','Na AgencaASA I gerador DESLIGADO, por favor verificar','1','Email enviada','','2020-12-18 14:34:04'),(614,'null','sms',NULL,NULL,NULL,NULL,'2020-12-18 14:34:11'),(615,'{\"success\":[\"26\",\"1\"],\"fail\":[]}','email','Na AgencaASA I gerador DESLIGADO, por favor verificar','1','Email enviada','','2020-12-18 14:34:17'),(616,'null','sms',NULL,NULL,NULL,NULL,'2020-12-18 14:34:17'),(617,'{\"success\":[\"26\",\"1\"],\"fail\":[]}','email','Na AgencaASA I gerador com nivel baixo de combustivel, por favor verificar','1','Email enviada','','2020-12-18 14:34:23'),(618,'null','sms',NULL,NULL,NULL,NULL,'2020-12-18 14:34:31'),(619,'{\"success\":[\"26\",\"1\"],\"fail\":[]}','email','Na AgencaASA I gerador DESLIGADO, por favor verificar','1','Email enviada','','2020-12-18 14:34:38'),(620,'null','sms',NULL,NULL,NULL,NULL,'2020-12-18 14:34:45'),(621,'{\"success\":[\"26\",\"1\"],\"fail\":[]}','email','Na AgencaASA I gerador DESLIGADO, por favor verificar','1','Email enviada','','2020-12-18 14:34:51'),(622,'null','sms',NULL,NULL,NULL,NULL,'2020-12-18 14:34:51'),(623,'{\"success\":[\"26\",\"1\"],\"fail\":[]}','email','Na AgencaASA I gerador com nivel baixo de combustivel, por favor verificar','1','Email enviada','','2020-12-18 14:34:57'),(624,'null','sms',NULL,NULL,NULL,NULL,'2020-12-18 14:35:04'),(625,'{\"success\":[\"26\",\"1\"],\"fail\":[]}','email','A AgencaASA I sem energia, avaria no Quadro de transferencia, por favor verificar','1','Email enviada','','2020-12-18 14:35:09'),(626,'null','sms',NULL,NULL,NULL,NULL,'2020-12-18 14:35:09'),(627,'{\"success\":[\"26\",\"1\"],\"fail\":[]}','email','Na AgencaASA I gerador LIGADO, por favor verificar','1','Email enviada','','2020-12-18 14:35:15'),(628,'null','sms',NULL,NULL,NULL,NULL,'2020-12-18 14:35:21'),(629,'{\"success\":[\"26\",\"1\"],\"fail\":[]}','email','Na AgencaASA I gerador DESLIGADO, por favor verificar','1','Email enviada','','2020-12-18 14:35:27'),(630,'null','sms',NULL,NULL,NULL,NULL,'2020-12-18 14:35:27'),(631,'{\"success\":[\"26\",\"1\"],\"fail\":[]}','email','Na AgencaASA I gerador com nivel baixo de combustivel, por favor verificar','1','Email enviada','','2020-12-18 14:35:32'),(632,'null','sms',NULL,NULL,NULL,NULL,'2020-12-18 14:35:41'),(633,'{\"success\":[\"26\",\"1\"],\"fail\":[]}','email','Na AgencaASA I gerador DESLIGADO, por favor verificar','1','Email enviada','','2020-12-18 14:35:48'),(634,'null','sms',NULL,NULL,NULL,NULL,'2020-12-18 14:35:55'),(635,'{\"success\":[\"26\",\"1\"],\"fail\":[]}','email','Na AgencaASA I gerador DESLIGADO, por favor verificar','1','Email enviada','','2020-12-18 14:36:00'),(636,'null','sms',NULL,NULL,NULL,NULL,'2020-12-18 14:36:00'),(637,'{\"success\":[\"26\",\"1\"],\"fail\":[]}','email','Na AgencaASA I gerador com nivel baixo de combustivel, por favor verificar','1','Email enviada','','2020-12-18 14:36:06'),(638,'null','sms',NULL,NULL,NULL,NULL,'2020-12-18 14:36:13'),(639,'{\"success\":[\"26\",\"1\"],\"fail\":[]}','email','Na AgencaASA I gerador DESLIGADO, por favor verificar','1','Email enviada','','2020-12-18 14:36:18'),(640,'null','sms',NULL,NULL,NULL,NULL,'2020-12-18 14:36:25'),(641,'{\"success\":[\"26\",\"1\"],\"fail\":[]}','email','A AgencaASA I sem energia, avaria no Quadro de transferencia, por favor verificar','1','Email enviada','','2020-12-18 14:36:30'),(642,'null','sms',NULL,NULL,NULL,NULL,'2020-12-18 14:36:30'),(643,'{\"success\":[\"26\",\"1\"],\"fail\":[]}','email','Na AgencaASA I gerador LIGADO, por favor verificar','1','Email enviada','','2020-12-18 14:36:36'),(644,'null','sms',NULL,NULL,NULL,NULL,'2020-12-18 14:36:36'),(645,'{\"success\":[\"26\",\"1\"],\"fail\":[]}','email','Na AgencaASA I gerador com nivel baixo de combustivel, por favor verificar','1','Email enviada','','2020-12-18 14:36:41'),(646,'null','sms',NULL,NULL,NULL,NULL,'2020-12-18 14:36:48'),(647,'{\"success\":[\"26\",\"1\"],\"fail\":[]}','email','Na AgencaASA I gerador DESLIGADO, por favor verificar','1','Email enviada','','2020-12-18 14:36:54'),(648,'null','sms',NULL,NULL,NULL,NULL,'2020-12-18 14:36:54'),(649,'{\"success\":[\"26\",\"1\"],\"fail\":[]}','email','Na AgencaASA I gerador com nivel baixo de combustivel, por favor verificar','1','Email enviada','','2020-12-18 14:36:59'),(650,'null','sms',NULL,NULL,NULL,NULL,'2020-12-18 14:37:06'),(651,'{\"success\":[\"26\",\"1\"],\"fail\":[]}','email','A AgencaASA I sem energia, avaria no Quadro de transferencia, por favor verificar','1','Email enviada','','2020-12-18 14:37:11'),(652,'null','sms',NULL,NULL,NULL,NULL,'2020-12-18 14:37:12'),(653,'{\"success\":[\"26\",\"1\"],\"fail\":[]}','email','Na AgencaASA I gerador DESLIGADO, por favor verificar','1','Email enviada','','2020-12-18 14:37:17'),(654,'null','sms',NULL,NULL,NULL,NULL,'2020-12-18 14:37:17'),(655,'{\"success\":[\"26\",\"1\"],\"fail\":[]}','email','Na AgencaASA I gerador com nivel baixo de combustivel, por favor verificar','1','Email enviada','','2020-12-18 14:37:22'),(656,'null','sms',NULL,NULL,NULL,NULL,'2020-12-18 14:37:29'),(657,'{\"success\":[\"26\",\"1\"],\"fail\":[]}','email','Na AgencaASA I gerador DESLIGADO, por favor verificar','1','Email enviada','','2020-12-18 14:37:35'),(658,'null','sms',NULL,NULL,NULL,NULL,'2020-12-18 14:37:35'),(659,'{\"success\":[\"26\",\"1\"],\"fail\":[]}','email','Na AgencaASA I gerador com nivel baixo de combustivel, por favor verificar','1','Email enviada','','2020-12-18 14:37:41'),(660,'null','sms',NULL,NULL,NULL,NULL,'2020-12-18 14:37:58'),(661,'{\"success\":[\"26\",\"1\"],\"fail\":[]}','email','Na AgencaASA I gerador DESLIGADO, por favor verificar','1','Email enviada','','2020-12-18 14:38:03'),(662,'null','sms',NULL,NULL,NULL,NULL,'2020-12-18 14:38:11'),(663,'{\"success\":[\"26\",\"1\"],\"fail\":[]}','email','Na AgencaASA I gerador DESLIGADO, por favor verificar','1','Email enviada','','2020-12-18 14:38:16'),(664,'null','sms',NULL,NULL,NULL,NULL,'2020-12-18 14:38:17'),(665,'{\"success\":[\"26\",\"1\"],\"fail\":[]}','email','Na AgencaASA I gerador com nivel baixo de combustivel, por favor verificar','1','Email enviada','','2020-12-18 14:38:22'),(666,'null','sms',NULL,NULL,NULL,NULL,'2020-12-18 14:38:29'),(667,'{\"success\":[\"26\",\"1\"],\"fail\":[]}','email','Na AgencaASA I gerador DESLIGADO, por favor verificar','1','Email enviada','','2020-12-18 14:38:34'),(668,'null','sms',NULL,NULL,NULL,NULL,'2020-12-18 14:38:41'),(669,'{\"success\":[\"26\",\"1\"],\"fail\":[]}','email','Na AgencaASA I gerador DESLIGADO, por favor verificar','1','Email enviada','','2020-12-18 14:38:47'),(670,'null','sms',NULL,NULL,NULL,NULL,'2020-12-18 14:38:47'),(671,'{\"success\":[\"26\",\"1\"],\"fail\":[]}','email','Na AgencaASA I gerador com nivel baixo de combustivel, por favor verificar','1','Email enviada','','2020-12-18 14:38:53'),(672,'null','sms',NULL,NULL,NULL,NULL,'2020-12-18 14:39:00'),(673,'{\"success\":[\"26\",\"1\"],\"fail\":[]}','email','Na AgencaASA I gerador DESLIGADO, por favor verificar','1','Email enviada','','2020-12-18 14:39:05'),(674,'null','sms',NULL,NULL,NULL,NULL,'2020-12-18 14:39:12'),(675,'{\"success\":[\"26\",\"1\"],\"fail\":[]}','email','Na AgencaASA I gerador DESLIGADO, por favor verificar','1','Email enviada','','2020-12-18 14:39:18'),(676,'null','sms',NULL,NULL,NULL,NULL,'2020-12-18 14:39:18'),(677,'{\"success\":[\"26\",\"1\"],\"fail\":[]}','email','Na AgencaASA I gerador com nivel baixo de combustivel, por favor verificar','1','Email enviada','','2020-12-18 14:39:23'),(678,'null','sms',NULL,NULL,NULL,NULL,'2020-12-18 14:39:31'),(679,'{\"success\":[\"26\",\"1\"],\"fail\":[]}','email','Na AgencaASA I gerador DESLIGADO, por favor verificar','1','Email enviada','','2020-12-18 14:39:37'),(680,'null','sms',NULL,NULL,NULL,NULL,'2020-12-18 14:39:44'),(681,'{\"success\":[\"26\",\"1\"],\"fail\":[]}','email','Na AgencaASA I gerador DESLIGADO, por favor verificar','1','Email enviada','','2020-12-18 14:39:49'),(682,'null','sms',NULL,NULL,NULL,NULL,'2020-12-18 14:39:49'),(683,'{\"success\":[\"26\",\"1\"],\"fail\":[]}','email','Na AgencaASA I gerador com nivel baixo de combustivel, por favor verificar','1','Email enviada','','2020-12-18 14:39:54'),(684,'null','sms',NULL,NULL,NULL,NULL,'2020-12-18 14:40:01'),(685,'{\"success\":[\"26\",\"1\"],\"fail\":[]}','email','Na AgencaASA I gerador DESLIGADO, por favor verificar','1','Email enviada','','2020-12-18 14:40:08'),(686,'null','sms',NULL,NULL,NULL,NULL,'2020-12-18 14:41:55'),(687,'{\"success\":[\"26\",\"1\"],\"fail\":[]}','email','Na AgencaASA I gerador DESLIGADO, por favor verificar','1','Email enviada','','2020-12-18 14:42:01'),(688,'null','sms',NULL,NULL,NULL,NULL,'2020-12-18 14:42:01'),(689,'{\"success\":[\"26\",\"1\"],\"fail\":[]}','email','Na AgencaASA I gerador com nivel baixo de combustivel, por favor verificar','1','Email enviada','','2020-12-18 14:42:06'),(690,'null','sms',NULL,NULL,NULL,NULL,'2020-12-18 14:42:13'),(691,'{\"success\":[\"26\",\"1\"],\"fail\":[]}','email','Na AgencaASA I gerador DESLIGADO, por favor verificar','1','Email enviada','','2020-12-18 14:42:20'),(692,'null','sms',NULL,NULL,NULL,NULL,'2020-12-18 14:42:20'),(693,'{\"success\":[\"26\",\"1\"],\"fail\":[]}','email','Na AgencaASA I gerador com nivel baixo de combustivel, por favor verificar','1','Email enviada','','2020-12-18 14:42:26'),(694,'null','sms',NULL,NULL,NULL,NULL,'2020-12-18 14:42:33'),(695,'{\"success\":[\"26\",\"1\"],\"fail\":[]}','email','Na AgencaASA I gerador DESLIGADO, por favor verificar','1','Email enviada','','2020-12-18 14:42:39'),(696,'null','sms',NULL,NULL,NULL,NULL,'2020-12-18 14:42:53'),(697,'{\"success\":[\"26\",\"1\"],\"fail\":[]}','email','Na AgencaASA I gerador DESLIGADO, por favor verificar','1','Email enviada','','2020-12-18 14:42:59'),(698,'null','sms',NULL,NULL,NULL,NULL,'2020-12-18 14:42:59'),(699,'{\"success\":[\"26\",\"1\"],\"fail\":[]}','email','Na AgencaASA I gerador com nivel baixo de combustivel, por favor verificar','1','Email enviada','','2020-12-18 14:43:04'),(700,'null','sms',NULL,NULL,NULL,NULL,'2020-12-18 14:43:11'),(701,'{\"success\":[\"26\",\"1\"],\"fail\":[]}','email','Na AgencaASA I gerador DESLIGADO, por favor verificar','1','Email enviada','','2020-12-18 14:43:17'),(702,'null','sms',NULL,NULL,NULL,NULL,'2020-12-18 14:43:24'),(703,'{\"success\":[\"26\",\"1\"],\"fail\":[]}','email','A AgencaASA I sem energia, avaria no Quadro de transferencia, por favor verificar','1','Email enviada','','2020-12-18 14:43:31'),(704,'null','sms',NULL,NULL,NULL,NULL,'2020-12-18 14:43:31'),(705,'{\"success\":[\"26\",\"1\"],\"fail\":[]}','email','Na AgencaASA I gerador LIGADO, por favor verificar','1','Email enviada','','2020-12-18 14:43:36'),(706,'null','sms',NULL,NULL,NULL,NULL,'2020-12-18 14:43:43'),(707,'{\"success\":[\"26\",\"1\"],\"fail\":[]}','email','Na AgencaASA I gerador DESLIGADO, por favor verificar','1','Email enviada','','2020-12-18 14:43:49'),(708,'null','sms',NULL,NULL,NULL,NULL,'2020-12-18 20:26:45'),(709,'{\"success\":[\"26\",\"1\"],\"fail\":[]}','email','A AgencaASA I sem energia, avaria no Quadro de transferencia, por favor verificar','1','Email enviada','','2020-12-18 20:26:52'),(710,'null','sms',NULL,NULL,NULL,NULL,'2020-12-18 20:26:53'),(711,'{\"success\":[\"26\",\"1\"],\"fail\":[]}','email','Na AgencaASA I gerador LIGADO, por favor verificar','1','Email enviada','','2020-12-18 20:26:58'),(712,'null','sms',NULL,NULL,NULL,NULL,'2020-12-18 20:27:05'),(713,'{\"success\":[\"26\",\"1\"],\"fail\":[]}','email','Na AgencaASA I gerador DESLIGADO, por favor verificar','1','Email enviada','','2020-12-18 20:27:12'),(714,'null','sms',NULL,NULL,NULL,NULL,'2020-12-18 20:31:16'),(715,'{\"success\":[\"26\",\"1\"],\"fail\":[]}','email','A AgencaASA I sem energia, avaria no Quadro de transferencia, por favor verificar','1','Email enviada','','2020-12-18 20:31:22'),(716,'null','sms',NULL,NULL,NULL,NULL,'2020-12-18 20:31:22'),(717,'{\"success\":[\"26\",\"1\"],\"fail\":[]}','email','Na AgencaASA I gerador LIGADO, por favor verificar','1','Email enviada','','2020-12-18 20:31:29'),(718,'null','sms',NULL,NULL,NULL,NULL,'2020-12-18 20:31:37'),(719,'{\"success\":[\"26\",\"1\"],\"fail\":[]}','email','Na AgencaASA I gerador DESLIGADO, por favor verificar','1','Email enviada','','2020-12-18 20:31:44'),(720,'null','sms',NULL,NULL,NULL,NULL,'2020-12-18 20:31:51'),(721,'{\"success\":[\"26\",\"1\"],\"fail\":[]}','email','Gerador Ag ASA I em avaria, por favor deslocar ao gerador para a devida identificacao da avaria','1','Email enviada','','2020-12-18 20:31:57'),(722,'null','sms',NULL,NULL,NULL,NULL,'2020-12-18 20:31:57'),(723,'{\"success\":[\"26\",\"1\"],\"fail\":[]}','email','Na AgencaASA I gerador DESLIGADO, por favor verificar','1','Email enviada','','2020-12-18 20:32:03'),(724,'null','sms',NULL,NULL,NULL,NULL,'2020-12-18 20:32:09'),(725,'{\"success\":[\"26\",\"1\"],\"fail\":[]}','email','Na AgencaASA I gerador DESLIGADO, por favor verificar','1','Email enviada','','2020-12-18 20:32:15'),(726,'null','sms',NULL,NULL,NULL,NULL,'2020-12-18 20:32:21'),(727,'{\"success\":[\"26\",\"1\"],\"fail\":[]}','email','Na AgencaASA I gerador DESLIGADO, por favor verificar','1','Email enviada','','2020-12-18 20:32:27'),(728,'null','sms',NULL,NULL,NULL,NULL,'2020-12-18 20:32:27'),(729,'{\"success\":[\"26\",\"1\"],\"fail\":[]}','email','Na AgencaASA I gerador com nivel baixo de combustivel, por favor verificar','1','Email enviada','','2020-12-18 20:32:32'),(730,'null','sms',NULL,NULL,NULL,NULL,'2020-12-18 20:32:39'),(731,'{\"success\":[\"26\",\"1\"],\"fail\":[]}','email','Na AgencaASA I gerador DESLIGADO, por favor verificar','1','Email enviada','','2020-12-18 20:32:45'),(732,'{\"success\":[\"26\"],\"fail\":[]}','sms','Gerador Ag ASA I em avaria, por favor verificar','1','SMS enviada','','2020-12-18 20:35:45'),(733,'{\"success\":[\"26\",\"1\"],\"fail\":[]}','email','Gerador Ag ASA I em avaria, por favor deslocar ao gerador para a devida identificacao da avaria','1','Email enviada','','2020-12-18 20:35:51'),(734,'{\"success\":[\"26\"],\"fail\":[]}','sms','Na AgencaASA I gerador DESLIGADO','1','SMS enviada','','2020-12-18 20:35:52'),(735,'{\"success\":[\"26\",\"1\"],\"fail\":[]}','email','Na AgencaASA I gerador DESLIGADO, por favor verificar','1','Email enviada','','2020-12-18 20:35:57'),(736,'{\"success\":[\"26\"],\"fail\":[]}','sms','Na AgencaASA I gerador DESLIGADO','1','SMS enviada','','2020-12-18 20:36:05'),(737,'{\"success\":[\"26\",\"1\"],\"fail\":[]}','email','Na AgencaASA I gerador DESLIGADO, por favor verificar','1','Email enviada','','2020-12-18 20:36:11'),(738,'{\"success\":[\"26\"],\"fail\":[]}','sms','Gerador Ag ASA I em avaria, por favor verificar','1','SMS enviada','','2020-12-18 20:37:47'),(739,'{\"success\":[\"26\",\"1\"],\"fail\":[]}','email','Gerador Ag ASA I em avaria, por favor deslocar ao gerador para a devida identificacao da avaria','1','Email enviada','','2020-12-18 20:37:53'),(740,'{\"success\":[\"26\"],\"fail\":[]}','sms','Na AgencaASA I gerador DESLIGADO','1','SMS enviada','','2020-12-18 20:37:54'),(741,'{\"success\":[\"26\",\"1\"],\"fail\":[]}','email','Na AgencaASA I gerador DESLIGADO, por favor verificar','1','Email enviada','','2020-12-18 20:38:00'),(742,'{\"success\":[\"26\"],\"fail\":[]}','sms','Na AgencaASA I gerador DESLIGADO','1','SMS enviada','','2020-12-18 20:38:08'),(743,'{\"success\":[\"26\",\"1\"],\"fail\":[]}','email','Na AgencaASA I gerador DESLIGADO, por favor verificar','1','Email enviada','','2020-12-18 20:38:13'),(744,'null','sms',NULL,NULL,NULL,NULL,'2020-12-19 16:20:45'),(745,'{\"success\":[\"26\",\"1\"],\"fail\":[]}','email','A AgencaASA I sem energia, avaria no Quadro de transferencia, por favor verificar','1','Email enviada','','2020-12-19 16:20:54'),(746,'null','sms',NULL,NULL,NULL,NULL,'2020-12-19 16:20:54'),(747,'{\"success\":[\"26\",\"1\"],\"fail\":[]}','email','Na AgencaASA I gerador LIGADO, por favor verificar','1','Email enviada','','2020-12-19 16:20:59'),(748,'null','sms',NULL,NULL,NULL,NULL,'2020-12-19 16:21:06'),(749,'{\"success\":[\"26\",\"1\"],\"fail\":[]}','email','Na AgencaASA I gerador DESLIGADO, por favor verificar','1','Email enviada','','2020-12-19 16:21:12'),(750,'null','sms',NULL,NULL,NULL,NULL,'2020-12-19 16:22:45'),(751,'{\"success\":[\"26\",\"1\"],\"fail\":[]}','email','A AgencaASA I sem energia, avaria no Quadro de transferencia, por favor verificar','1','Email enviada','','2020-12-19 16:22:50'),(752,'null','sms',NULL,NULL,NULL,NULL,'2020-12-19 16:22:51'),(753,'{\"success\":[\"26\",\"1\"],\"fail\":[]}','email','Na AgencaASA I gerador DESLIGADO, por favor verificar','1','Email enviada','','2020-12-19 16:22:56'),(754,'null','sms',NULL,NULL,NULL,NULL,'2020-12-19 16:23:02'),(755,'{\"success\":[\"26\",\"1\"],\"fail\":[]}','email','Na AgencaASA I gerador DESLIGADO, por favor verificar','1','Email enviada','','2020-12-19 16:23:08'),(756,'null','sms',NULL,NULL,NULL,NULL,'2020-12-19 16:23:27'),(757,'{\"success\":[\"26\",\"1\"],\"fail\":[]}','email','Na AgencaASA I gerador DESLIGADO, por favor verificar','1','Email enviada','','2020-12-19 16:23:33'),(758,'null','sms',NULL,NULL,NULL,NULL,'2020-12-19 16:23:33'),(759,'{\"success\":[\"26\",\"1\"],\"fail\":[]}','email','Na AgencaASA I gerador com nivel baixo de combustivel, por favor verificar','1','Email enviada','','2020-12-19 16:23:39'),(760,'null','sms',NULL,NULL,NULL,NULL,'2020-12-19 16:57:12'),(761,'{\"success\":[\"26\",\"1\"],\"fail\":[]}','email','Na AgencaASA I gerador DESLIGADO, por favor verificar','1','Email enviada','','2020-12-19 16:57:18'),(762,'null','sms',NULL,NULL,NULL,NULL,'2020-12-19 16:57:18'),(763,'{\"success\":[\"26\",\"1\"],\"fail\":[]}','email','Na AgencaASA I gerador com nivel baixo de combustivel, por favor verificar','1','Email enviada','','2020-12-19 16:57:24'),(764,'null','sms',NULL,NULL,NULL,NULL,'2020-12-19 16:57:30'),(765,'{\"success\":[\"26\",\"1\"],\"fail\":[]}','email','Na AgencaASA I gerador DESLIGADO, por favor verificar','1','Email enviada','','2020-12-19 16:57:37'),(766,'{\"success\":[\"26\"],\"fail\":[]}','sms','Na AgencaASA I gerador DESLIGADO','1','SMS enviada','','2020-12-19 16:59:43'),(767,'{\"success\":[\"26\",\"1\"],\"fail\":[]}','email','Na AgencaASA I gerador DESLIGADO, por favor verificar','1','Email enviada','','2020-12-19 16:59:48'),(768,'{\"success\":[\"26\"],\"fail\":[]}','sms','Na AgencaASA I gerador com nivel baixo de combustivel','1','SMS enviada','','2020-12-19 16:59:49'),(769,'{\"success\":[\"26\",\"1\"],\"fail\":[]}','email','Na AgencaASA I gerador com nivel baixo de combustivel, por favor verificar','1','Email enviada','','2020-12-19 16:59:55'),(770,'{\"success\":[\"26\"],\"fail\":[]}','sms','Na AgencaASA I gerador DESLIGADO','1','SMS enviada','','2020-12-19 17:00:02'),(771,'{\"success\":[\"26\",\"1\"],\"fail\":[]}','email','Na AgencaASA I gerador DESLIGADO, por favor verificar','1','Email enviada','','2020-12-19 17:00:08'),(772,'{\"success\":[\"26\",\"1\"],\"fail\":[]}','email','A AgencaASA I sem energia, avaria no Quadro de transferencia, por favor verificar','1','Email enviada','','2020-12-19 17:11:04'),(773,'{\"success\":[\"26\",\"1\"],\"fail\":[]}','email','Na AgencaASA I gerador LIGADO, por favor verificar','1','Email enviada','','2020-12-19 17:11:09'),(774,'{\"success\":[\"26\",\"1\"],\"fail\":[]}','email','Na AgencaASA I gerador DESLIGADO, por favor verificar','1','Email enviada','','2020-12-19 17:11:21'),(775,'{\"success\":[\"26\",\"1\"],\"fail\":[]}','email','A AgencaASA I sem energia, avaria no Quadro de transferencia, por favor verificar','1','Email enviada','','2020-12-19 17:15:32'),(776,'{\"success\":[\"26\",\"1\"],\"fail\":[]}','email','Na AgencaASA I gerador LIGADO, por favor verificar','1','Email enviada','','2020-12-19 17:15:37'),(777,'{\"success\":[\"26\",\"1\"],\"fail\":[]}','email','A AgencaASA I sem energia, avaria no Quadro de transferencia, por favor verificar','1','Email enviada','','2020-12-19 17:16:19'),(778,'{\"success\":[\"26\",\"1\"],\"fail\":[]}','email','Na AgencaASA I gerador LIGADO, por favor verificar','1','Email enviada','','2020-12-19 17:16:24'),(779,'{\"success\":[\"26\",\"1\"],\"fail\":[]}','email','Na AgencaASA I gerador DESLIGADO, por favor verificar','1','Email enviada','','2020-12-19 17:16:36'),(780,'{\"success\":[\"26\",\"1\"],\"fail\":[]}','email','A AgencaASA I sem energia, avaria no Quadro de transferencia, por favor verificar','1','Email enviada','','2020-12-19 17:17:21'),(781,'{\"success\":[\"26\",\"1\"],\"fail\":[]}','email','Na AgencaASA I gerador LIGADO, por favor verificar','1','Email enviada','','2020-12-19 17:17:33'),(782,'{\"success\":[\"26\",\"1\"],\"fail\":[]}','email','Na AgencaASA I gerador DESLIGADO, por favor verificar','1','Email enviada','','2020-12-19 17:17:45'),(783,'{\"success\":[\"26\",\"1\"],\"fail\":[]}','email','A AgencaASA I sem energia, avaria no Quadro de transferencia, por favor verificar','1','Email enviada','','2020-12-19 17:24:13'),(784,'{\"success\":[\"26\",\"1\"],\"fail\":[]}','email','Na AgencaASA I gerador LIGADO, por favor verificar','1','Email enviada','','2020-12-19 17:24:50'),(785,'{\"success\":[\"26\",\"1\"],\"fail\":[]}','email','A AgencaASA I sem energia, avaria no Quadro de transferencia, por favor verificar','1','Email enviada','','2020-12-19 17:25:24'),(786,'{\"success\":[\"26\",\"1\"],\"fail\":[]}','email','Na AgencaASA I gerador LIGADO, por favor verificar','1','Email enviada','','2020-12-19 17:25:30'),(787,'{\"success\":[\"26\",\"1\"],\"fail\":[]}','email','A AgencaASA I sem energia, avaria no Quadro de transferencia, por favor verificar','1','Email enviada','','2020-12-19 17:26:16'),(788,'{\"success\":[\"26\",\"1\"],\"fail\":[]}','email','Na AgencaASA I gerador LIGADO, por favor verificar','1','Email enviada','','2020-12-19 17:26:24'),(789,'{\"success\":[\"26\",\"1\"],\"fail\":[]}','email','Na AgencaASA I gerador DESLIGADO, por favor verificar','1','Email enviada','','2020-12-19 17:26:40'),(790,'{\"success\":[\"26\",\"1\"],\"fail\":[]}','email','A AgencaASA I sem energia, avaria no Quadro de transferencia, por favor verificar','1','Email enviada','','2020-12-19 17:27:56'),(791,'{\"success\":[\"26\",\"1\"],\"fail\":[]}','email','Na AgencaASA I gerador LIGADO, por favor verificar','1','Email enviada','','2020-12-19 17:28:02'),(792,'{\"success\":[\"26\",\"1\"],\"fail\":[]}','email','Na AgencaASA I gerador DESLIGADO, por favor verificar','1','Email enviada','','2020-12-19 17:28:17'),(793,'{\"success\":[\"26\",\"1\"],\"fail\":[]}','email','A AgencaASA I sem energia, avaria no Quadro de transferencia, por favor verificar','1','Email enviada','','2020-12-19 17:28:32'),(794,'{\"success\":[\"26\",\"1\"],\"fail\":[]}','email','Na AgencaASA I gerador LIGADO, por favor verificar','1','Email enviada','','2020-12-19 17:28:39'),(795,'{\"success\":[\"26\",\"1\"],\"fail\":[]}','email','Na AgencaASA I gerador DESLIGADO, por favor verificar','1','Email enviada','','2020-12-19 17:28:51'),(796,'{\"success\":[\"26\",\"1\"],\"fail\":[]}','email','A AgencaASA I sem energia, avaria no Quadro de transferencia, por favor verificar','1','Email enviada','','2020-12-19 17:30:25'),(797,'{\"success\":[\"26\",\"1\"],\"fail\":[]}','email','Na AgencaASA I gerador LIGADO, por favor verificar','1','Email enviada','','2020-12-19 17:30:31'),(798,'{\"success\":[\"26\",\"1\"],\"fail\":[]}','email','Na AgencaASA I gerador DESLIGADO, por favor verificar','1','Email enviada','','2020-12-19 17:30:53'),(799,'{\"success\":[\"26\",\"1\"],\"fail\":[]}','email','A AgencaASA I sem energia, avaria no Quadro de transferencia, por favor verificar','1','Email enviada','','2020-12-19 17:31:31'),(800,'{\"success\":[\"26\",\"1\"],\"fail\":[]}','email','Na AgencaASA I gerador LIGADO, por favor verificar','1','Email enviada','','2020-12-19 17:31:37'),(801,'{\"success\":[\"26\",\"1\"],\"fail\":[]}','email','Na AgencaASA I gerador DESLIGADO, por favor verificar','1','Email enviada','','2020-12-19 17:31:48'),(802,'{\"success\":[\"26\",\"1\"],\"fail\":[]}','email','A AgencaASA I sem energia, avaria no Quadro de transferencia, por favor verificar','1','Email enviada','','2020-12-19 17:32:14'),(803,'{\"success\":[\"26\",\"1\"],\"fail\":[]}','email','Na AgencaASA I gerador LIGADO, por favor verificar','1','Email enviada','','2020-12-19 17:32:20'),(804,'{\"success\":[\"26\",\"1\"],\"fail\":[]}','email','Na AgencaASA I gerador DESLIGADO, por favor verificar','1','Email enviada','','2020-12-19 17:32:33'),(805,'{\"success\":[\"26\",\"1\"],\"fail\":[]}','email','A AgencaASA I sem energia, avaria no Quadro de transferencia, por favor verificar','1','Email enviada','','2020-12-19 17:32:48'),(806,'{\"success\":[\"26\",\"1\"],\"fail\":[]}','email','Na AgencaASA I gerador LIGADO, por favor verificar','1','Email enviada','','2020-12-19 17:32:53'),(807,'{\"success\":[\"26\",\"1\"],\"fail\":[]}','email','Na AgencaASA I gerador DESLIGADO, por favor verificar','1','Email enviada','','2020-12-19 17:33:05'),(808,'{\"success\":[\"26\",\"1\"],\"fail\":[]}','email','A AgencaASA I sem energia, avaria no Quadro de transferencia, por favor verificar','1','Email enviada','','2020-12-19 17:33:18'),(809,'{\"success\":[\"26\",\"1\"],\"fail\":[]}','email','Na AgencaASA I gerador LIGADO, por favor verificar','1','Email enviada','','2020-12-19 17:33:24'),(810,'{\"success\":[\"26\",\"1\"],\"fail\":[]}','email','Na AgencaASA I gerador DESLIGADO, por favor verificar','1','Email enviada','','2020-12-19 17:33:35'),(811,'{\"success\":[\"26\",\"1\"],\"fail\":[]}','email','A AgencaASA I sem energia, avaria no Quadro de transferencia, por favor verificar','1','Email enviada','','2020-12-19 17:34:38'),(812,'{\"success\":[\"26\",\"1\"],\"fail\":[]}','email','Na AgencaASA I gerador LIGADO, por favor verificar','1','Email enviada','','2020-12-19 17:34:43'),(813,'{\"success\":[\"26\",\"1\"],\"fail\":[]}','email','Na AgencaASA I gerador DESLIGADO, por favor verificar','1','Email enviada','','2020-12-19 17:34:58'),(814,'{\"success\":[\"26\",\"1\"],\"fail\":[]}','email','A AgencaASA I sem energia, avaria no Quadro de transferencia, por favor verificar','1','Email enviada','','2020-12-19 17:35:25'),(815,'{\"success\":[\"26\",\"1\"],\"fail\":[]}','email','Na AgencaASA I gerador LIGADO, por favor verificar','1','Email enviada','','2020-12-19 17:35:31'),(816,'{\"success\":[\"26\",\"1\"],\"fail\":[]}','email','Na AgencaASA I gerador DESLIGADO, por favor verificar','1','Email enviada','','2020-12-19 17:35:47'),(817,'{\"success\":[\"26\",\"1\"],\"fail\":[]}','email','A AgencaASA I sem energia, avaria no Quadro de transferencia, por favor verificar','1','Email enviada','','2020-12-19 17:35:59'),(818,'{\"success\":[\"26\",\"1\"],\"fail\":[]}','email','Na AgencaASA I gerador LIGADO, por favor verificar','1','Email enviada','','2020-12-19 17:36:04'),(819,'{\"success\":[\"26\",\"1\"],\"fail\":[]}','email','Na AgencaASA I gerador DESLIGADO, por favor verificar','1','Email enviada','','2020-12-19 17:36:17'),(820,'{\"success\":[\"26\",\"1\"],\"fail\":[]}','email','Gerador Ag ASA I em avaria, por favor deslocar ao gerador para a devida identificacao da avaria','1','Email enviada','','2020-12-19 17:37:13'),(821,'{\"success\":[\"26\",\"1\"],\"fail\":[]}','email','Na AgencaASA I gerador DESLIGADO, por favor verificar','1','Email enviada','','2020-12-19 17:37:19'),(822,'{\"success\":[\"26\",\"1\"],\"fail\":[]}','email','Gerador Ag ASA I em avaria, por favor deslocar ao gerador para a devida identificacao da avaria','1','Email enviada','','2020-12-19 17:38:13'),(823,'{\"success\":[\"26\",\"1\"],\"fail\":[]}','email','Na AgencaASA I gerador DESLIGADO, por favor verificar','1','Email enviada','','2020-12-19 17:38:18'),(824,'{\"success\":[\"1\"],\"fail\":[]}','email','Gerador Ag ASA I em avaria, por favor deslocar ao gerador para a devida identificacao da avaria','1','Email enviada','','2020-12-19 17:39:41'),(825,'{\"success\":[\"1\"],\"fail\":[]}','email','Na AgencaASA I gerador DESLIGADO, por favor verificar','1','Email enviada','','2020-12-19 17:39:45'),(826,'{\"success\":[\"1\"],\"fail\":[]}','email','Gerador Ag ASA I em avaria, por favor deslocar ao gerador para a devida identificacao da avaria','1','Email enviada','','2020-12-19 17:39:56'),(827,'{\"success\":[\"1\"],\"fail\":[]}','email','Na AgencaASA I gerador DESLIGADO, por favor verificar','1','Email enviada','','2020-12-19 17:40:00'),(828,'{\"success\":[\"1\"],\"fail\":[]}','email','Gerador Ag ASA I em avaria, por favor deslocar ao gerador para a devida identificacao da avaria','1','Email enviada','','2020-12-19 17:41:08'),(829,'{\"success\":[\"1\"],\"fail\":[]}','email','Na AgencaASA I gerador DESLIGADO, por favor verificar','1','Email enviada','','2020-12-19 17:41:12'),(830,'{\"success\":[\"1\"],\"fail\":[]}','email','A AgencaASA I sem energia, avaria no Quadro de transferencia, por favor verificar','1','Email enviada','','2020-12-19 17:41:56'),(831,'{\"success\":[\"1\"],\"fail\":[]}','email','Na AgencaASA I gerador LIGADO, por favor verificar','1','Email enviada','','2020-12-19 17:42:00'),(832,'{\"success\":[\"1\"],\"fail\":[]}','email','Na AgencaASA I gerador DESLIGADO, por favor verificar','1','Email enviada','','2020-12-19 17:42:11'),(833,'{\"success\":[\"26\"],\"fail\":[]}','email','Gerador Ag ASA I em avaria, por favor deslocar ao gerador para a devida identificacao da avaria','1','Email enviada','','2020-12-19 17:42:40'),(834,'{\"success\":[\"26\"],\"fail\":[]}','email','Na AgencaASA I gerador DESLIGADO, por favor verificar','1','Email enviada','','2020-12-19 17:42:43'),(835,'{\"success\":[\"1\"],\"fail\":[]}','email','A AgencaASA I sem energia, avaria no Quadro de transferencia, por favor verificar','1','Email enviada','','2020-12-19 17:50:41'),(836,'{\"success\":[\"1\"],\"fail\":[]}','email','Na AgencaASA I gerador LIGADO, por favor verificar','1','Email enviada','','2020-12-19 17:50:45'),(837,'{\"success\":[\"1\"],\"fail\":[]}','email','Na AgencaASA I gerador DESLIGADO, por favor verificar','1','Email enviada','','2020-12-19 17:50:58'),(838,'{\"success\":[\"1\"],\"fail\":[]}','email','A AgencaASA I sem energia, avaria no Quadro de transferencia, por favor verificar','1','Email enviada','','2020-12-19 17:52:49'),(839,'{\"success\":[\"1\"],\"fail\":[]}','email','Na AgencaASA I gerador LIGADO, por favor verificar','1','Email enviada','','2020-12-19 17:52:53'),(840,'{\"success\":[\"1\"],\"fail\":[]}','email','Na AgencaASA I gerador DESLIGADO, por favor verificar','1','Email enviada','','2020-12-19 17:53:03'),(841,'{\"success\":[\"1\"],\"fail\":[]}','email','A AgencaASA I sem energia, avaria no Quadro de transferencia, por favor verificar','1','Email enviada','','2020-12-19 17:54:41'),(842,'{\"success\":[\"1\"],\"fail\":[]}','email','Na AgencaASA I gerador LIGADO, por favor verificar','1','Email enviada','','2020-12-19 17:54:45'),(843,'{\"success\":[\"1\"],\"fail\":[]}','email','Na AgencaASA I gerador DESLIGADO, por favor verificar','1','Email enviada','','2020-12-19 17:54:57'),(844,'{\"success\":[\"1\"],\"fail\":[]}','email','A AgencaASA I sem energia, avaria no Quadro de transferencia, por favor verificar','1','Email enviada','','2020-12-19 17:55:13'),(845,'{\"success\":[\"1\"],\"fail\":[]}','email','Na AgencaASA I gerador LIGADO, por favor verificar','1','Email enviada','','2020-12-19 17:55:17'),(846,'{\"success\":[\"1\"],\"fail\":[]}','email','Na AgencaASA I gerador DESLIGADO, por favor verificar','1','Email enviada','','2020-12-19 17:55:31'),(847,'{\"success\":[\"1\"],\"fail\":[]}','email','Gerador Ag ASA I em avaria, por favor deslocar ao gerador para a devida identificacao da avaria','1','Email enviada','','2020-12-19 17:57:27'),(848,'{\"success\":[\"1\"],\"fail\":[]}','email','Na AgencaASA I gerador DESLIGADO, por favor verificar','1','Email enviada','','2020-12-19 17:57:33'),(849,'{\"success\":[\"1\"],\"fail\":[]}','email','Gerador Ag ASA I em avaria, por favor deslocar ao gerador para a devida identificacao da avaria','1','Email enviada','','2020-12-19 17:57:53'),(850,'{\"success\":[\"1\"],\"fail\":[]}','email','Na AgencaASA I gerador DESLIGADO, por favor verificar','1','Email enviada','','2020-12-19 17:57:57'),(851,'{\"success\":[\"1\"],\"fail\":[]}','email','A AgencaASA I sem energia, avaria no Quadro de transferencia, por favor verificar','1','Email enviada','','2020-12-19 17:58:11'),(852,'{\"success\":[\"1\"],\"fail\":[]}','email','Na AgencaASA I gerador LIGADO, por favor verificar','1','Email enviada','','2020-12-19 17:58:14'),(853,'{\"success\":[\"1\"],\"fail\":[]}','email','Na AgencaASA I gerador DESLIGADO, por favor verificar','1','Email enviada','','2020-12-19 17:58:25'),(854,'{\"success\":[\"1\"],\"fail\":[]}','email','A AgencaASA I sem energia, avaria no Quadro de transferencia, por favor verificar','1','Email enviada','','2020-12-19 17:58:36'),(855,'{\"success\":[\"1\"],\"fail\":[]}','email','Na AgencaASA I gerador LIGADO, por favor verificar','1','Email enviada','','2020-12-19 17:58:40'),(856,'{\"success\":[\"1\"],\"fail\":[]}','email','Na AgencaASA I gerador DESLIGADO, por favor verificar','1','Email enviada','','2020-12-19 17:58:50'),(857,'{\"success\":[\"1\"],\"fail\":[]}','email','Gerador Ag ASA I em avaria, por favor deslocar ao gerador para a devida identificacao da avaria','1','Email enviada','','2020-12-19 17:59:11'),(858,'{\"success\":[\"1\"],\"fail\":[]}','email','Na AgencaASA I gerador DESLIGADO, por favor verificar','1','Email enviada','','2020-12-19 17:59:14'),(859,'{\"success\":[\"1\"],\"fail\":[]}','email','Na AgencaASA I gerador DESLIGADO, por favor verificar','1','Email enviada','','2020-12-19 17:59:34'),(860,'{\"success\":[\"1\"],\"fail\":[]}','email','A AgencaASA I sem energia, avaria no Quadro de transferencia, por favor verificar','1','Email enviada','','2020-12-19 18:00:59'),(861,'{\"success\":[\"1\"],\"fail\":[]}','email','Na AgencaASA I gerador LIGADO, por favor verificar','1','Email enviada','','2020-12-19 18:01:03'),(862,'{\"success\":[\"1\"],\"fail\":[]}','email','Na AgencaASA I gerador DESLIGADO, por favor verificar','1','Email enviada','','2020-12-19 18:01:22'),(863,'{\"success\":[\"1\"],\"fail\":[]}','email','A AgencaASA I sem energia, avaria no Quadro de transferencia, por favor verificar','1','Email enviada','','2020-12-19 18:02:24'),(864,'{\"success\":[\"1\"],\"fail\":[]}','email','Na AgencaASA I gerador LIGADO, por favor verificar','1','Email enviada','','2020-12-19 18:02:27'),(865,'{\"success\":[\"1\"],\"fail\":[]}','email','Na AgencaASA I gerador DESLIGADO, por favor verificar','1','Email enviada','','2020-12-19 18:03:18'),(866,'{\"success\":[\"1\"],\"fail\":[]}','email','A AgencaASA I sem energia, avaria no Quadro de transferencia, por favor verificar','1','Email enviada','','2020-12-19 18:05:45'),(867,'{\"success\":[\"1\"],\"fail\":[]}','email','Na AgencaASA I gerador LIGADO, por favor verificar','1','Email enviada','','2020-12-19 18:05:49'),(868,'{\"success\":[\"1\"],\"fail\":[]}','email','Na AgencaASA I gerador DESLIGADO, por favor verificar','1','Email enviada','','2020-12-19 18:06:01'),(869,'{\"success\":[\"1\"],\"fail\":[]}','email','A AgencaASA I sem energia, avaria no Quadro de transferencia, por favor verificar','1','Email enviada','','2020-12-19 18:09:30'),(870,'{\"success\":[\"1\"],\"fail\":[]}','email','Na AgencaASA I gerador LIGADO, por favor verificar','1','Email enviada','','2020-12-19 18:09:33'),(871,'{\"success\":[\"1\"],\"fail\":[]}','email','Na AgencaASA I gerador DESLIGADO, por favor verificar','1','Email enviada','','2020-12-19 18:09:44'),(872,'{\"success\":[\"1\"],\"fail\":[]}','email','A AgencaASA I sem energia, avaria no Quadro de transferencia, por favor verificar','1','Email enviada','','2020-12-20 02:20:06'),(873,'{\"success\":[\"1\"],\"fail\":[]}','email','Na AgencaASA I gerador LIGADO, por favor verificar','1','Email enviada','','2020-12-20 02:20:10'),(874,'{\"success\":[\"1\"],\"fail\":[]}','email','Na AgencaASA I gerador DESLIGADO, por favor verificar','1','Email enviada','','2020-12-20 02:20:20'),(875,'{\"success\":[\"1\"],\"fail\":[]}','email','Gerador Ag ASA I em avaria, por favor deslocar ao gerador para a devida identificacao da avaria','1','Email enviada','','2020-12-20 02:20:59'),(876,'{\"success\":[\"1\"],\"fail\":[]}','email','Na AgencaASA I gerador DESLIGADO, por favor verificar','1','Email enviada','','2020-12-20 02:21:05'),(877,'{\"success\":[\"1\"],\"fail\":[]}','email','Na AgencaASA I gerador DESLIGADO, por favor verificar','1','Email enviada','','2020-12-20 02:21:15'),(878,'{\"success\":[\"1\"],\"fail\":[]}','email','Na AgencaASA I gerador DESLIGADO, por favor verificar','1','Email enviada','','2020-12-20 02:22:30'),(879,'{\"success\":[\"1\"],\"fail\":[]}','email','Na AgencaASA I gerador com nivel baixo de combustivel, por favor verificar','1','Email enviada','','2020-12-20 02:22:34'),(880,'{\"success\":[\"1\"],\"fail\":[]}','email','Na AgencaASA I gerador DESLIGADO, por favor verificar','1','Email enviada','','2020-12-20 02:22:56'),(881,'{\"success\":[\"1\"],\"fail\":[]}','email','A AgencaASA I sem energia, avaria no Quadro de transferencia, por favor verificar','1','Email enviada','','2020-12-20 02:25:12'),(882,'{\"success\":[\"1\"],\"fail\":[]}','email','Na AgencaASA I gerador DESLIGADO, por favor verificar','1','Email enviada','','2020-12-20 02:25:15'),(883,'{\"success\":[\"1\"],\"fail\":[]}','email','Na AgencaASA I gerador DESLIGADO, por favor verificar','1','Email enviada','','2020-12-20 02:25:27'),(884,'{\"success\":[\"1\"],\"fail\":[]}','email','Gerador Ag ASA I em avaria, por favor deslocar ao gerador para a devida identificacao da avaria','1','Email enviada','','2020-12-20 02:32:16'),(885,'{\"success\":[\"1\"],\"fail\":[]}','email','Na AgencaASA I gerador DESLIGADO, por favor verificar','1','Email enviada','','2020-12-20 02:32:20'),(886,'{\"success\":[\"1\"],\"fail\":[]}','email','Na AgencaASA I gerador DESLIGADO, por favor verificar','1','Email enviada','','2020-12-20 02:32:39'),(887,'{\"success\":[\"1\"],\"fail\":[]}','email','A AgencaASA I sem energia, avaria no Quadro de transferencia, por favor verificar','1','Email enviada','','2020-12-20 02:32:50'),(888,'{\"success\":[\"1\"],\"fail\":[]}','email','Na AgencaASA I gerador DESLIGADO, por favor verificar','1','Email enviada','','2020-12-20 02:32:53'),(889,'{\"success\":[\"1\"],\"fail\":[]}','email','Na AgencaASA I gerador DESLIGADO, por favor verificar','1','Email enviada','','2020-12-20 02:33:04'),(890,'{\"success\":[\"1\"],\"fail\":[]}','email','Na AgencaASA I gerador DESLIGADO, por favor verificar','1','Email enviada','','2020-12-20 02:33:25'),(891,'{\"success\":[\"1\"],\"fail\":[]}','email','Na AgencaASA I gerador com nivel baixo de combustivel, por favor verificar','1','Email enviada','','2020-12-20 02:33:29'),(892,'{\"success\":[\"1\"],\"fail\":[]}','email','Na AgencaASA I gerador DESLIGADO, por favor verificar','1','Email enviada','','2020-12-20 02:33:50'),(893,'{\"success\":[\"1\"],\"fail\":[]}','email','A AgencaASA I sem energia, avaria no Quadro de transferencia, por favor verificar','1','Email enviada','','2020-12-20 02:34:39'),(894,'{\"success\":[\"1\"],\"fail\":[]}','email','Na AgencaASA I gerador LIGADO, por favor verificar','1','Email enviada','','2020-12-20 02:34:43'),(895,'{\"success\":[\"1\"],\"fail\":[]}','email','Na AgencaASA I gerador DESLIGADO, por favor verificar','1','Email enviada','','2020-12-20 02:34:53'),(896,'{\"success\":[\"1\"],\"fail\":[]}','email','A AgencaASA I sem energia, avaria no Quadro de transferencia, por favor verificar','1','Email enviada','','2020-12-20 02:36:15'),(897,'{\"success\":[\"1\"],\"fail\":[]}','email','Na AgencaASA I gerador LIGADO, por favor verificar','1','Email enviada','','2020-12-20 02:36:19'),(898,'{\"success\":[\"1\"],\"fail\":[]}','email','Na AgencaASA I gerador DESLIGADO, por favor verificar','1','Email enviada','','2020-12-20 02:36:30'),(899,'{\"success\":[\"1\"],\"fail\":[]}','email','Gerador Ag ASA I em avaria, por favor deslocar ao gerador para a devida identificacao da avaria','1','Email enviada','','2020-12-20 02:37:01'),(900,'{\"success\":[\"1\"],\"fail\":[]}','email','Na AgencaASA I gerador DESLIGADO, por favor verificar','1','Email enviada','','2020-12-20 02:37:05'),(901,'{\"success\":[\"1\"],\"fail\":[]}','email','Na AgencaASA I gerador DESLIGADO, por favor verificar','1','Email enviada','','2020-12-20 02:37:18'),(902,'{\"success\":[\"1\"],\"fail\":[]}','email','Na AgencaASA I gerador DESLIGADO, por favor verificar','1','Email enviada','','2020-12-20 02:38:07'),(903,'{\"success\":[\"1\"],\"fail\":[]}','email','Na AgencaASA I gerador com nivel baixo de combustivel, por favor verificar','1','Email enviada','','2020-12-20 02:38:11'),(904,'{\"success\":[\"1\"],\"fail\":[]}','email','Na AgencaASA I gerador DESLIGADO, por favor verificar','1','Email enviada','','2020-12-20 02:38:22'),(905,'{\"success\":[\"1\"],\"fail\":[]}','email','Gerador Ag ASA I em avaria, por favor deslocar ao gerador para a devida identificacao da avaria','1','Email enviada','','2020-12-20 02:38:32'),(906,'{\"success\":[\"1\"],\"fail\":[]}','email','Na AgencaASA I gerador DESLIGADO, por favor verificar','1','Email enviada','','2020-12-20 02:38:36'),(907,'{\"success\":[\"1\"],\"fail\":[]}','email','Na AgencaASA I gerador DESLIGADO, por favor verificar','1','Email enviada','','2020-12-20 02:38:46'),(908,'{\"success\":[\"1\"],\"fail\":[]}','email','A AgencaASA I sem energia, avaria no Quadro de transferencia, por favor verificar','1','Email enviada','','2020-12-20 02:41:17'),(909,'{\"success\":[\"1\"],\"fail\":[]}','email','Na AgencaASA I gerador LIGADO, por favor verificar','1','Email enviada','','2020-12-20 02:41:21'),(910,'{\"success\":[\"1\"],\"fail\":[]}','email','Na AgencaASA I gerador DESLIGADO, por favor verificar','1','Email enviada','','2020-12-20 02:41:32'),(911,'{\"success\":[\"1\"],\"fail\":[]}','email','Gerador Ag ASA I em avaria, por favor deslocar ao gerador para a devida identificacao da avaria','1','Email enviada','','2020-12-20 02:43:11'),(912,'{\"success\":[\"1\"],\"fail\":[]}','email','Na AgencaASA I gerador DESLIGADO, por favor verificar','1','Email enviada','','2020-12-20 02:43:15'),(913,'{\"success\":[\"1\"],\"fail\":[]}','email','Na AgencaASA I gerador DESLIGADO, por favor verificar','1','Email enviada','','2020-12-20 02:43:25'),(914,'{\"success\":[\"1\"],\"fail\":[]}','email','Gerador Ag ASA I em avaria, por favor deslocar ao gerador para a devida identificacao da avaria','1','Email enviada','','2020-12-20 02:47:54'),(915,'{\"success\":[\"1\"],\"fail\":[]}','email','Na AgencaASA I gerador DESLIGADO, por favor verificar','1','Email enviada','','2020-12-20 02:48:01'),(916,'{\"success\":[\"1\"],\"fail\":[]}','email','Na AgencaASA I gerador DESLIGADO, por favor verificar','1','Email enviada','','2020-12-20 02:48:13'),(917,'{\"success\":[\"1\"],\"fail\":[]}','email','Gerador Ag ASA I em avaria, por favor deslocar ao gerador para a devida identificacao da avaria','1','Email enviada','','2020-12-20 02:51:39'),(918,'{\"success\":[\"1\"],\"fail\":[]}','email','Na AgencaASA I gerador DESLIGADO, por favor verificar','1','Email enviada','','2020-12-20 02:51:43'),(919,'{\"success\":[\"1\"],\"fail\":[]}','email','Na AgencaASA I gerador DESLIGADO, por favor verificar','1','Email enviada','','2020-12-20 02:51:54'),(920,'{\"success\":[\"1\"],\"fail\":[]}','email','Gerador Ag ASA I em avaria, por favor deslocar ao gerador para a devida identificacao da avaria','1','Email enviada','','2020-12-20 02:54:45'),(921,'{\"success\":[\"1\"],\"fail\":[]}','email','Na AgencaASA I gerador DESLIGADO, por favor verificar','1','Email enviada','','2020-12-20 02:54:49'),(922,'{\"success\":[\"1\"],\"fail\":[]}','email','Na AgencaASA I gerador DESLIGADO, por favor verificar','1','Email enviada','','2020-12-20 02:54:59'),(923,'{\"success\":[\"1\"],\"fail\":[]}','email','Gerador Ag ASA I em avaria, por favor deslocar ao gerador para a devida identificacao da avaria','1','Email enviada','','2020-12-20 02:55:51'),(924,'{\"success\":[\"1\"],\"fail\":[]}','email','Na AgencaASA I gerador DESLIGADO, por favor verificar','1','Email enviada','','2020-12-20 02:55:55'),(925,'{\"success\":[\"1\"],\"fail\":[]}','email','Na AgencaASA I gerador DESLIGADO, por favor verificar','1','Email enviada','','2020-12-20 02:56:06'),(926,'{\"success\":[\"1\"],\"fail\":[]}','email','A AgencaASA I sem energia, avaria no Quadro de transferencia, por favor verificar','1','Email enviada','','2020-12-20 02:56:28'),(927,'{\"success\":[\"1\"],\"fail\":[]}','email','Na AgencaASA I gerador DESLIGADO, por favor verificar','1','Email enviada','','2020-12-20 02:56:32'),(928,'{\"success\":[\"1\"],\"fail\":[]}','email','Na AgencaASA I gerador DESLIGADO, por favor verificar','1','Email enviada','','2020-12-20 02:56:42'),(929,'{\"success\":[\"1\"],\"fail\":[]}','email','A AgencaASA I sem energia, avaria no Quadro de transferencia, por favor verificar','1','Email enviada','','2020-12-20 03:01:54'),(930,'{\"success\":[\"1\"],\"fail\":[]}','email','Na AgencaASA I gerador DESLIGADO, por favor verificar','1','Email enviada','','2020-12-20 03:01:58'),(931,'{\"success\":[\"1\"],\"fail\":[]}','email','Na AgencaASA I gerador DESLIGADO, por favor verificar','1','Email enviada','','2020-12-20 03:02:09'),(932,'{\"success\":[\"1\"],\"fail\":[]}','email','A AgencaASA I sem energia, avaria no Quadro de transferencia, por favor verificar','1','Email enviada','','2020-12-20 03:02:24'),(933,'{\"success\":[\"1\"],\"fail\":[]}','email','Na AgencaASA I gerador LIGADO, por favor verificar','1','Email enviada','','2020-12-20 03:02:28'),(934,'{\"success\":[\"1\"],\"fail\":[]}','email','Na AgencaASA I gerador DESLIGADO, por favor verificar','1','Email enviada','','2020-12-20 03:02:40'),(935,'{\"success\":[\"1\"],\"fail\":[]}','email','A AgencaASA I sem energia, avaria no Quadro de transferencia, por favor verificar','1','Email enviada','','2020-12-20 03:07:08'),(936,'{\"success\":[\"1\"],\"fail\":[]}','email','Na AgencaASA I gerador LIGADO, por favor verificar','1','Email enviada','','2020-12-20 03:07:11'),(937,'{\"success\":[\"1\"],\"fail\":[]}','email','Na AgencaASA I gerador DESLIGADO, por favor verificar','1','Email enviada','','2020-12-20 03:07:28'),(938,'{\"success\":[\"1\"],\"fail\":[]}','email','Gerador Ag ASA I em avaria, por favor deslocar ao gerador para a devida identificacao da avaria','1','Email enviada','','2020-12-20 03:07:41'),(939,'{\"success\":[\"1\"],\"fail\":[]}','email','Na AgencaASA I gerador DESLIGADO, por favor verificar','1','Email enviada','','2020-12-20 03:07:45'),(940,'{\"success\":[\"1\"],\"fail\":[]}','email','Na AgencaASA I gerador DESLIGADO, por favor verificar','1','Email enviada','','2020-12-20 03:08:01'),(941,'{\"success\":[\"1\"],\"fail\":[]}','email','A AgencaASA I sem energia, avaria no Quadro de transferencia, por favor verificar','1','Email enviada','','2020-12-20 03:08:11'),(942,'{\"success\":[\"1\"],\"fail\":[]}','email','Na AgencaASA I gerador DESLIGADO, por favor verificar','1','Email enviada','','2020-12-20 03:08:15'),(943,'{\"success\":[\"1\"],\"fail\":[]}','email','Na AgencaASA I gerador DESLIGADO, por favor verificar','1','Email enviada','','2020-12-20 03:08:25'),(944,'{\"success\":[\"1\"],\"fail\":[]}','email','Gerador Ag ASA I em avaria, por favor deslocar ao gerador para a devida identificacao da avaria','1','Email enviada','','2020-12-20 03:08:56'),(945,'{\"success\":[\"1\"],\"fail\":[]}','email','Na AgencaASA I gerador DESLIGADO, por favor verificar','1','Email enviada','','2020-12-20 03:09:00'),(946,'{\"success\":[\"1\"],\"fail\":[]}','email','Na AgencaASA I gerador DESLIGADO, por favor verificar','1','Email enviada','','2020-12-20 03:09:13'),(947,'{\"success\":[\"1\"],\"fail\":[]}','email','Na AgencaASA I gerador DESLIGADO, por favor verificar','1','Email enviada','','2020-12-20 03:09:24'),(948,'{\"success\":[\"1\"],\"fail\":[]}','email','Na AgencaASA I gerador com nivel baixo de combustivel, por favor verificar','1','Email enviada','','2020-12-20 03:09:27'),(949,'{\"success\":[\"1\"],\"fail\":[]}','email','A AgencaASA I sem energia, avaria no Quadro de transferencia, por favor verificar','1','Email enviada','','2020-12-20 03:09:38'),(950,'{\"success\":[\"1\"],\"fail\":[]}','email','Na AgencaASA I gerador DESLIGADO, por favor verificar','1','Email enviada','','2020-12-20 03:09:41'),(951,'{\"success\":[\"1\"],\"fail\":[]}','email','Gerador Ag ASA I em avaria, por favor deslocar ao gerador para a devida identificacao da avaria','1','Email enviada','','2020-12-20 03:09:51'),(952,'{\"success\":[\"1\"],\"fail\":[]}','email','Na AgencaASA I gerador DESLIGADO, por favor verificar','1','Email enviada','','2020-12-20 03:09:55'),(953,'{\"success\":[\"1\"],\"fail\":[]}','email','A AgencaASA I sem energia, avaria no Quadro de transferencia, por favor verificar','1','Email enviada','','2020-12-20 03:10:05'),(954,'{\"success\":[\"1\"],\"fail\":[]}','email','Na AgencaASA I gerador LIGADO, por favor verificar','1','Email enviada','','2020-12-20 03:10:09'),(955,'{\"success\":[\"1\"],\"fail\":[]}','email','Na AgencaASA I gerador DESLIGADO, por favor verificar','1','Email enviada','','2020-12-20 03:10:22'),(956,'{\"success\":[\"1\"],\"fail\":[]}','email','Na AgencaASA I gerador DESLIGADO, por favor verificar','1','Email enviada','','2020-12-20 22:16:50'),(957,'{\"success\":[\"1\"],\"fail\":[]}','email','Na AgencaASA I gerador com nivel baixo de combustivel, por favor verificar','1','Email enviada','','2020-12-20 22:16:54'),(958,'{\"success\":[\"1\"],\"fail\":[]}','email','Na AgencaASA I gerador DESLIGADO, por favor verificar','1','Email enviada','','2020-12-20 22:17:05'),(959,'{\"success\":[\"1\"],\"fail\":[]}','email','Na AgencaASA I gerador DESLIGADO, por favor verificar','1','Email enviada','','2020-12-20 22:17:27'),(960,'{\"success\":[\"1\"],\"fail\":[]}','email','Na AgencaASA I gerador DESLIGADO, por favor verificar','1','Email enviada','','2020-12-20 22:17:38'),(961,'{\"success\":[\"1\"],\"fail\":[]}','email','Na AgencaASA I gerador DESLIGADO, por favor verificar','1','Email enviada','','2020-12-20 22:17:48'),(962,'{\"success\":[\"1\"],\"fail\":[]}','email','Na AgencaASA I gerador DESLIGADO, por favor verificar','1','Email enviada','','2020-12-20 22:17:59'),(963,'{\"success\":[\"1\"],\"fail\":[]}','email','Na AgencaASA I gerador DESLIGADO, por favor verificar','1','Email enviada','','2020-12-20 22:18:36'),(964,'{\"success\":[\"1\"],\"fail\":[]}','email','Na AgencaASA I gerador com nivel baixo de combustivel, por favor verificar','1','Email enviada','','2020-12-20 22:18:39'),(965,'{\"success\":[\"1\"],\"fail\":[]}','email','Gerador Ag ASA I em avaria, por favor deslocar ao gerador para a devida identificacao da avaria','1','Email enviada','','2020-12-20 22:18:50'),(966,'{\"success\":[\"1\"],\"fail\":[]}','email','A AgencaASA I sem energia, avaria no Quadro de transferencia, por favor verificar','1','Email enviada','','2020-12-20 22:18:53'),(967,'{\"success\":[\"1\"],\"fail\":[]}','email','Na AgencaASA I gerador LIGADO, por favor verificar','1','Email enviada','','2020-12-20 22:18:57'),(968,'{\"success\":[\"1\"],\"fail\":[]}','email','A AgencaASA I sem energia, avaria no Quadro de transferencia, por favor verificar','1','Email enviada','','2020-12-20 22:19:07'),(969,'{\"success\":[\"1\"],\"fail\":[]}','email','Na AgencaASA I gerador DESLIGADO, por favor verificar','1','Email enviada','','2020-12-20 22:19:11'),(970,'{\"success\":[\"1\"],\"fail\":[]}','email','Na AgencaASA I gerador DESLIGADO, por favor verificar','1','Email enviada','','2020-12-20 22:19:22'),(971,'{\"success\":[\"26\"],\"fail\":[]}','sms','Gerador Ag ASA I em avaria, por favor verificar','1','SMS enviada','','2020-12-24 11:54:50'),(972,'{\"success\":[\"26\"],\"fail\":[]}','sms','Gerador Ag ASA I em avaria, por favor verificar','1','SMS enviada','','2020-12-27 15:20:05'),(973,'{\"success\":[\"1\"],\"fail\":[]}','email','Gerador Ag ASA I em avaria, por favor deslocar ao gerador para a devida identificacao da avaria','1','Email enviada','','2020-12-28 15:16:33'),(974,'{\"success\":[\"1\"],\"fail\":[]}','email','Gerador Ag ASA I em avaria, por favor deslocar ao gerador para a devida identificacao da avaria','1','Email enviada','','2020-12-28 18:48:40'),(975,'{\"success\":[\"1\"],\"fail\":[]}','email','Gerador Ag ASA I em avaria, por favor deslocar ao gerador para a devida identificacao da avaria','1','Email enviada','','2020-12-28 18:49:20'),(976,'{\"success\":[\"1\"],\"fail\":[]}','email','Gerador Ag ASA I em avaria, por favor deslocar ao gerador para a devida identificacao da avaria','1','Email enviada','','2020-12-28 20:24:39'),(977,'{\"success\":[\"1\"],\"fail\":[]}','email','Gerador Ag ASA I em avaria, por favor deslocar ao gerador para a devida identificacao da avaria','1','Email enviada','','2020-12-28 20:26:13'),(978,'{\"success\":[\"1\"],\"fail\":[]}','email','Gerador Ag ASA I em avaria, por favor deslocar ao gerador para a devida identificacao da avaria','1','Email enviada','','2021-01-05 10:10:57'),(979,'{\"success\":[\"1\"],\"fail\":[]}','email','Gerador Ag ASA I em avaria, por favor deslocar ao gerador para a devida identificacao da avaria','1','Email enviada','','2021-01-05 10:18:37'),(980,'{\"success\":[\"1\"],\"fail\":[]}','email','A AgencaASA I sem energia, avaria no Quadro de transferencia, por favor verificar','1','Email enviada','','2021-01-05 10:18:38'),(981,'{\"success\":[\"1\"],\"fail\":[]}','email','Na AgencaASA I gerador DESLIGADO, por favor verificar','1','Email enviada','','2021-01-05 10:18:38'),(982,'{\"success\":[\"1\"],\"fail\":[]}','email','Na AgencaASA I gerador com nivel baixo de combustivel, por favor verificar','1','Email enviada','','2021-01-05 10:18:38'),(983,'{\"success\":[\"1\"],\"fail\":[]}','email','Gerador Ag ASA I em avaria, por favor deslocar ao gerador para a devida identificacao da avaria','1','Email enviada','','2021-01-05 10:29:00'),(984,'{\"success\":[\"1\"],\"fail\":[]}','email','A AgencaASA I sem energia, avaria no Quadro de transferencia, por favor verificar','1','Email enviada','','2021-01-05 10:29:00'),(985,'{\"success\":[\"1\"],\"fail\":[]}','email','Na AgencaASA I gerador DESLIGADO, por favor verificar','1','Email enviada','','2021-01-05 10:29:00'),(986,'{\"success\":[\"1\"],\"fail\":[]}','email','Na AgencaASA I gerador com nivel baixo de combustivel, por favor verificar','1','Email enviada','','2021-01-05 10:29:01'),(987,'{\"success\":[\"1\"],\"fail\":[]}','email','Gerador Ag ASA I em avaria, por favor deslocar ao gerador para a devida identificacao da avaria','1','Email enviada','','2021-01-05 10:32:51'),(988,'{\"success\":[\"1\"],\"fail\":[]}','email','A AgencaASA I sem energia, avaria no Quadro de transferencia, por favor verificar','1','Email enviada','','2021-01-05 10:32:51'),(989,'{\"success\":[\"1\"],\"fail\":[]}','email','Na AgencaASA I gerador DESLIGADO, por favor verificar','1','Email enviada','','2021-01-05 10:32:51'),(990,'{\"success\":[\"1\"],\"fail\":[]}','email','Na AgencaASA I gerador com nivel baixo de combustivel, por favor verificar','1','Email enviada','','2021-01-05 10:32:51'),(991,'{\"success\":[\"1\"],\"fail\":[]}','email','Gerador Ag ASA I em avaria, por favor deslocar ao gerador para a devida identificacao da avaria','1','Email enviada','','2021-01-05 10:32:54'),(992,'{\"success\":[\"1\"],\"fail\":[]}','email','A AgencaASA I sem energia, avaria no Quadro de transferencia, por favor verificar','1','Email enviada','','2021-01-05 10:32:54'),(993,'{\"success\":[\"1\"],\"fail\":[]}','email','Na AgencaASA I gerador DESLIGADO, por favor verificar','1','Email enviada','','2021-01-05 10:32:54'),(994,'{\"success\":[\"1\"],\"fail\":[]}','email','Na AgencaASA I gerador com nivel baixo de combustivel, por favor verificar','1','Email enviada','','2021-01-05 10:32:54'),(995,'{\"success\":[\"1\"],\"fail\":[]}','email','Gerador Ag ASA I em avaria, por favor deslocar ao gerador para a devida identificacao da avaria','1','Email enviada','','2021-01-05 10:32:58'),(996,'{\"success\":[\"1\"],\"fail\":[]}','email','A AgencaASA I sem energia, avaria no Quadro de transferencia, por favor verificar','1','Email enviada','','2021-01-05 10:32:58'),(997,'{\"success\":[\"1\"],\"fail\":[]}','email','Na AgencaASA I gerador DESLIGADO, por favor verificar','1','Email enviada','','2021-01-05 10:32:58'),(998,'{\"success\":[\"1\"],\"fail\":[]}','email','Na AgencaASA I gerador com nivel baixo de combustivel, por favor verificar','1','Email enviada','','2021-01-05 10:32:58'),(999,'{\"success\":[\"1\"],\"fail\":[]}','email','Gerador Ag ASA I em avaria, por favor deslocar ao gerador para a devida identificacao da avaria','1','Email enviada','','2021-01-05 10:33:00'),(1000,'{\"success\":[\"1\"],\"fail\":[]}','email','A AgencaASA I sem energia, avaria no Quadro de transferencia, por favor verificar','1','Email enviada','','2021-01-05 10:33:00'),(1001,'{\"success\":[\"1\"],\"fail\":[]}','email','Na AgencaASA I gerador DESLIGADO, por favor verificar','1','Email enviada','','2021-01-05 10:33:01'),(1002,'{\"success\":[\"1\"],\"fail\":[]}','email','Na AgencaASA I gerador com nivel baixo de combustivel, por favor verificar','1','Email enviada','','2021-01-05 10:33:01'),(1003,'{\"success\":[\"1\"],\"fail\":[]}','email','Gerador Ag ASA I em avaria, por favor deslocar ao gerador para a devida identificacao da avaria','1','Email enviada','','2021-01-05 10:33:11'),(1004,'{\"success\":[\"1\"],\"fail\":[]}','email','A AgencaASA I sem energia, avaria no Quadro de transferencia, por favor verificar','1','Email enviada','','2021-01-05 10:33:11'),(1005,'{\"success\":[\"1\"],\"fail\":[]}','email','Na AgencaASA I gerador DESLIGADO, por favor verificar','1','Email enviada','','2021-01-05 10:33:12'),(1006,'{\"success\":[\"1\"],\"fail\":[]}','email','Na AgencaASA I gerador com nivel baixo de combustivel, por favor verificar','1','Email enviada','','2021-01-05 10:33:12'),(1007,'{\"success\":[\"1\"],\"fail\":[]}','email','Gerador Ag ASA I em avaria, por favor deslocar ao gerador para a devida identificacao da avaria','1','Email enviada','','2021-01-05 10:33:29'),(1008,'{\"success\":[\"1\"],\"fail\":[]}','email','A AgencaASA I sem energia, avaria no Quadro de transferencia, por favor verificar','1','Email enviada','','2021-01-05 10:33:29'),(1009,'{\"success\":[\"1\"],\"fail\":[]}','email','Na AgencaASA I gerador DESLIGADO, por favor verificar','1','Email enviada','','2021-01-05 10:33:29'),(1010,'{\"success\":[\"1\"],\"fail\":[]}','email','Na AgencaASA I gerador com nivel baixo de combustivel, por favor verificar','1','Email enviada','','2021-01-05 10:33:29'),(1011,'{\"success\":[\"1\"],\"fail\":[]}','email','Gerador Ag ASA I em avaria, por favor deslocar ao gerador para a devida identificacao da avaria','1','Email enviada','','2021-01-05 10:34:08'),(1012,'{\"success\":[\"1\"],\"fail\":[]}','email','A AgencaASA I sem energia, avaria no Quadro de transferencia, por favor verificar','1','Email enviada','','2021-01-05 10:34:08'),(1013,'{\"success\":[\"1\"],\"fail\":[]}','email','Na AgencaASA I gerador DESLIGADO, por favor verificar','1','Email enviada','','2021-01-05 10:34:08'),(1014,'{\"success\":[\"1\"],\"fail\":[]}','email','Na AgencaASA I gerador com nivel baixo de combustivel, por favor verificar','1','Email enviada','','2021-01-05 10:34:08'),(1015,'{\"success\":[\"1\"],\"fail\":[]}','email','Gerador Ag ASA I em avaria, por favor deslocar ao gerador para a devida identificacao da avaria','1','Email enviada','','2021-01-05 10:34:17'),(1016,'{\"success\":[\"1\"],\"fail\":[]}','email','A AgencaASA I sem energia, avaria no Quadro de transferencia, por favor verificar','1','Email enviada','','2021-01-05 10:34:17'),(1017,'{\"success\":[\"1\"],\"fail\":[]}','email','Na AgencaASA I gerador DESLIGADO, por favor verificar','1','Email enviada','','2021-01-05 10:34:17'),(1018,'{\"success\":[\"1\"],\"fail\":[]}','email','Na AgencaASA I gerador com nivel baixo de combustivel, por favor verificar','1','Email enviada','','2021-01-05 10:34:17'),(1019,'{\"success\":[\"1\"],\"fail\":[]}','email','Gerador Ag ASA I em avaria, por favor deslocar ao gerador para a devida identificacao da avaria','1','Email enviada','','2021-01-05 10:56:08'),(1020,'{\"success\":[\"1\"],\"fail\":[]}','email','A AgencaASA I sem energia, avaria no Quadro de transferencia, por favor verificar','1','Email enviada','','2021-01-05 10:56:08'),(1021,'{\"success\":[\"1\"],\"fail\":[]}','email','Na AgencaASA I gerador DESLIGADO, por favor verificar','1','Email enviada','','2021-01-05 10:56:09'),(1022,'{\"success\":[\"1\"],\"fail\":[]}','email','Na AgencaASA I gerador com nivel baixo de combustivel, por favor verificar','1','Email enviada','','2021-01-05 10:56:09'),(1023,'{\"success\":[\"26\"],\"fail\":[]}','email','A AgencaASA II sem energia, avaria no Quadro de transferencia, por favor verificar','1','Email enviada','','2021-01-19 19:40:15'),(1024,'{\"success\":[\"26\"],\"fail\":[]}','email','Na AgencaASA II gerador DESLIGADO, por favor verificar','1','Email enviada','','2021-01-19 19:40:15'),(1025,'{\"success\":[\"26\"],\"fail\":[]}','email','A AgencaASA II sem energia, avaria no Quadro de transferencia, por favor verificar','1','Email enviada','','2021-01-19 19:40:22'),(1026,'{\"success\":[\"26\"],\"fail\":[]}','email','Na AgencaASA II gerador LIGADO, por favor verificar','1','Email enviada','','2021-01-19 19:40:22'),(1027,'{\"success\":[\"26\"],\"fail\":[]}','email','Na AgencaASA II gerador LIGADO, por favor verificar','1','Email enviada','','2021-01-19 19:40:30'),(1028,'{\"success\":[\"26\"],\"fail\":[]}','email','Na AgencaASA II gerador LIGADO, por favor verificar','1','Email enviada','','2021-01-19 19:40:37'),(1029,'{\"success\":[\"26\"],\"fail\":[]}','email','Na AgencaASA II gerador DESLIGADO, por favor verificar','1','Email enviada','','2021-01-19 19:41:06'),(1030,'{\"success\":[\"26\"],\"fail\":[]}','email','Na AgencaASA II gerador DESLIGADO, por favor verificar','1','Email enviada','','2021-01-19 19:41:41'),(1031,'{\"success\":[\"26\"],\"fail\":[]}','email','Na AgencaASA II gerador DESLIGADO, por favor verificar','1','Email enviada','','2021-01-19 19:41:48'),(1032,'{\"success\":[\"26\"],\"fail\":[]}','email','Na AgencaASA II gerador DESLIGADO, por favor verificar','1','Email enviada','','2021-01-19 19:44:43'),(1033,'{\"success\":[\"26\"],\"fail\":[]}','email','Na AgencaASA II gerador DESLIGADO, por favor verificar','1','Email enviada','','2021-01-21 15:22:14'),(1034,'{\"success\":[\"26\"],\"fail\":[]}','email','Na AgencaASA II gerador LIGADO, por favor verificar','1','Email enviada','','2021-01-21 15:22:31'),(1035,'{\"success\":[\"26\"],\"fail\":[]}','email','Na AgencaASA II gerador LIGADO, por favor verificar','1','Email enviada','','2021-01-26 09:41:23'),(1036,'{\"success\":[\"26\"],\"fail\":[]}','email','Na AgencaASA II gerador LIGADO, por favor verificar','1','Email enviada','','2021-01-26 09:41:29'),(1037,'{\"success\":[\"33\"],\"fail\":[]}','email','Na AgencaASA II gerador LIGADO, por favor verificar','1','Email enviada','','2021-01-27 16:21:11'),(1038,'{\"success\":[\"33\"],\"fail\":[]}','email','A AgencaASA II sem energia, avaria no Quadro de transferencia, por favor verificar','1','Email enviada','','2021-01-29 18:06:53'),(1039,'{\"success\":[\"33\"],\"fail\":[]}','email','Na AgencaASA II gerador LIGADO, por favor verificar','1','Email enviada','','2021-01-29 18:06:54'),(1040,'{\"success\":[\"33\"],\"fail\":[]}','email','A AgencaASA II sem energia, avaria no Quadro de transferencia, por favor verificar','1','Email enviada','','2021-01-29 18:07:01'),(1041,'{\"success\":[\"33\"],\"fail\":[]}','email','Na AgencaASA II gerador LIGADO, por favor verificar','1','Email enviada','','2021-01-29 18:07:02'),(1042,'{\"success\":[\"33\"],\"fail\":[]}','email','Na AgencaASA II gerador LIGADO, por favor verificar','1','Email enviada','','2021-01-29 18:07:13'),(1043,'{\"success\":[\"33\"],\"fail\":[]}','email','Gerador Ag Asa Ucla em avaria, por favor deslocar ao gerador para a devida identificacao da avaria','1','Email enviada','','2021-01-29 18:17:09'),(1044,'{\"success\":[\"33\"],\"fail\":[]}','email','Na AgencaASA II gerador LIGADO, por favor verificar','1','Email enviada','','2021-01-29 18:17:10'),(1045,'{\"success\":[\"33\"],\"fail\":[]}','email','Na AgencaASA II gerador LIGADO, por favor verificar','1','Email enviada','','2021-01-29 18:17:45'),(1046,'{\"success\":[\"33\"],\"fail\":[]}','email','Na AgencaASA II gerador LIGADO, por favor verificar','1','Email enviada','','2021-01-29 18:17:46'),(1047,'{\"success\":[\"33\"],\"fail\":[]}','email','Na AgencaASA II gerador DESLIGADO, por favor verificar','1','Email enviada','','2021-01-29 18:20:36'),(1048,'{\"success\":[\"33\"],\"fail\":[]}','email','Na AgencaASA II gerador DESLIGADO, por favor verificar','1','Email enviada','','2021-01-29 18:21:07'),(1049,'{\"success\":[\"33\"],\"fail\":[]}','email','Na AgencaASA II gerador DESLIGADO, por favor verificar','1','Email enviada','','2021-01-29 18:21:16'),(1050,'{\"success\":[\"33\"],\"fail\":[]}','email','Na AgencaASA II gerador DESLIGADO, por favor verificar','1','Email enviada','','2021-01-29 18:24:11'),(1051,'{\"success\":[\"33\"],\"fail\":[]}','email','Na AgencaASA II gerador DESLIGADO, por favor verificar','1','Email enviada','','2021-02-10 12:02:29'),(1052,'{\"success\":[\"33\"],\"fail\":[]}','email','Na AgencaASA II gerador DESLIGADO, por favor verificar','1','Email enviada','','2021-02-10 12:05:00'),(1053,'{\"success\":[\"33\"],\"fail\":[]}','email','Na AgencaASA II gerador DESLIGADO, por favor verificar','1','Email enviada','','2021-02-10 15:43:07'),(1054,'{\"success\":[\"33\"],\"fail\":[]}','email','Na AgencaASA II gerador DESLIGADO, por favor verificar','1','Email enviada','','2021-02-10 15:43:15'),(1055,'{\"success\":[\"33\"],\"fail\":[]}','email','Na AgencaASA II gerador DESLIGADO, por favor verificar','1','Email enviada','','2021-02-10 15:43:23'),(1056,'{\"success\":[\"33\"],\"fail\":[]}','email','Na AgencaASA II gerador DESLIGADO, por favor verificar','1','Email enviada','','2021-02-10 15:44:07');
/*!40000 ALTER TABLE `reporte_alertas` ENABLE KEYS */;
UNLOCK TABLES;

--
-- Table structure for table `sms_server`
--

DROP TABLE IF EXISTS `sms_server`;
/*!40101 SET @saved_cs_client     = @@character_set_client */;
/*!40101 SET character_set_client = utf8 */;
CREATE TABLE `sms_server` (
  `id` int(10) NOT NULL AUTO_INCREMENT,
  `accountsid` varchar(100) NOT NULL,
  `authtoken` varchar(100) NOT NULL,
  `numberfrom` varchar(100) NOT NULL,
  `ativo` tinyint(1) NOT NULL,
  `provedor` varchar(100) NOT NULL,
  PRIMARY KEY (`id`)
) ENGINE=InnoDB AUTO_INCREMENT=34 DEFAULT CHARSET=utf8;
/*!40101 SET character_set_client = @saved_cs_client */;

--
-- Dumping data for table `sms_server`
--

LOCK TABLES `sms_server` WRITE;
/*!40000 ALTER TABLE `sms_server` DISABLE KEYS */;
INSERT INTO `sms_server` VALUES (33,'ACfe798a5ee2067bc2b8c928505118f58b','d7eafc32d6d33f7168d7b2ba4f117196',' +16626707353',1,'Twilio');
/*!40000 ALTER TABLE `sms_server` ENABLE KEYS */;
UNLOCK TABLES;

--
-- Table structure for table `utilizador`
--

DROP TABLE IF EXISTS `utilizador`;
/*!40101 SET @saved_cs_client     = @@character_set_client */;
/*!40101 SET character_set_client = utf8 */;
CREATE TABLE `utilizador` (
  `departamento` char(30) NOT NULL,
  `id` int(15) NOT NULL AUTO_INCREMENT,
  `username` varchar(30) NOT NULL,
  `password` varchar(256) NOT NULL,
  `nome` varchar(50) NOT NULL,
  `foto` longtext DEFAULT NULL,
  `telefone` varchar(100) NOT NULL,
  `email` varchar(40) NOT NULL,
  `create_ut` datetime NOT NULL DEFAULT current_timestamp(),
  `updade_ut` timestamp NOT NULL DEFAULT current_timestamp() ON UPDATE current_timestamp(),
  `delete_ut` datetime NOT NULL DEFAULT current_timestamp() ON UPDATE current_timestamp(),
  `id_perfil_permission` int(10) NOT NULL,
  `funcao` char(30) NOT NULL,
  `numero_funcionario` int(10) NOT NULL,
  `estado` tinyint(1) NOT NULL,
  `alerta_sms` tinyint(1) NOT NULL,
  `alerta_email` tinyint(1) NOT NULL,
  PRIMARY KEY (`id`),
  UNIQUE KEY `username` (`username`),
  UNIQUE KEY `email` (`email`),
  UNIQUE KEY `numero_funcionario` (`numero_funcionario`),
  KEY `fk_utilizador_perfilutilizador` (`id_perfil_permission`),
  CONSTRAINT `fk_utilizador_perfilutilizador` FOREIGN KEY (`id_perfil_permission`) REFERENCES `perfilutilizador` (`id`)
) ENGINE=InnoDB AUTO_INCREMENT=35 DEFAULT CHARSET=utf8;
/*!40101 SET character_set_client = @saved_cs_client */;

--
-- Dumping data for table `utilizador`
--

LOCK TABLES `utilizador` WRITE;
/*!40000 ALTER TABLE `utilizador` DISABLE KEYS */;
INSERT INTO `utilizador` VALUES ('IT',1,'isilva','12345','Ivanildo Silva','iVBORw0KGgoAAAANSUhEUgAAAgAAAAIACAYAAAD0eNT6AAAAGXRFWHRTb2Z0d2FyZQBBZG9iZSBJbWFnZVJlYWR5ccllPAAAE3BJREFUeNrs3e11FEcWBuAebQArInATgaUIPERgHIGHCCwiACIARcAQAXIEjCNAGwGzESAn0LNdqAcwC/rsj+q6z3POnPHZH3vWV71z375VXV1VAAAAAAAAAAAAAAAAAAAAAAAAAAAAAAAAAAAAAAAAAAAAAAAAAAAAAAAAAAAAAAAAAAAAAAAAAAAAAAAAAAAAAAAAAAAAAAAAAAAAAAAAAAAAAAAAAAAAAAAAAAAAAAAAAAAAAAAAAAAAAAAAAAAAAAAAAAAAAAAAAAAAAAAAAAAAd7RQAijPwcHiqP06vO9/T9PsNqoJAgAwbVNPDX3f2I+6//iX7rvuPkO6aD/n3T+n77/bz3b/acPC1l8JBADg/o1+2X5+6hr7cib/88+7QPCf7p/PBQMQAIDvN/x9s/+5+64L+1dMk4NNFwo2lhVAAICoDX9/R/9r930YsAwpBPzZBYJzVwUIAFBy03/cfn6vvqzfc2nbfs7azxthAAQA0PRjh4FTewdAAIC5Nf5l+/VH1/y5u/MuCKyVAgQAyLnxr9qvZ1V5m/imljYRnrafV20YuFAOEAAgh6afNvCddHf8hyoyuDQNeGF5AAQAmLL5n3R3/Br/+F6YCIAAAGM3/rS2/7Iy6p/ap6WBNgQ8VwoQAGDIxp8a/utqPqfyRbFtP08cMAS3/E1TArhR80/j/veaf5ZSMHvX/o1ednsyABMAcNdvGgCYAMDtmv9jd/2znQY8VwowAYC7NP+0ye9EJWYtTQF+86QACABwk8af1pDfuusvxrYLAd4xAN/+3ikBfG7+6bz+d5p/UerqcknA3xRMAODK5m8XebmeeK8ACACg+QsBIACA5q/5CwEgAIDmjxAAAgAU2fxT0/+g+Yf2yIFBhP4dVAKCNn93/rztpkBgAgBBAkB6zv+xSlBdnhNw7LAgTACg/Ob/XPPnK3V1efAThPMvJSBQ819Wly/2gX+EgEVrt/t0dDCEYQmAKM3fpj+uY1MgsX4XlYAgXmv+XHeNdEERBAAo5O4/rflb9+c6dft5pgxEYQmA0pu/0T+3ZSkAEwAowEvNnztcMyAAwIzv/tMhLyuV4JaO2mvnRBkonSUASg4A6bS/pUpwB+lgoIcOCMIEAObX/JeaP/eQlo1MATABgBkGgLTxr1YJTAHABIA4zX+l+WMKACYAxAsA1v4xBQATAII1/6XmjykAmAAQLwB41S+9TwGaZvdAGTABgHybf635M8QUoNtXAgIAZOoPJWAgvysBpbEEQEkTgI+VY38ZTtoMuFUGTAAgr+b/WPNnYCZMCACQoV+VgIHZX0JRLAFQwt1/uvP/qBKM4LhpdufKgAkAuDMjFpsBEQAgI78oAcIm3I4lAOafYu3+Z1yWATABgAya/1LzxxQABADisfufsVlyogiWAJj7BOB9+3WkEozsgTcEYgIA0zX/Q82fiSyVAAEA/AgTj+CJAAB+hAnIPgBmzx4A5pteDxbvTAGYStPs/H5iAgAmAAQMoK4/BACY4Me3rjz/jwAKAgB+fGFkPysBAgAIALgGQQCAEdiFjQAAAgABWf9n8muwO4wKBABw94XrEAQAGOaivXwCAHLgWkQAAD+6uBZBAIAhGbuSC48CIgDAiGy8wrUIAgAB/aQEZKJWAgQA8KOLaxEEAAAgX15nyfxS68Fipwpk5LhpdufKgAkAQCw2AiIAAAACAPR/wToFEBMAEAAISQAgNw6mQgAAAAQAAEAAAAAEAABAAAAABAD4kaUSkBmvBEYAAAjIOQAIAACAAAAACAAAgAAAAAgAcEMXSkBmtkqAAADDO1cCMvNfJUAAAAAEAABAAAAABAAAQAAAAAQA+IGtEpAZT6YgAMDQmmYnAJAbZ1MgAAAAAgAAIABAb6y54noEAYCArLmSjabZuR4RAAAAAQCGslUCMmH8jwAAI/L2NXJh/I8AAAAIADCkjRKQib+UAAEAABAAYEA2XuFaBAGAaDx3TUZciwgAMLKtEuA6BAEAP7wwOm+nRAAAAQDXIAgAMAKHASEAgABAQHZf4xoEAYCA7L5man8rAXO2UAJmm14PFjtVYEKPmma3UQZMAMAUANcfCAAwAmuwTKa9+3f9IQCAAIBrDwQAGItHAZnKVgkQAMBdGPH8RwkQAEAAwLUHAgCMpXsroJ3YTGGrBAgA4E6MeOHTdYcAABP7SwkY2UYJEABgelslwDUHAgDxGMUyNk8AIADA1KzFInTC3XgZEPNPsQeLd+3XUiUYKXT63cQEANyR4VoDAQCmYk0WAQAEAALaKAEj8dgpAgDkoml228qJgJgAgACAKQAM4MJTJwgAkB/7AHD3DwIAJgDQO+v/FMXzrJSTZg8WO1VgQI+aZidoIgBAhgHAgUAMxgFAFPebqQQUxIiWobjzRwAAP9IIlzB/RlqUlWjtA2AY1v8RACDzAGAfAL2z/k+Rv5dKQGGMaumbO38EAJiBMyWgZ38qASUy1qK8VHuw+Nh+HaoEPTl2BDAmADAPGyWgJ87/RwCAGTGypS+WlBAAwASAgGwqpVj2AFBmsj1YvG+/jlSCe3rQNLsLZcAEAEwBiONc80cAgPl5owTck70kFM0SAOWmW48Dcj8e/8MEAGbKDm7uaqv5IwDAfBnhIjzCD1gCoOyE6+2A3I23/2ECAO7kCOZC80cAgPmzDIDQCAIAfsxBaITEHgDKT7kHi7ft12OV4AbS+P+BMmACAO7oiMXECAEA/KgjLIIAALPVnee+VgmukQ7/ERYRAMCdHcFo/oRiEyBx0q53A3A1Z/9jAgDu8AjG2f8IAFCwUyXAtQGXLAEQK/EeLD60X7VK8I2HTbPbKgMmAOBOjzjONH8EACjfWgn4hidECMkSAPFSr6OB+cLRv5gAQCBvlIDOWgkwAYBYUwCbAUls/sMEAEwBCGaj+SMAQDyvlEAIVAIEAAjGC4LCSyf/+fsjAIA7QPztIRabAImdgA8W79uvI5UI50E3BQITAAjKyYDxrDV/MAEAjwTG47W/YAIAn1gPjmOj+YMJAOwnAIftV5oCHKpG8R61AWCjDGACAB4JjGOr+YMAAN+yGbB8L5QAvrAEAPs0fLB43X6tVKLYu/+HygACAHwvANTV5V4AyvPEyX8gAIApgLt/EACUAEwB3P2DAABCgCmAu38QAMAUAHf/IACAKQDu/kEAAFMA3P2DAACmALj7BwEAZh8AvCNgvn5rA8CZMsAVv3FKAN/XvSPAEcHzs9H8wQQA+pgCvG8/tWrMhjf+gQkA9DIF8BKZ+Vhr/mACAH1OAtIU4EglspbC2nEbALZKASYA0JenSpC9U80fTABgiCmAxwLz5bE/EABgsADgscB82fgHt/1NUwK4GRsCs3Wm+YMJAIwxCXjXfi1VIgs2/oEJAIzGhsB8vND8QQCAUbQN57yyFJCDdOLfK2WAu7EEAHdNz84GmJLRP5gAwGSeKMFkjP5BAIBpWAqYjNE/9MASANw3RVsKGJPRP5gAQDZ+6xoTw3uq+YMJAOQ0BVi1X69VYlDnbfM/VgYwAYBstI1p3X6tVWJQpiwgAECW0gFB58oACAAQawqQ7lA9GjicWgmgP/YAQN+p+mCxU4XBQpbfLDABgCybv7tUQACAgASAYQPWUhVAAIAcHSoBIABAPE4EHJYJAAgAkKWflWBQPykBCACQo1oJ1BfmwCM10Gei9gjg4DwKCCYAkFvzX6qCOoMAAPFoTOOw0RIEAMjKL0qgzjAX1tKgjyR9sEjP/39UiXHYBwAmAJCLx0owauBSbxAAIAu/KoF6w5wYo8H970br9uuDSowqvXr5YfcKZsAEACaxUoLRpT0XlgHABAAmnQB8rLwEaArbptk9VAYwAYApmv+J5j+Zuq3/ShnABADGbv6p8X8QAEwBwAQAYnmt+WcxBXiuDGACAGPd/a+6AEAejptmd64MIADAkM0/nUX/zt1/VrZdCPBYINz0t0wJQPMvQJ3+Lt2+DEAAgF6b/0rzz9pRFwK8LRAEAOil8aeNZm8rm/7mFAJOlAKuZg8A/Ljxp2afGskfGv8sbdrPi6bZbZQCBADQ+OM5az9P2yCwVQoQAEDjj2fdTQQEARAA4PPb/FLTX2n8YYLAG0sDCAAQt/Gnt8n9XnmrXFQpAJy2QeBMKRAAIMbd/qpr/LWKUF0eIvSm/bxykBACAJTV9Pfvjk9Nf6kiXGHdfv40FUAAgHk3fiN+7jsVWNs0iAAA82n6v3ZN34Y++pBeMnTafs4sESAAgKZPTGlp4E9hAAEANH2EAWEAAQA0fYQBYQABADR9hAEQAEDTRxgAAQA0fYQBEADQ9FUEYQAEADR9iGJdOX0QAQBNH8K62E8GhAEEADR9EAaEAQQAsm/6R9Xl2fsrTR96DQPr9vOmDQPnyoEAQG5NP93p1yoCg9p2k4FTLylCAGCKpl9XX16ve6QiMIk0DUhvLDwTBhAAGLLpH37V9JcqAlnZ7xdYKwUCAH01/v1mvpVqQPb2mwfTfoGNciAAcNumX7dff1TW9WHOtu3ntLJEgADANU1/P+JPjd+6PpRlPxXwSCECAJ8b/9FXd/se3YOy7R8p9BQBAoC7fXf7ENSmmwqslUIAoPzGX7dfz9ztA19Jk4D0OOHaVEAAoLzGv6o8vgdcb3/I0EYpBADm2/TTHf5J1/hrFQFuORV4YXlAAGBejT81e2N+oA9p02B6lNDygABAxo1/WX3ZzQ/Qt3U3FRAEBAAyafz73fxL1QBGsOmCwEYpBACmafyr6nLUX6sGIAggAGj8AGNKbyU8tWFQAEDjB2LaVp4cEADQ+IHQQeCp9w4IANy98S/br5eVo3qBedpU9ggIANy68ac7/qVqAIIAAkD5jb/uGv9KNYACrSvnCAgA/KPx74/sTc/yO7kPKN2rLghcKIUAELn5ryob/IB4LroQ8EopBIBojT9t7Esb/JaqAQSWzhB4an+AABCh8e/H/c9UA+CzdRcELAsIAEU2/3S3/7oy7gf4HssCAkCRd/2p8XtLH8D10rLAkzYInCvFwP1JCQZt/qnpf9D8AW4s7ZF63/5+PlcKEwB3/QAxbbtpwEYpBIA5NP+UXt9W1voB+pL2BpgICABZN/9Vdfl4nwN9APqV9gT85iTBHnuWEvTW/FPjf635AwxivzfA0qoJQFbNPzX+lUoAjOKpxwUFgKkbv81+ANNYtyHgiTIIAFM1/3fV5VgKgAlCQOUEQQFgggDwXvMHmFzaHPhICLhDH1OCOzX/15o/QBbSb/G7biqLCcDgzX+lEgB5TQKaZnesDCYAQzX/E80fIM9JQHeDhglA780/7fR/qxIAWfN0gADQa/P/tMZUOeQHYA6cEyAA9NL8Pe4HMD/p2OAzZRAA7hMAbPoDmJ/0WOCxdwdc0d+U4Mrmv9L8AWYpTW/fejzQBOAuzb9uv95X1v0B5symQAHg1gEgrfsvVQJg9uwHEABu3PzT8/4vVQKgCGk/wEPHBQsA1zX/ujL6ByjNpg0Aj5Thq36nBP/npeYPUJxlt7EbE4Dv3v077Q+gXJYCTACuvPsHoEyHfucFgO/d/T9vv2qVACjaqv29XyqDJYB980+p8ENl7R8gAq8ONgH47JnmDxDGkQ2BJgD7x/4++P8DQCjb6vJdAWE3BJoAXN79AxBLuvk7MQFw9w9APKEfC4w+AXD3DxDXYeQpQNgJgLt/ACJPASJPAFauewBTgKhTgJATAM/9A/D1FKBpdg9MAOLc/Wv+AHyaAkQ8FyDqBCDd/deueQA626bZPTQBKLv5P9b8AfhGHe0dARGXAH53nQMQvT+EWgLw6B8A13gQ5ZHAaBOAx65tAK6wMgEocwJg8x8AVwmzGTDMBKBt/keaPwDXqLt+IQAUxOY/APSLTpglAON/AG4oxDJAiAmA8T8AtxBiGSDKEoDxPwD6xldCLAEY/wNwS8UvAxQfABz+A8AdPWxDwLbY/hjgD+jwHwD0j4AB4BfXMAD6xz9FWALYuYYBuIum2RXbJ4ueAER7tSMA+ogAcEkAAEAfCRgArP8DoI98R9F7AKz/A3Bfpe4DKHYCYP0fAP0kYACorP8DoJ+EDAA/u2YB0E/iBYAj1ywA+sn3lbmx4WBx2H59dM0C0JMHTbO7MAGQ1gAwBRAAMrR0rQKgr8QLADYAAqCvBAwAtWsVAH3lx0rdBOgEQAB6VdqJgMVNAJwACMBA/aWojYAlLgEcukwBGEAtAOTNI4AA6C8BA4AnAADQXwIGAEsAAOgv1yjuKQBPAAAwlJKeBBAAACBgAChqCcAjgADoMwEDAAAQMwCYAACgz5gAAAARAoAzAADQZwIGAGcAAKDPBAwAAMANlPVqQ2cAADCwUs4CEAAAQAAQAAAgQgAoZg+AUwAB0G8CBgAAQAAAAAQAAKDUALD05wRAvzEBAAAEAABAAAAAAQAAEAAAAAEAABAAAAABIBv/9ucEgHgB4MifEwDiBYBzf04AiBcA/vbnBIB4AQAAAAAAAAAAAAAAAAAAAAAAAAAAAAAAAAAAAAAAAAAAAAAAAAAAAAAAAAAAAAAAAAAAAAAAAAAAAAAAAAAAAAAAAAAAAAAAAAAAAAAAAAAAAAAAAAAAAAAAAAAAAAAAAAAAAAAAAAAAAAAAAAAAAAAAAAAAAAAAAAAAAAAAAAAAABjZ/wQYAGVy88shRG24AAAAAElFTkSuQmCC','+2389573218','ivanildoee@gmail.com','2020-09-30 14:51:56','2020-12-21 21:49:33','2021-12-20 08:49:33',10,'Admin',3232343,1,0,1),('IT',26,'afortes','62ee3d08675e5a4f4a98ee6950b4ab5638fa502d33c86fecece2028b093e4aeb','Anilton Fortes','iVBORw0KGgoAAAANSUhEUgAAAgAAAAIACAYAAAD0eNT6AAAAGXRFWHRTb2Z0d2FyZQBBZG9iZSBJbWFnZVJlYWR5ccllPAAAE3BJREFUeNrs3e11FEcWBuAebQArInATgaUIPERgHIGHCCwiACIARcAQAXIEjCNAGwGzESAn0LNdqAcwC/rsj+q6z3POnPHZH3vWV71z375VXV1VAAAAAAAAAAAAAAAAAAAAAAAAAAAAAAAAAAAAAAAAAAAAAAAAAAAAAAAAAAAAAAAAAAAAAAAAAAAAAAAAAAAAAAAAAAAAAAAAAAAAAAAAAAAAAAAAAAAAAAAAAAAAAAAAAAAAAAAAAAAAAAAAAAAAAAAAAAAAAAAAAAAAAAAAAAAAd7RQAijPwcHiqP06vO9/T9PsNqoJAgAwbVNPDX3f2I+6//iX7rvuPkO6aD/n3T+n77/bz3b/acPC1l8JBADg/o1+2X5+6hr7cib/88+7QPCf7p/PBQMQAIDvN/x9s/+5+64L+1dMk4NNFwo2lhVAAICoDX9/R/9r930YsAwpBPzZBYJzVwUIAFBy03/cfn6vvqzfc2nbfs7azxthAAQA0PRjh4FTewdAAIC5Nf5l+/VH1/y5u/MuCKyVAgQAyLnxr9qvZ1V5m/imljYRnrafV20YuFAOEAAgh6afNvCddHf8hyoyuDQNeGF5AAQAmLL5n3R3/Br/+F6YCIAAAGM3/rS2/7Iy6p/ap6WBNgQ8VwoQAGDIxp8a/utqPqfyRbFtP08cMAS3/E1TArhR80/j/veaf5ZSMHvX/o1ednsyABMAcNdvGgCYAMDtmv9jd/2znQY8VwowAYC7NP+0ye9EJWYtTQF+86QACABwk8af1pDfuusvxrYLAd4xAN/+3ikBfG7+6bz+d5p/UerqcknA3xRMAODK5m8XebmeeK8ACACg+QsBIACA5q/5CwEgAIDmjxAAAgAU2fxT0/+g+Yf2yIFBhP4dVAKCNn93/rztpkBgAgBBAkB6zv+xSlBdnhNw7LAgTACg/Ob/XPPnK3V1efAThPMvJSBQ819Wly/2gX+EgEVrt/t0dDCEYQmAKM3fpj+uY1MgsX4XlYAgXmv+XHeNdEERBAAo5O4/rflb9+c6dft5pgxEYQmA0pu/0T+3ZSkAEwAowEvNnztcMyAAwIzv/tMhLyuV4JaO2mvnRBkonSUASg4A6bS/pUpwB+lgoIcOCMIEAObX/JeaP/eQlo1MATABgBkGgLTxr1YJTAHABIA4zX+l+WMKACYAxAsA1v4xBQATAII1/6XmjykAmAAQLwB41S+9TwGaZvdAGTABgHybf635M8QUoNtXAgIAZOoPJWAgvysBpbEEQEkTgI+VY38ZTtoMuFUGTAAgr+b/WPNnYCZMCACQoV+VgIHZX0JRLAFQwt1/uvP/qBKM4LhpdufKgAkAuDMjFpsBEQAgI78oAcIm3I4lAOafYu3+Z1yWATABgAya/1LzxxQABADisfufsVlyogiWAJj7BOB9+3WkEozsgTcEYgIA0zX/Q82fiSyVAAEA/AgTj+CJAAB+hAnIPgBmzx4A5pteDxbvTAGYStPs/H5iAgAmAAQMoK4/BACY4Me3rjz/jwAKAgB+fGFkPysBAgAIALgGQQCAEdiFjQAAAgABWf9n8muwO4wKBABw94XrEAQAGOaivXwCAHLgWkQAAD+6uBZBAIAhGbuSC48CIgDAiGy8wrUIAgAB/aQEZKJWAgQA8KOLaxEEAAAgX15nyfxS68Fipwpk5LhpdufKgAkAQCw2AiIAAAACAPR/wToFEBMAEAAISQAgNw6mQgAAAAQAAEAAAAAEAABAAAAABAD4kaUSkBmvBEYAAAjIOQAIAACAAAAACAAAgAAAAAgAcEMXSkBmtkqAAADDO1cCMvNfJUAAAAAEAABAAAAABAAAQAAAAAQA+IGtEpAZT6YgAMDQmmYnAJAbZ1MgAAAAAgAAIABAb6y54noEAYCArLmSjabZuR4RAAAAAQCGslUCMmH8jwAAI/L2NXJh/I8AAAAIADCkjRKQib+UAAEAABAAYEA2XuFaBAGAaDx3TUZciwgAMLKtEuA6BAEAP7wwOm+nRAAAAQDXIAgAMAKHASEAgABAQHZf4xoEAYCA7L5man8rAXO2UAJmm14PFjtVYEKPmma3UQZMAMAUANcfCAAwAmuwTKa9+3f9IQCAAIBrDwQAGItHAZnKVgkQAMBdGPH8RwkQAEAAwLUHAgCMpXsroJ3YTGGrBAgA4E6MeOHTdYcAABP7SwkY2UYJEABgelslwDUHAgDxGMUyNk8AIADA1KzFInTC3XgZEPNPsQeLd+3XUiUYKXT63cQEANyR4VoDAQCmYk0WAQAEAALaKAEj8dgpAgDkoml228qJgJgAgACAKQAM4MJTJwgAkB/7AHD3DwIAJgDQO+v/FMXzrJSTZg8WO1VgQI+aZidoIgBAhgHAgUAMxgFAFPebqQQUxIiWobjzRwAAP9IIlzB/RlqUlWjtA2AY1v8RACDzAGAfAL2z/k+Rv5dKQGGMaumbO38EAJiBMyWgZ38qASUy1qK8VHuw+Nh+HaoEPTl2BDAmADAPGyWgJ87/RwCAGTGypS+WlBAAwASAgGwqpVj2AFBmsj1YvG+/jlSCe3rQNLsLZcAEAEwBiONc80cAgPl5owTck70kFM0SAOWmW48Dcj8e/8MEAGbKDm7uaqv5IwDAfBnhIjzCD1gCoOyE6+2A3I23/2ECAO7kCOZC80cAgPmzDIDQCAIAfsxBaITEHgDKT7kHi7ft12OV4AbS+P+BMmACAO7oiMXECAEA/KgjLIIAALPVnee+VgmukQ7/ERYRAMCdHcFo/oRiEyBx0q53A3A1Z/9jAgDu8AjG2f8IAFCwUyXAtQGXLAEQK/EeLD60X7VK8I2HTbPbKgMmAOBOjzjONH8EACjfWgn4hidECMkSAPFSr6OB+cLRv5gAQCBvlIDOWgkwAYBYUwCbAUls/sMEAEwBCGaj+SMAQDyvlEAIVAIEAAjGC4LCSyf/+fsjAIA7QPztIRabAImdgA8W79uvI5UI50E3BQITAAjKyYDxrDV/MAEAjwTG47W/YAIAn1gPjmOj+YMJAOwnAIftV5oCHKpG8R61AWCjDGACAB4JjGOr+YMAAN+yGbB8L5QAvrAEAPs0fLB43X6tVKLYu/+HygACAHwvANTV5V4AyvPEyX8gAIApgLt/EACUAEwB3P2DAABCgCmAu38QAMAUAHf/IACAKQDu/kEAAFMA3P2DAACmALj7BwEAZh8AvCNgvn5rA8CZMsAVv3FKAN/XvSPAEcHzs9H8wQQA+pgCvG8/tWrMhjf+gQkA9DIF8BKZ+Vhr/mACAH1OAtIU4EglspbC2nEbALZKASYA0JenSpC9U80fTABgiCmAxwLz5bE/EABgsADgscB82fgHt/1NUwK4GRsCs3Wm+YMJAIwxCXjXfi1VIgs2/oEJAIzGhsB8vND8QQCAUbQN57yyFJCDdOLfK2WAu7EEAHdNz84GmJLRP5gAwGSeKMFkjP5BAIBpWAqYjNE/9MASANw3RVsKGJPRP5gAQDZ+6xoTw3uq+YMJAOQ0BVi1X69VYlDnbfM/VgYwAYBstI1p3X6tVWJQpiwgAECW0gFB58oACAAQawqQ7lA9GjicWgmgP/YAQN+p+mCxU4XBQpbfLDABgCybv7tUQACAgASAYQPWUhVAAIAcHSoBIABAPE4EHJYJAAgAkKWflWBQPykBCACQo1oJ1BfmwCM10Gei9gjg4DwKCCYAkFvzX6qCOoMAAPFoTOOw0RIEAMjKL0qgzjAX1tKgjyR9sEjP/39UiXHYBwAmAJCLx0owauBSbxAAIAu/KoF6w5wYo8H970br9uuDSowqvXr5YfcKZsAEACaxUoLRpT0XlgHABAAmnQB8rLwEaArbptk9VAYwAYApmv+J5j+Zuq3/ShnABADGbv6p8X8QAEwBwAQAYnmt+WcxBXiuDGACAGPd/a+6AEAejptmd64MIADAkM0/nUX/zt1/VrZdCPBYINz0t0wJQPMvQJ3+Lt2+DEAAgF6b/0rzz9pRFwK8LRAEAOil8aeNZm8rm/7mFAJOlAKuZg8A/Ljxp2afGskfGv8sbdrPi6bZbZQCBADQ+OM5az9P2yCwVQoQAEDjj2fdTQQEARAA4PPb/FLTX2n8YYLAG0sDCAAQt/Gnt8n9XnmrXFQpAJy2QeBMKRAAIMbd/qpr/LWKUF0eIvSm/bxykBACAJTV9Pfvjk9Nf6kiXGHdfv40FUAAgHk3fiN+7jsVWNs0iAAA82n6v3ZN34Y++pBeMnTafs4sESAAgKZPTGlp4E9hAAEANH2EAWEAAQA0fYQBYQABADR9hAEQAEDTRxgAAQA0fYQBEADQ9FUEYQAEADR9iGJdOX0QAQBNH8K62E8GhAEEADR9EAaEAQQAsm/6R9Xl2fsrTR96DQPr9vOmDQPnyoEAQG5NP93p1yoCg9p2k4FTLylCAGCKpl9XX16ve6QiMIk0DUhvLDwTBhAAGLLpH37V9JcqAlnZ7xdYKwUCAH01/v1mvpVqQPb2mwfTfoGNciAAcNumX7dff1TW9WHOtu3ntLJEgADANU1/P+JPjd+6PpRlPxXwSCECAJ8b/9FXd/se3YOy7R8p9BQBAoC7fXf7ENSmmwqslUIAoPzGX7dfz9ztA19Jk4D0OOHaVEAAoLzGv6o8vgdcb3/I0EYpBADm2/TTHf5J1/hrFQFuORV4YXlAAGBejT81e2N+oA9p02B6lNDygABAxo1/WX3ZzQ/Qt3U3FRAEBAAyafz73fxL1QBGsOmCwEYpBACmafyr6nLUX6sGIAggAGj8AGNKbyU8tWFQAEDjB2LaVp4cEADQ+IHQQeCp9w4IANy98S/br5eVo3qBedpU9ggIANy68ac7/qVqAIIAAkD5jb/uGv9KNYACrSvnCAgA/KPx74/sTc/yO7kPKN2rLghcKIUAELn5ryob/IB4LroQ8EopBIBojT9t7Esb/JaqAQSWzhB4an+AABCh8e/H/c9UA+CzdRcELAsIAEU2/3S3/7oy7gf4HssCAkCRd/2p8XtLH8D10rLAkzYInCvFwP1JCQZt/qnpf9D8AW4s7ZF63/5+PlcKEwB3/QAxbbtpwEYpBIA5NP+UXt9W1voB+pL2BpgICABZN/9Vdfl4nwN9APqV9gT85iTBHnuWEvTW/FPjf635AwxivzfA0qoJQFbNPzX+lUoAjOKpxwUFgKkbv81+ANNYtyHgiTIIAFM1/3fV5VgKgAlCQOUEQQFgggDwXvMHmFzaHPhICLhDH1OCOzX/15o/QBbSb/G7biqLCcDgzX+lEgB5TQKaZnesDCYAQzX/E80fIM9JQHeDhglA780/7fR/qxIAWfN0gADQa/P/tMZUOeQHYA6cEyAA9NL8Pe4HMD/p2OAzZRAA7hMAbPoDmJ/0WOCxdwdc0d+U4Mrmv9L8AWYpTW/fejzQBOAuzb9uv95X1v0B5symQAHg1gEgrfsvVQJg9uwHEABu3PzT8/4vVQKgCGk/wEPHBQsA1zX/ujL6ByjNpg0Aj5Thq36nBP/npeYPUJxlt7EbE4Dv3v077Q+gXJYCTACuvPsHoEyHfucFgO/d/T9vv2qVACjaqv29XyqDJYB980+p8ENl7R8gAq8ONgH47JnmDxDGkQ2BJgD7x/4++P8DQCjb6vJdAWE3BJoAXN79AxBLuvk7MQFw9w9APKEfC4w+AXD3DxDXYeQpQNgJgLt/ACJPASJPAFauewBTgKhTgJATAM/9A/D1FKBpdg9MAOLc/Wv+AHyaAkQ8FyDqBCDd/deueQA626bZPTQBKLv5P9b8AfhGHe0dARGXAH53nQMQvT+EWgLw6B8A13gQ5ZHAaBOAx65tAK6wMgEocwJg8x8AVwmzGTDMBKBt/keaPwDXqLt+IQAUxOY/APSLTpglAON/AG4oxDJAiAmA8T8AtxBiGSDKEoDxPwD6xldCLAEY/wNwS8UvAxQfABz+A8AdPWxDwLbY/hjgD+jwHwD0j4AB4BfXMAD6xz9FWALYuYYBuIum2RXbJ4ueAER7tSMA+ogAcEkAAEAfCRgArP8DoI98R9F7AKz/A3Bfpe4DKHYCYP0fAP0kYACorP8DoJ+EDAA/u2YB0E/iBYAj1ywA+sn3lbmx4WBx2H59dM0C0JMHTbO7MAGQ1gAwBRAAMrR0rQKgr8QLADYAAqCvBAwAtWsVAH3lx0rdBOgEQAB6VdqJgMVNAJwACMBA/aWojYAlLgEcukwBGEAtAOTNI4AA6C8BA4AnAADQXwIGAEsAAOgv1yjuKQBPAAAwlJKeBBAAACBgAChqCcAjgADoMwEDAAAQMwCYAACgz5gAAAARAoAzAADQZwIGAGcAAKDPBAwAAMANlPVqQ2cAADCwUs4CEAAAQAAQAAAgQgAoZg+AUwAB0G8CBgAAQAAAAAQAAKDUALD05wRAvzEBAAAEAABAAAAAAQAAEAAAAAEAABAAAAABIBv/9ucEgHgB4MifEwDiBYBzf04AiBcA/vbnBIB4AQAAAAAAAAAAAAAAAAAAAAAAAAAAAAAAAAAAAAAAAAAAAAAAAAAAAAAAAAAAAAAAAAAAAAAAAAAAAAAAAAAAAAAAAAAAAAAAAAAAAAAAAAAAAAAAAAAAAAAAAAAAAAAAAAAAAAAAAAAAAAAAAAAAAAAAAAAAAAAAAAAAAAAAAAAAABjZ/wQYAGVy88shRG24AAAAAElFTkSuQmCC','+2389899252','aniltonafortes@gmail.com','2002-10-20 09:55:08','2020-12-23 17:17:52','2023-12-20 04:17:52',10,'Admin',1234,1,1,1),('DICS',29,'teste01','62ee3d08675e5a4f4a98ee6950b4ab5638fa502d33c86fecece2028b093e4aeb','Abel Cardoso','iVBORw0KGgoAAAANSUhEUgAAAgAAAAIACAYAAAD0eNT6AAAAGXRFWHRTb2Z0d2FyZQBBZG9iZSBJbWFnZVJlYWR5ccllPAAAE3BJREFUeNrs3e11FEcWBuAebQArInATgaUIPERgHIGHCCwiACIARcAQAXIEjCNAGwGzESAn0LNdqAcwC/rsj+q6z3POnPHZH3vWV71z375VXV1VAAAAAAAAAAAAAAAAAAAAAAAAAAAAAAAAAAAAAAAAAAAAAAAAAAAAAAAAAAAAAAAAAAAAAAAAAAAAAAAAAAAAAAAAAAAAAAAAAAAAAAAAAAAAAAAAAAAAAAAAAAAAAAAAAAAAAAAAAAAAAAAAAAAAAAAAAAAAAAAAAAAAAAAAAAAAd7RQAijPwcHiqP06vO9/T9PsNqoJAgAwbVNPDX3f2I+6//iX7rvuPkO6aD/n3T+n77/bz3b/acPC1l8JBADg/o1+2X5+6hr7cib/88+7QPCf7p/PBQMQAIDvN/x9s/+5+64L+1dMk4NNFwo2lhVAAICoDX9/R/9r930YsAwpBPzZBYJzVwUIAFBy03/cfn6vvqzfc2nbfs7azxthAAQA0PRjh4FTewdAAIC5Nf5l+/VH1/y5u/MuCKyVAgQAyLnxr9qvZ1V5m/imljYRnrafV20YuFAOEAAgh6afNvCddHf8hyoyuDQNeGF5AAQAmLL5n3R3/Br/+F6YCIAAAGM3/rS2/7Iy6p/ap6WBNgQ8VwoQAGDIxp8a/utqPqfyRbFtP08cMAS3/E1TArhR80/j/veaf5ZSMHvX/o1ednsyABMAcNdvGgCYAMDtmv9jd/2znQY8VwowAYC7NP+0ye9EJWYtTQF+86QACABwk8af1pDfuusvxrYLAd4xAN/+3ikBfG7+6bz+d5p/UerqcknA3xRMAODK5m8XebmeeK8ACACg+QsBIACA5q/5CwEgAIDmjxAAAgAU2fxT0/+g+Yf2yIFBhP4dVAKCNn93/rztpkBgAgBBAkB6zv+xSlBdnhNw7LAgTACg/Ob/XPPnK3V1efAThPMvJSBQ819Wly/2gX+EgEVrt/t0dDCEYQmAKM3fpj+uY1MgsX4XlYAgXmv+XHeNdEERBAAo5O4/rflb9+c6dft5pgxEYQmA0pu/0T+3ZSkAEwAowEvNnztcMyAAwIzv/tMhLyuV4JaO2mvnRBkonSUASg4A6bS/pUpwB+lgoIcOCMIEAObX/JeaP/eQlo1MATABgBkGgLTxr1YJTAHABIA4zX+l+WMKACYAxAsA1v4xBQATAII1/6XmjykAmAAQLwB41S+9TwGaZvdAGTABgHybf635M8QUoNtXAgIAZOoPJWAgvysBpbEEQEkTgI+VY38ZTtoMuFUGTAAgr+b/WPNnYCZMCACQoV+VgIHZX0JRLAFQwt1/uvP/qBKM4LhpdufKgAkAuDMjFpsBEQAgI78oAcIm3I4lAOafYu3+Z1yWATABgAya/1LzxxQABADisfufsVlyogiWAJj7BOB9+3WkEozsgTcEYgIA0zX/Q82fiSyVAAEA/AgTj+CJAAB+hAnIPgBmzx4A5pteDxbvTAGYStPs/H5iAgAmAAQMoK4/BACY4Me3rjz/jwAKAgB+fGFkPysBAgAIALgGQQCAEdiFjQAAAgABWf9n8muwO4wKBABw94XrEAQAGOaivXwCAHLgWkQAAD+6uBZBAIAhGbuSC48CIgDAiGy8wrUIAgAB/aQEZKJWAgQA8KOLaxEEAAAgX15nyfxS68Fipwpk5LhpdufKgAkAQCw2AiIAAAACAPR/wToFEBMAEAAISQAgNw6mQgAAAAQAAEAAAAAEAABAAAAABAD4kaUSkBmvBEYAAAjIOQAIAACAAAAACAAAgAAAAAgAcEMXSkBmtkqAAADDO1cCMvNfJUAAAAAEAABAAAAABAAAQAAAAAQA+IGtEpAZT6YgAMDQmmYnAJAbZ1MgAAAAAgAAIABAb6y54noEAYCArLmSjabZuR4RAAAAAQCGslUCMmH8jwAAI/L2NXJh/I8AAAAIADCkjRKQib+UAAEAABAAYEA2XuFaBAGAaDx3TUZciwgAMLKtEuA6BAEAP7wwOm+nRAAAAQDXIAgAMAKHASEAgABAQHZf4xoEAYCA7L5man8rAXO2UAJmm14PFjtVYEKPmma3UQZMAMAUANcfCAAwAmuwTKa9+3f9IQCAAIBrDwQAGItHAZnKVgkQAMBdGPH8RwkQAEAAwLUHAgCMpXsroJ3YTGGrBAgA4E6MeOHTdYcAABP7SwkY2UYJEABgelslwDUHAgDxGMUyNk8AIADA1KzFInTC3XgZEPNPsQeLd+3XUiUYKXT63cQEANyR4VoDAQCmYk0WAQAEAALaKAEj8dgpAgDkoml228qJgJgAgACAKQAM4MJTJwgAkB/7AHD3DwIAJgDQO+v/FMXzrJSTZg8WO1VgQI+aZidoIgBAhgHAgUAMxgFAFPebqQQUxIiWobjzRwAAP9IIlzB/RlqUlWjtA2AY1v8RACDzAGAfAL2z/k+Rv5dKQGGMaumbO38EAJiBMyWgZ38qASUy1qK8VHuw+Nh+HaoEPTl2BDAmADAPGyWgJ87/RwCAGTGypS+WlBAAwASAgGwqpVj2AFBmsj1YvG+/jlSCe3rQNLsLZcAEAEwBiONc80cAgPl5owTck70kFM0SAOWmW48Dcj8e/8MEAGbKDm7uaqv5IwDAfBnhIjzCD1gCoOyE6+2A3I23/2ECAO7kCOZC80cAgPmzDIDQCAIAfsxBaITEHgDKT7kHi7ft12OV4AbS+P+BMmACAO7oiMXECAEA/KgjLIIAALPVnee+VgmukQ7/ERYRAMCdHcFo/oRiEyBx0q53A3A1Z/9jAgDu8AjG2f8IAFCwUyXAtQGXLAEQK/EeLD60X7VK8I2HTbPbKgMmAOBOjzjONH8EACjfWgn4hidECMkSAPFSr6OB+cLRv5gAQCBvlIDOWgkwAYBYUwCbAUls/sMEAEwBCGaj+SMAQDyvlEAIVAIEAAjGC4LCSyf/+fsjAIA7QPztIRabAImdgA8W79uvI5UI50E3BQITAAjKyYDxrDV/MAEAjwTG47W/YAIAn1gPjmOj+YMJAOwnAIftV5oCHKpG8R61AWCjDGACAB4JjGOr+YMAAN+yGbB8L5QAvrAEAPs0fLB43X6tVKLYu/+HygACAHwvANTV5V4AyvPEyX8gAIApgLt/EACUAEwB3P2DAABCgCmAu38QAMAUAHf/IACAKQDu/kEAAFMA3P2DAACmALj7BwEAZh8AvCNgvn5rA8CZMsAVv3FKAN/XvSPAEcHzs9H8wQQA+pgCvG8/tWrMhjf+gQkA9DIF8BKZ+Vhr/mACAH1OAtIU4EglspbC2nEbALZKASYA0JenSpC9U80fTABgiCmAxwLz5bE/EABgsADgscB82fgHt/1NUwK4GRsCs3Wm+YMJAIwxCXjXfi1VIgs2/oEJAIzGhsB8vND8QQCAUbQN57yyFJCDdOLfK2WAu7EEAHdNz84GmJLRP5gAwGSeKMFkjP5BAIBpWAqYjNE/9MASANw3RVsKGJPRP5gAQDZ+6xoTw3uq+YMJAOQ0BVi1X69VYlDnbfM/VgYwAYBstI1p3X6tVWJQpiwgAECW0gFB58oACAAQawqQ7lA9GjicWgmgP/YAQN+p+mCxU4XBQpbfLDABgCybv7tUQACAgASAYQPWUhVAAIAcHSoBIABAPE4EHJYJAAgAkKWflWBQPykBCACQo1oJ1BfmwCM10Gei9gjg4DwKCCYAkFvzX6qCOoMAAPFoTOOw0RIEAMjKL0qgzjAX1tKgjyR9sEjP/39UiXHYBwAmAJCLx0owauBSbxAAIAu/KoF6w5wYo8H970br9uuDSowqvXr5YfcKZsAEACaxUoLRpT0XlgHABAAmnQB8rLwEaArbptk9VAYwAYApmv+J5j+Zuq3/ShnABADGbv6p8X8QAEwBwAQAYnmt+WcxBXiuDGACAGPd/a+6AEAejptmd64MIADAkM0/nUX/zt1/VrZdCPBYINz0t0wJQPMvQJ3+Lt2+DEAAgF6b/0rzz9pRFwK8LRAEAOil8aeNZm8rm/7mFAJOlAKuZg8A/Ljxp2afGskfGv8sbdrPi6bZbZQCBADQ+OM5az9P2yCwVQoQAEDjj2fdTQQEARAA4PPb/FLTX2n8YYLAG0sDCAAQt/Gnt8n9XnmrXFQpAJy2QeBMKRAAIMbd/qpr/LWKUF0eIvSm/bxykBACAJTV9Pfvjk9Nf6kiXGHdfv40FUAAgHk3fiN+7jsVWNs0iAAA82n6v3ZN34Y++pBeMnTafs4sESAAgKZPTGlp4E9hAAEANH2EAWEAAQA0fYQBYQABADR9hAEQAEDTRxgAAQA0fYQBEADQ9FUEYQAEADR9iGJdOX0QAQBNH8K62E8GhAEEADR9EAaEAQQAsm/6R9Xl2fsrTR96DQPr9vOmDQPnyoEAQG5NP93p1yoCg9p2k4FTLylCAGCKpl9XX16ve6QiMIk0DUhvLDwTBhAAGLLpH37V9JcqAlnZ7xdYKwUCAH01/v1mvpVqQPb2mwfTfoGNciAAcNumX7dff1TW9WHOtu3ntLJEgADANU1/P+JPjd+6PpRlPxXwSCECAJ8b/9FXd/se3YOy7R8p9BQBAoC7fXf7ENSmmwqslUIAoPzGX7dfz9ztA19Jk4D0OOHaVEAAoLzGv6o8vgdcb3/I0EYpBADm2/TTHf5J1/hrFQFuORV4YXlAAGBejT81e2N+oA9p02B6lNDygABAxo1/WX3ZzQ/Qt3U3FRAEBAAyafz73fxL1QBGsOmCwEYpBACmafyr6nLUX6sGIAggAGj8AGNKbyU8tWFQAEDjB2LaVp4cEADQ+IHQQeCp9w4IANy98S/br5eVo3qBedpU9ggIANy68ac7/qVqAIIAAkD5jb/uGv9KNYACrSvnCAgA/KPx74/sTc/yO7kPKN2rLghcKIUAELn5ryob/IB4LroQ8EopBIBojT9t7Esb/JaqAQSWzhB4an+AABCh8e/H/c9UA+CzdRcELAsIAEU2/3S3/7oy7gf4HssCAkCRd/2p8XtLH8D10rLAkzYInCvFwP1JCQZt/qnpf9D8AW4s7ZF63/5+PlcKEwB3/QAxbbtpwEYpBIA5NP+UXt9W1voB+pL2BpgICABZN/9Vdfl4nwN9APqV9gT85iTBHnuWEvTW/FPjf635AwxivzfA0qoJQFbNPzX+lUoAjOKpxwUFgKkbv81+ANNYtyHgiTIIAFM1/3fV5VgKgAlCQOUEQQFgggDwXvMHmFzaHPhICLhDH1OCOzX/15o/QBbSb/G7biqLCcDgzX+lEgB5TQKaZnesDCYAQzX/E80fIM9JQHeDhglA780/7fR/qxIAWfN0gADQa/P/tMZUOeQHYA6cEyAA9NL8Pe4HMD/p2OAzZRAA7hMAbPoDmJ/0WOCxdwdc0d+U4Mrmv9L8AWYpTW/fejzQBOAuzb9uv95X1v0B5symQAHg1gEgrfsvVQJg9uwHEABu3PzT8/4vVQKgCGk/wEPHBQsA1zX/ujL6ByjNpg0Aj5Thq36nBP/npeYPUJxlt7EbE4Dv3v077Q+gXJYCTACuvPsHoEyHfucFgO/d/T9vv2qVACjaqv29XyqDJYB980+p8ENl7R8gAq8ONgH47JnmDxDGkQ2BJgD7x/4++P8DQCjb6vJdAWE3BJoAXN79AxBLuvk7MQFw9w9APKEfC4w+AXD3DxDXYeQpQNgJgLt/ACJPASJPAFauewBTgKhTgJATAM/9A/D1FKBpdg9MAOLc/Wv+AHyaAkQ8FyDqBCDd/deueQA626bZPTQBKLv5P9b8AfhGHe0dARGXAH53nQMQvT+EWgLw6B8A13gQ5ZHAaBOAx65tAK6wMgEocwJg8x8AVwmzGTDMBKBt/keaPwDXqLt+IQAUxOY/APSLTpglAON/AG4oxDJAiAmA8T8AtxBiGSDKEoDxPwD6xldCLAEY/wNwS8UvAxQfABz+A8AdPWxDwLbY/hjgD+jwHwD0j4AB4BfXMAD6xz9FWALYuYYBuIum2RXbJ4ueAER7tSMA+ogAcEkAAEAfCRgArP8DoI98R9F7AKz/A3Bfpe4DKHYCYP0fAP0kYACorP8DoJ+EDAA/u2YB0E/iBYAj1ywA+sn3lbmx4WBx2H59dM0C0JMHTbO7MAGQ1gAwBRAAMrR0rQKgr8QLADYAAqCvBAwAtWsVAH3lx0rdBOgEQAB6VdqJgMVNAJwACMBA/aWojYAlLgEcukwBGEAtAOTNI4AA6C8BA4AnAADQXwIGAEsAAOgv1yjuKQBPAAAwlJKeBBAAACBgAChqCcAjgADoMwEDAAAQMwCYAACgz5gAAAARAoAzAADQZwIGAGcAAKDPBAwAAMANlPVqQ2cAADCwUs4CEAAAQAAQAAAgQgAoZg+AUwAB0G8CBgAAQAAAAAQAAKDUALD05wRAvzEBAAAEAABAAAAAAQAAEAAAAAEAABAAAAABIBv/9ucEgHgB4MifEwDiBYBzf04AiBcA/vbnBIB4AQAAAAAAAAAAAAAAAAAAAAAAAAAAAAAAAAAAAAAAAAAAAAAAAAAAAAAAAAAAAAAAAAAAAAAAAAAAAAAAAAAAAAAAAAAAAAAAAAAAAAAAAAAAAAAAAAAAAAAAAAAAAAAAAAAAAAAAAAAAAAAAAAAAAAAAAAAAAAAAAAAAAAAAAAAAABjZ/wQYAGVy88shRG24AAAAAElFTkSuQmCC','899876775','abel.caixa.cv','2029-10-20 03:52:32','2020-12-14 22:13:00','2020-12-14 21:13:00',38,'Director',99,1,0,0),('DICS',33,'Aniltonf','5994471abb01112afcc18159f6cc74b4f511b99806da59b3caf5a9c173cacfc5','Anilton Fortes Caixa','iVBORw0KGgoAAAANSUhEUgAAAgAAAAIACAYAAAD0eNT6AAAAGXRFWHRTb2Z0d2FyZQBBZG9iZSBJbWFnZVJlYWR5ccllPAAAE3BJREFUeNrs3e11FEcWBuAebQArInATgaUIPERgHIGHCCwiACIARcAQAXIEjCNAGwGzESAn0LNdqAcwC/rsj+q6z3POnPHZH3vWV71z375VXV1VAAAAAAAAAAAAAAAAAAAAAAAAAAAAAAAAAAAAAAAAAAAAAAAAAAAAAAAAAAAAAAAAAAAAAAAAAAAAAAAAAAAAAAAAAAAAAAAAAAAAAAAAAAAAAAAAAAAAAAAAAAAAAAAAAAAAAAAAAAAAAAAAAAAAAAAAAAAAAAAAAAAAAAAAAAAAd7RQAijPwcHiqP06vO9/T9PsNqoJAgAwbVNPDX3f2I+6//iX7rvuPkO6aD/n3T+n77/bz3b/acPC1l8JBADg/o1+2X5+6hr7cib/88+7QPCf7p/PBQMQAIDvN/x9s/+5+64L+1dMk4NNFwo2lhVAAICoDX9/R/9r930YsAwpBPzZBYJzVwUIAFBy03/cfn6vvqzfc2nbfs7azxthAAQA0PRjh4FTewdAAIC5Nf5l+/VH1/y5u/MuCKyVAgQAyLnxr9qvZ1V5m/imljYRnrafV20YuFAOEAAgh6afNvCddHf8hyoyuDQNeGF5AAQAmLL5n3R3/Br/+F6YCIAAAGM3/rS2/7Iy6p/ap6WBNgQ8VwoQAGDIxp8a/utqPqfyRbFtP08cMAS3/E1TArhR80/j/veaf5ZSMHvX/o1ednsyABMAcNdvGgCYAMDtmv9jd/2znQY8VwowAYC7NP+0ye9EJWYtTQF+86QACABwk8af1pDfuusvxrYLAd4xAN/+3ikBfG7+6bz+d5p/UerqcknA3xRMAODK5m8XebmeeK8ACACg+QsBIACA5q/5CwEgAIDmjxAAAgAU2fxT0/+g+Yf2yIFBhP4dVAKCNn93/rztpkBgAgBBAkB6zv+xSlBdnhNw7LAgTACg/Ob/XPPnK3V1efAThPMvJSBQ819Wly/2gX+EgEVrt/t0dDCEYQmAKM3fpj+uY1MgsX4XlYAgXmv+XHeNdEERBAAo5O4/rflb9+c6dft5pgxEYQmA0pu/0T+3ZSkAEwAowEvNnztcMyAAwIzv/tMhLyuV4JaO2mvnRBkonSUASg4A6bS/pUpwB+lgoIcOCMIEAObX/JeaP/eQlo1MATABgBkGgLTxr1YJTAHABIA4zX+l+WMKACYAxAsA1v4xBQATAII1/6XmjykAmAAQLwB41S+9TwGaZvdAGTABgHybf635M8QUoNtXAgIAZOoPJWAgvysBpbEEQEkTgI+VY38ZTtoMuFUGTAAgr+b/WPNnYCZMCACQoV+VgIHZX0JRLAFQwt1/uvP/qBKM4LhpdufKgAkAuDMjFpsBEQAgI78oAcIm3I4lAOafYu3+Z1yWATABgAya/1LzxxQABADisfufsVlyogiWAJj7BOB9+3WkEozsgTcEYgIA0zX/Q82fiSyVAAEA/AgTj+CJAAB+hAnIPgBmzx4A5pteDxbvTAGYStPs/H5iAgAmAAQMoK4/BACY4Me3rjz/jwAKAgB+fGFkPysBAgAIALgGQQCAEdiFjQAAAgABWf9n8muwO4wKBABw94XrEAQAGOaivXwCAHLgWkQAAD+6uBZBAIAhGbuSC48CIgDAiGy8wrUIAgAB/aQEZKJWAgQA8KOLaxEEAAAgX15nyfxS68Fipwpk5LhpdufKgAkAQCw2AiIAAAACAPR/wToFEBMAEAAISQAgNw6mQgAAAAQAAEAAAAAEAABAAAAABAD4kaUSkBmvBEYAAAjIOQAIAACAAAAACAAAgAAAAAgAcEMXSkBmtkqAAADDO1cCMvNfJUAAAAAEAABAAAAABAAAQAAAAAQA+IGtEpAZT6YgAMDQmmYnAJAbZ1MgAAAAAgAAIABAb6y54noEAYCArLmSjabZuR4RAAAAAQCGslUCMmH8jwAAI/L2NXJh/I8AAAAIADCkjRKQib+UAAEAABAAYEA2XuFaBAGAaDx3TUZciwgAMLKtEuA6BAEAP7wwOm+nRAAAAQDXIAgAMAKHASEAgABAQHZf4xoEAYCA7L5man8rAXO2UAJmm14PFjtVYEKPmma3UQZMAMAUANcfCAAwAmuwTKa9+3f9IQCAAIBrDwQAGItHAZnKVgkQAMBdGPH8RwkQAEAAwLUHAgCMpXsroJ3YTGGrBAgA4E6MeOHTdYcAABP7SwkY2UYJEABgelslwDUHAgDxGMUyNk8AIADA1KzFInTC3XgZEPNPsQeLd+3XUiUYKXT63cQEANyR4VoDAQCmYk0WAQAEAALaKAEj8dgpAgDkoml228qJgJgAgACAKQAM4MJTJwgAkB/7AHD3DwIAJgDQO+v/FMXzrJSTZg8WO1VgQI+aZidoIgBAhgHAgUAMxgFAFPebqQQUxIiWobjzRwAAP9IIlzB/RlqUlWjtA2AY1v8RACDzAGAfAL2z/k+Rv5dKQGGMaumbO38EAJiBMyWgZ38qASUy1qK8VHuw+Nh+HaoEPTl2BDAmADAPGyWgJ87/RwCAGTGypS+WlBAAwASAgGwqpVj2AFBmsj1YvG+/jlSCe3rQNLsLZcAEAEwBiONc80cAgPl5owTck70kFM0SAOWmW48Dcj8e/8MEAGbKDm7uaqv5IwDAfBnhIjzCD1gCoOyE6+2A3I23/2ECAO7kCOZC80cAgPmzDIDQCAIAfsxBaITEHgDKT7kHi7ft12OV4AbS+P+BMmACAO7oiMXECAEA/KgjLIIAALPVnee+VgmukQ7/ERYRAMCdHcFo/oRiEyBx0q53A3A1Z/9jAgDu8AjG2f8IAFCwUyXAtQGXLAEQK/EeLD60X7VK8I2HTbPbKgMmAOBOjzjONH8EACjfWgn4hidECMkSAPFSr6OB+cLRv5gAQCBvlIDOWgkwAYBYUwCbAUls/sMEAEwBCGaj+SMAQDyvlEAIVAIEAAjGC4LCSyf/+fsjAIA7QPztIRabAImdgA8W79uvI5UI50E3BQITAAjKyYDxrDV/MAEAjwTG47W/YAIAn1gPjmOj+YMJAOwnAIftV5oCHKpG8R61AWCjDGACAB4JjGOr+YMAAN+yGbB8L5QAvrAEAPs0fLB43X6tVKLYu/+HygACAHwvANTV5V4AyvPEyX8gAIApgLt/EACUAEwB3P2DAABCgCmAu38QAMAUAHf/IACAKQDu/kEAAFMA3P2DAACmALj7BwEAZh8AvCNgvn5rA8CZMsAVv3FKAN/XvSPAEcHzs9H8wQQA+pgCvG8/tWrMhjf+gQkA9DIF8BKZ+Vhr/mACAH1OAtIU4EglspbC2nEbALZKASYA0JenSpC9U80fTABgiCmAxwLz5bE/EABgsADgscB82fgHt/1NUwK4GRsCs3Wm+YMJAIwxCXjXfi1VIgs2/oEJAIzGhsB8vND8QQCAUbQN57yyFJCDdOLfK2WAu7EEAHdNz84GmJLRP5gAwGSeKMFkjP5BAIBpWAqYjNE/9MASANw3RVsKGJPRP5gAQDZ+6xoTw3uq+YMJAOQ0BVi1X69VYlDnbfM/VgYwAYBstI1p3X6tVWJQpiwgAECW0gFB58oACAAQawqQ7lA9GjicWgmgP/YAQN+p+mCxU4XBQpbfLDABgCybv7tUQACAgASAYQPWUhVAAIAcHSoBIABAPE4EHJYJAAgAkKWflWBQPykBCACQo1oJ1BfmwCM10Gei9gjg4DwKCCYAkFvzX6qCOoMAAPFoTOOw0RIEAMjKL0qgzjAX1tKgjyR9sEjP/39UiXHYBwAmAJCLx0owauBSbxAAIAu/KoF6w5wYo8H970br9uuDSowqvXr5YfcKZsAEACaxUoLRpT0XlgHABAAmnQB8rLwEaArbptk9VAYwAYApmv+J5j+Zuq3/ShnABADGbv6p8X8QAEwBwAQAYnmt+WcxBXiuDGACAGPd/a+6AEAejptmd64MIADAkM0/nUX/zt1/VrZdCPBYINz0t0wJQPMvQJ3+Lt2+DEAAgF6b/0rzz9pRFwK8LRAEAOil8aeNZm8rm/7mFAJOlAKuZg8A/Ljxp2afGskfGv8sbdrPi6bZbZQCBADQ+OM5az9P2yCwVQoQAEDjj2fdTQQEARAA4PPb/FLTX2n8YYLAG0sDCAAQt/Gnt8n9XnmrXFQpAJy2QeBMKRAAIMbd/qpr/LWKUF0eIvSm/bxykBACAJTV9Pfvjk9Nf6kiXGHdfv40FUAAgHk3fiN+7jsVWNs0iAAA82n6v3ZN34Y++pBeMnTafs4sESAAgKZPTGlp4E9hAAEANH2EAWEAAQA0fYQBYQABADR9hAEQAEDTRxgAAQA0fYQBEADQ9FUEYQAEADR9iGJdOX0QAQBNH8K62E8GhAEEADR9EAaEAQQAsm/6R9Xl2fsrTR96DQPr9vOmDQPnyoEAQG5NP93p1yoCg9p2k4FTLylCAGCKpl9XX16ve6QiMIk0DUhvLDwTBhAAGLLpH37V9JcqAlnZ7xdYKwUCAH01/v1mvpVqQPb2mwfTfoGNciAAcNumX7dff1TW9WHOtu3ntLJEgADANU1/P+JPjd+6PpRlPxXwSCECAJ8b/9FXd/se3YOy7R8p9BQBAoC7fXf7ENSmmwqslUIAoPzGX7dfz9ztA19Jk4D0OOHaVEAAoLzGv6o8vgdcb3/I0EYpBADm2/TTHf5J1/hrFQFuORV4YXlAAGBejT81e2N+oA9p02B6lNDygABAxo1/WX3ZzQ/Qt3U3FRAEBAAyafz73fxL1QBGsOmCwEYpBACmafyr6nLUX6sGIAggAGj8AGNKbyU8tWFQAEDjB2LaVp4cEADQ+IHQQeCp9w4IANy98S/br5eVo3qBedpU9ggIANy68ac7/qVqAIIAAkD5jb/uGv9KNYACrSvnCAgA/KPx74/sTc/yO7kPKN2rLghcKIUAELn5ryob/IB4LroQ8EopBIBojT9t7Esb/JaqAQSWzhB4an+AABCh8e/H/c9UA+CzdRcELAsIAEU2/3S3/7oy7gf4HssCAkCRd/2p8XtLH8D10rLAkzYInCvFwP1JCQZt/qnpf9D8AW4s7ZF63/5+PlcKEwB3/QAxbbtpwEYpBIA5NP+UXt9W1voB+pL2BpgICABZN/9Vdfl4nwN9APqV9gT85iTBHnuWEvTW/FPjf635AwxivzfA0qoJQFbNPzX+lUoAjOKpxwUFgKkbv81+ANNYtyHgiTIIAFM1/3fV5VgKgAlCQOUEQQFgggDwXvMHmFzaHPhICLhDH1OCOzX/15o/QBbSb/G7biqLCcDgzX+lEgB5TQKaZnesDCYAQzX/E80fIM9JQHeDhglA780/7fR/qxIAWfN0gADQa/P/tMZUOeQHYA6cEyAA9NL8Pe4HMD/p2OAzZRAA7hMAbPoDmJ/0WOCxdwdc0d+U4Mrmv9L8AWYpTW/fejzQBOAuzb9uv95X1v0B5symQAHg1gEgrfsvVQJg9uwHEABu3PzT8/4vVQKgCGk/wEPHBQsA1zX/ujL6ByjNpg0Aj5Thq36nBP/npeYPUJxlt7EbE4Dv3v077Q+gXJYCTACuvPsHoEyHfucFgO/d/T9vv2qVACjaqv29XyqDJYB980+p8ENl7R8gAq8ONgH47JnmDxDGkQ2BJgD7x/4++P8DQCjb6vJdAWE3BJoAXN79AxBLuvk7MQFw9w9APKEfC4w+AXD3DxDXYeQpQNgJgLt/ACJPASJPAFauewBTgKhTgJATAM/9A/D1FKBpdg9MAOLc/Wv+AHyaAkQ8FyDqBCDd/deueQA626bZPTQBKLv5P9b8AfhGHe0dARGXAH53nQMQvT+EWgLw6B8A13gQ5ZHAaBOAx65tAK6wMgEocwJg8x8AVwmzGTDMBKBt/keaPwDXqLt+IQAUxOY/APSLTpglAON/AG4oxDJAiAmA8T8AtxBiGSDKEoDxPwD6xldCLAEY/wNwS8UvAxQfABz+A8AdPWxDwLbY/hjgD+jwHwD0j4AB4BfXMAD6xz9FWALYuYYBuIum2RXbJ4ueAER7tSMA+ogAcEkAAEAfCRgArP8DoI98R9F7AKz/A3Bfpe4DKHYCYP0fAP0kYACorP8DoJ+EDAA/u2YB0E/iBYAj1ywA+sn3lbmx4WBx2H59dM0C0JMHTbO7MAGQ1gAwBRAAMrR0rQKgr8QLADYAAqCvBAwAtWsVAH3lx0rdBOgEQAB6VdqJgMVNAJwACMBA/aWojYAlLgEcukwBGEAtAOTNI4AA6C8BA4AnAADQXwIGAEsAAOgv1yjuKQBPAAAwlJKeBBAAACBgAChqCcAjgADoMwEDAAAQMwCYAACgz5gAAAARAoAzAADQZwIGAGcAAKDPBAwAAMANlPVqQ2cAADCwUs4CEAAAQAAQAAAgQgAoZg+AUwAB0G8CBgAAQAAAAAQAAKDUALD05wRAvzEBAAAEAABAAAAAAQAAEAAAAAEAABAAAAABIBv/9ucEgHgB4MifEwDiBYBzf04AiBcA/vbnBIB4AQAAAAAAAAAAAAAAAAAAAAAAAAAAAAAAAAAAAAAAAAAAAAAAAAAAAAAAAAAAAAAAAAAAAAAAAAAAAAAAAAAAAAAAAAAAAAAAAAAAAAAAAAAAAAAAAAAAAAAAAAAAAAAAAAAAAAAAAAAAAAAAAAAAAAAAAAAAAAAAAAAAAAAAAAAAABjZ/wQYAGVy88shRG24AAAAAElFTkSuQmCC','+2389899252','anilton.fortes@caixa.cv','2001-11-20 01:19:52','2021-01-27 16:20:18','2021-01-27 15:20:18',10,'Tcnico Superior',4235,1,0,1),('Ext',34,'testeExt','15e2b0d3c33891ebb0f1ef609ec419420c20e320ce94c65fbc8c3312448eb225','testeExt','iVBORw0KGgoAAAANSUhEUgAAAgAAAAIACAYAAAD0eNT6AAAAGXRFWHRTb2Z0d2FyZQBBZG9iZSBJbWFnZVJlYWR5ccllPAAAE3BJREFUeNrs3e11FEcWBuAebQArInATgaUIPERgHIGHCCwiACIARcAQAXIEjCNAGwGzESAn0LNdqAcwC/rsj+q6z3POnPHZH3vWV71z375VXV1VAAAAAAAAAAAAAAAAAAAAAAAAAAAAAAAAAAAAAAAAAAAAAAAAAAAAAAAAAAAAAAAAAAAAAAAAAAAAAAAAAAAAAAAAAAAAAAAAAAAAAAAAAAAAAAAAAAAAAAAAAAAAAAAAAAAAAAAAAAAAAAAAAAAAAAAAAAAAAAAAAAAAAAAAAAAAd7RQAijPwcHiqP06vO9/T9PsNqoJAgAwbVNPDX3f2I+6//iX7rvuPkO6aD/n3T+n77/bz3b/acPC1l8JBADg/o1+2X5+6hr7cib/88+7QPCf7p/PBQMQAIDvN/x9s/+5+64L+1dMk4NNFwo2lhVAAICoDX9/R/9r930YsAwpBPzZBYJzVwUIAFBy03/cfn6vvqzfc2nbfs7azxthAAQA0PRjh4FTewdAAIC5Nf5l+/VH1/y5u/MuCKyVAgQAyLnxr9qvZ1V5m/imljYRnrafV20YuFAOEAAgh6afNvCddHf8hyoyuDQNeGF5AAQAmLL5n3R3/Br/+F6YCIAAAGM3/rS2/7Iy6p/ap6WBNgQ8VwoQAGDIxp8a/utqPqfyRbFtP08cMAS3/E1TArhR80/j/veaf5ZSMHvX/o1ednsyABMAcNdvGgCYAMDtmv9jd/2znQY8VwowAYC7NP+0ye9EJWYtTQF+86QACABwk8af1pDfuusvxrYLAd4xAN/+3ikBfG7+6bz+d5p/UerqcknA3xRMAODK5m8XebmeeK8ACACg+QsBIACA5q/5CwEgAIDmjxAAAgAU2fxT0/+g+Yf2yIFBhP4dVAKCNn93/rztpkBgAgBBAkB6zv+xSlBdnhNw7LAgTACg/Ob/XPPnK3V1efAThPMvJSBQ819Wly/2gX+EgEVrt/t0dDCEYQmAKM3fpj+uY1MgsX4XlYAgXmv+XHeNdEERBAAo5O4/rflb9+c6dft5pgxEYQmA0pu/0T+3ZSkAEwAowEvNnztcMyAAwIzv/tMhLyuV4JaO2mvnRBkonSUASg4A6bS/pUpwB+lgoIcOCMIEAObX/JeaP/eQlo1MATABgBkGgLTxr1YJTAHABIA4zX+l+WMKACYAxAsA1v4xBQATAII1/6XmjykAmAAQLwB41S+9TwGaZvdAGTABgHybf635M8QUoNtXAgIAZOoPJWAgvysBpbEEQEkTgI+VY38ZTtoMuFUGTAAgr+b/WPNnYCZMCACQoV+VgIHZX0JRLAFQwt1/uvP/qBKM4LhpdufKgAkAuDMjFpsBEQAgI78oAcIm3I4lAOafYu3+Z1yWATABgAya/1LzxxQABADisfufsVlyogiWAJj7BOB9+3WkEozsgTcEYgIA0zX/Q82fiSyVAAEA/AgTj+CJAAB+hAnIPgBmzx4A5pteDxbvTAGYStPs/H5iAgAmAAQMoK4/BACY4Me3rjz/jwAKAgB+fGFkPysBAgAIALgGQQCAEdiFjQAAAgABWf9n8muwO4wKBABw94XrEAQAGOaivXwCAHLgWkQAAD+6uBZBAIAhGbuSC48CIgDAiGy8wrUIAgAB/aQEZKJWAgQA8KOLaxEEAAAgX15nyfxS68Fipwpk5LhpdufKgAkAQCw2AiIAAAACAPR/wToFEBMAEAAISQAgNw6mQgAAAAQAAEAAAAAEAABAAAAABAD4kaUSkBmvBEYAAAjIOQAIAACAAAAACAAAgAAAAAgAcEMXSkBmtkqAAADDO1cCMvNfJUAAAAAEAABAAAAABAAAQAAAAAQA+IGtEpAZT6YgAMDQmmYnAJAbZ1MgAAAAAgAAIABAb6y54noEAYCArLmSjabZuR4RAAAAAQCGslUCMmH8jwAAI/L2NXJh/I8AAAAIADCkjRKQib+UAAEAABAAYEA2XuFaBAGAaDx3TUZciwgAMLKtEuA6BAEAP7wwOm+nRAAAAQDXIAgAMAKHASEAgABAQHZf4xoEAYCA7L5man8rAXO2UAJmm14PFjtVYEKPmma3UQZMAMAUANcfCAAwAmuwTKa9+3f9IQCAAIBrDwQAGItHAZnKVgkQAMBdGPH8RwkQAEAAwLUHAgCMpXsroJ3YTGGrBAgA4E6MeOHTdYcAABP7SwkY2UYJEABgelslwDUHAgDxGMUyNk8AIADA1KzFInTC3XgZEPNPsQeLd+3XUiUYKXT63cQEANyR4VoDAQCmYk0WAQAEAALaKAEj8dgpAgDkoml228qJgJgAgACAKQAM4MJTJwgAkB/7AHD3DwIAJgDQO+v/FMXzrJSTZg8WO1VgQI+aZidoIgBAhgHAgUAMxgFAFPebqQQUxIiWobjzRwAAP9IIlzB/RlqUlWjtA2AY1v8RACDzAGAfAL2z/k+Rv5dKQGGMaumbO38EAJiBMyWgZ38qASUy1qK8VHuw+Nh+HaoEPTl2BDAmADAPGyWgJ87/RwCAGTGypS+WlBAAwASAgGwqpVj2AFBmsj1YvG+/jlSCe3rQNLsLZcAEAEwBiONc80cAgPl5owTck70kFM0SAOWmW48Dcj8e/8MEAGbKDm7uaqv5IwDAfBnhIjzCD1gCoOyE6+2A3I23/2ECAO7kCOZC80cAgPmzDIDQCAIAfsxBaITEHgDKT7kHi7ft12OV4AbS+P+BMmACAO7oiMXECAEA/KgjLIIAALPVnee+VgmukQ7/ERYRAMCdHcFo/oRiEyBx0q53A3A1Z/9jAgDu8AjG2f8IAFCwUyXAtQGXLAEQK/EeLD60X7VK8I2HTbPbKgMmAOBOjzjONH8EACjfWgn4hidECMkSAPFSr6OB+cLRv5gAQCBvlIDOWgkwAYBYUwCbAUls/sMEAEwBCGaj+SMAQDyvlEAIVAIEAAjGC4LCSyf/+fsjAIA7QPztIRabAImdgA8W79uvI5UI50E3BQITAAjKyYDxrDV/MAEAjwTG47W/YAIAn1gPjmOj+YMJAOwnAIftV5oCHKpG8R61AWCjDGACAB4JjGOr+YMAAN+yGbB8L5QAvrAEAPs0fLB43X6tVKLYu/+HygACAHwvANTV5V4AyvPEyX8gAIApgLt/EACUAEwB3P2DAABCgCmAu38QAMAUAHf/IACAKQDu/kEAAFMA3P2DAACmALj7BwEAZh8AvCNgvn5rA8CZMsAVv3FKAN/XvSPAEcHzs9H8wQQA+pgCvG8/tWrMhjf+gQkA9DIF8BKZ+Vhr/mACAH1OAtIU4EglspbC2nEbALZKASYA0JenSpC9U80fTABgiCmAxwLz5bE/EABgsADgscB82fgHt/1NUwK4GRsCs3Wm+YMJAIwxCXjXfi1VIgs2/oEJAIzGhsB8vND8QQCAUbQN57yyFJCDdOLfK2WAu7EEAHdNz84GmJLRP5gAwGSeKMFkjP5BAIBpWAqYjNE/9MASANw3RVsKGJPRP5gAQDZ+6xoTw3uq+YMJAOQ0BVi1X69VYlDnbfM/VgYwAYBstI1p3X6tVWJQpiwgAECW0gFB58oACAAQawqQ7lA9GjicWgmgP/YAQN+p+mCxU4XBQpbfLDABgCybv7tUQACAgASAYQPWUhVAAIAcHSoBIABAPE4EHJYJAAgAkKWflWBQPykBCACQo1oJ1BfmwCM10Gei9gjg4DwKCCYAkFvzX6qCOoMAAPFoTOOw0RIEAMjKL0qgzjAX1tKgjyR9sEjP/39UiXHYBwAmAJCLx0owauBSbxAAIAu/KoF6w5wYo8H970br9uuDSowqvXr5YfcKZsAEACaxUoLRpT0XlgHABAAmnQB8rLwEaArbptk9VAYwAYApmv+J5j+Zuq3/ShnABADGbv6p8X8QAEwBwAQAYnmt+WcxBXiuDGACAGPd/a+6AEAejptmd64MIADAkM0/nUX/zt1/VrZdCPBYINz0t0wJQPMvQJ3+Lt2+DEAAgF6b/0rzz9pRFwK8LRAEAOil8aeNZm8rm/7mFAJOlAKuZg8A/Ljxp2afGskfGv8sbdrPi6bZbZQCBADQ+OM5az9P2yCwVQoQAEDjj2fdTQQEARAA4PPb/FLTX2n8YYLAG0sDCAAQt/Gnt8n9XnmrXFQpAJy2QeBMKRAAIMbd/qpr/LWKUF0eIvSm/bxykBACAJTV9Pfvjk9Nf6kiXGHdfv40FUAAgHk3fiN+7jsVWNs0iAAA82n6v3ZN34Y++pBeMnTafs4sESAAgKZPTGlp4E9hAAEANH2EAWEAAQA0fYQBYQABADR9hAEQAEDTRxgAAQA0fYQBEADQ9FUEYQAEADR9iGJdOX0QAQBNH8K62E8GhAEEADR9EAaEAQQAsm/6R9Xl2fsrTR96DQPr9vOmDQPnyoEAQG5NP93p1yoCg9p2k4FTLylCAGCKpl9XX16ve6QiMIk0DUhvLDwTBhAAGLLpH37V9JcqAlnZ7xdYKwUCAH01/v1mvpVqQPb2mwfTfoGNciAAcNumX7dff1TW9WHOtu3ntLJEgADANU1/P+JPjd+6PpRlPxXwSCECAJ8b/9FXd/se3YOy7R8p9BQBAoC7fXf7ENSmmwqslUIAoPzGX7dfz9ztA19Jk4D0OOHaVEAAoLzGv6o8vgdcb3/I0EYpBADm2/TTHf5J1/hrFQFuORV4YXlAAGBejT81e2N+oA9p02B6lNDygABAxo1/WX3ZzQ/Qt3U3FRAEBAAyafz73fxL1QBGsOmCwEYpBACmafyr6nLUX6sGIAggAGj8AGNKbyU8tWFQAEDjB2LaVp4cEADQ+IHQQeCp9w4IANy98S/br5eVo3qBedpU9ggIANy68ac7/qVqAIIAAkD5jb/uGv9KNYACrSvnCAgA/KPx74/sTc/yO7kPKN2rLghcKIUAELn5ryob/IB4LroQ8EopBIBojT9t7Esb/JaqAQSWzhB4an+AABCh8e/H/c9UA+CzdRcELAsIAEU2/3S3/7oy7gf4HssCAkCRd/2p8XtLH8D10rLAkzYInCvFwP1JCQZt/qnpf9D8AW4s7ZF63/5+PlcKEwB3/QAxbbtpwEYpBIA5NP+UXt9W1voB+pL2BpgICABZN/9Vdfl4nwN9APqV9gT85iTBHnuWEvTW/FPjf635AwxivzfA0qoJQFbNPzX+lUoAjOKpxwUFgKkbv81+ANNYtyHgiTIIAFM1/3fV5VgKgAlCQOUEQQFgggDwXvMHmFzaHPhICLhDH1OCOzX/15o/QBbSb/G7biqLCcDgzX+lEgB5TQKaZnesDCYAQzX/E80fIM9JQHeDhglA780/7fR/qxIAWfN0gADQa/P/tMZUOeQHYA6cEyAA9NL8Pe4HMD/p2OAzZRAA7hMAbPoDmJ/0WOCxdwdc0d+U4Mrmv9L8AWYpTW/fejzQBOAuzb9uv95X1v0B5symQAHg1gEgrfsvVQJg9uwHEABu3PzT8/4vVQKgCGk/wEPHBQsA1zX/ujL6ByjNpg0Aj5Thq36nBP/npeYPUJxlt7EbE4Dv3v077Q+gXJYCTACuvPsHoEyHfucFgO/d/T9vv2qVACjaqv29XyqDJYB980+p8ENl7R8gAq8ONgH47JnmDxDGkQ2BJgD7x/4++P8DQCjb6vJdAWE3BJoAXN79AxBLuvk7MQFw9w9APKEfC4w+AXD3DxDXYeQpQNgJgLt/ACJPASJPAFauewBTgKhTgJATAM/9A/D1FKBpdg9MAOLc/Wv+AHyaAkQ8FyDqBCDd/deueQA626bZPTQBKLv5P9b8AfhGHe0dARGXAH53nQMQvT+EWgLw6B8A13gQ5ZHAaBOAx65tAK6wMgEocwJg8x8AVwmzGTDMBKBt/keaPwDXqLt+IQAUxOY/APSLTpglAON/AG4oxDJAiAmA8T8AtxBiGSDKEoDxPwD6xldCLAEY/wNwS8UvAxQfABz+A8AdPWxDwLbY/hjgD+jwHwD0j4AB4BfXMAD6xz9FWALYuYYBuIum2RXbJ4ueAER7tSMA+ogAcEkAAEAfCRgArP8DoI98R9F7AKz/A3Bfpe4DKHYCYP0fAP0kYACorP8DoJ+EDAA/u2YB0E/iBYAj1ywA+sn3lbmx4WBx2H59dM0C0JMHTbO7MAGQ1gAwBRAAMrR0rQKgr8QLADYAAqCvBAwAtWsVAH3lx0rdBOgEQAB6VdqJgMVNAJwACMBA/aWojYAlLgEcukwBGEAtAOTNI4AA6C8BA4AnAADQXwIGAEsAAOgv1yjuKQBPAAAwlJKeBBAAACBgAChqCcAjgADoMwEDAAAQMwCYAACgz5gAAAARAoAzAADQZwIGAGcAAKDPBAwAAMANlPVqQ2cAADCwUs4CEAAAQAAQAAAgQgAoZg+AUwAB0G8CBgAAQAAAAAQAAKDUALD05wRAvzEBAAAEAABAAAAAAQAAEAAAAAEAABAAAAABIBv/9ucEgHgB4MifEwDiBYBzf04AiBcA/vbnBIB4AQAAAAAAAAAAAAAAAAAAAAAAAAAAAAAAAAAAAAAAAAAAAAAAAAAAAAAAAAAAAAAAAAAAAAAAAAAAAAAAAAAAAAAAAAAAAAAAAAAAAAAAAAAAAAAAAAAAAAAAAAAAAAAAAAAAAAAAAAAAAAAAAAAAAAAAAAAAAAAAAAAAAAAAAAAAABjZ/wQYAGVy88shRG24AAAAAElFTkSuQmCC','+2389899252','Ext@gmail.com','2020-12-20 10:27:17','2020-12-21 21:46:22','2021-12-20 08:46:22',14,'Ext',0,1,1,0);
/*!40000 ALTER TABLE `utilizador` ENABLE KEYS */;
UNLOCK TABLES;

--
-- Dumping routines for database 'monogerador'
--
/*!40103 SET TIME_ZONE=@OLD_TIME_ZONE */;

/*!40101 SET SQL_MODE=@OLD_SQL_MODE */;
/*!40014 SET FOREIGN_KEY_CHECKS=@OLD_FOREIGN_KEY_CHECKS */;
/*!40014 SET UNIQUE_CHECKS=@OLD_UNIQUE_CHECKS */;
/*!40101 SET CHARACTER_SET_CLIENT=@OLD_CHARACTER_SET_CLIENT */;
/*!40101 SET CHARACTER_SET_RESULTS=@OLD_CHARACTER_SET_RESULTS */;
/*!40101 SET COLLATION_CONNECTION=@OLD_COLLATION_CONNECTION */;
/*!40111 SET SQL_NOTES=@OLD_SQL_NOTES */;

-- Dump completed on 2021-02-24 16:07:35
